{
  "test1": {
    "mse": {
      "mean": 0.0009419468115083873,
      "std": 0.005478901322931051,
      "variance": 3.0018360121175647e-05,
      "count": 2199288
    },
    "nmse": {
      "mean": 107292520.0,
      "std": 6990895616.0,
      "variance": 4.887262335157351e+19,
      "count": 2199288
    },
    "mae": {
      "mean": 0.014103878289461136,
      "std": 0.027258528396487236,
      "variance": 0.0007430274272337556,
      "count": 2199288
    },
    "nmae": {
      "mean": 184.78903198242188,
      "std": 10356.5615234375,
      "variance": 107258376.0,
      "count": 2199288
    },
    "relative_mse": {
      "mean": 107292520.0,
      "std": 6990895616.0,
      "variance": 4.887262335157351e+19,
      "count": 2199288
    }
  },
  "test2": {
    "mse": {
      "mean": 0.0008087294991128147,
      "std": 0.004488129634410143,
      "variance": 2.0143308574915864e-05,
      "count": 552216
    },
    "nmse": {
      "mean": 0.3717633783817291,
      "std": 4.174283027648926,
      "variance": 17.424640655517578,
      "count": 552216
    },
    "mae": {
      "mean": 0.013201509602367878,
      "std": 0.025188282132148743,
      "variance": 0.0006344495923258364,
      "count": 552216
    },
    "nmae": {
      "mean": 0.2987414598464966,
      "std": 0.5315232276916504,
      "variance": 0.2825169265270233,
      "count": 552216
    },
    "relative_mse": {
      "mean": 0.2368430197238922,
      "std": 2.057594060897827,
      "variance": 4.233693599700928,
      "count": 552216
    }
  }
}