{
  "test1": {
    "mse": {
      "mean": 11.564478874206543,
      "std": 54.46129608154297,
      "variance": 2966.03271484375,
      "count": 1090872
    },
    "nmse": {
      "mean": 0.2404158115386963,
      "std": 1.5721123218536377,
      "variance": 2.4715371131896973,
      "count": 1090872
    },
    "mae": {
      "mean": 1.7340353727340698,
      "std": 2.925337791442871,
      "variance": 8.557600975036621,
      "count": 1090872
    },
    "nmae": {
      "mean": 0.23682387173175812,
      "std": 0.4293369948863983,
      "variance": 0.18433025479316711,
      "count": 1090872
    },
    "relative_mse": {
      "mean": 0.8962476253509521,
      "std": 6.534623622894287,
      "variance": 42.70130920410156,
      "count": 1090872
    }
  },
  "test2": {
    "mse": {
      "mean": 9.265539169311523,
      "std": 35.831764221191406,
      "variance": 1283.915283203125,
      "count": 280224
    },
    "nmse": {
      "mean": 0.2327897548675537,
      "std": 1.3675482273101807,
      "variance": 1.8701881170272827,
      "count": 280224
    },
    "mae": {
      "mean": 1.6413592100143433,
      "std": 2.5634894371032715,
      "variance": 6.571478843688965,
      "count": 280224
    },
    "nmae": {
      "mean": 0.2393534928560257,
      "std": 0.41892680525779724,
      "variance": 0.17549966275691986,
      "count": 280224
    },
    "relative_mse": {
      "mean": 0.8521507382392883,
      "std": 5.587728500366211,
      "variance": 31.222707748413086,
      "count": 280224
    }
  }
}