{
  "test1": {
    "mse": {
      "mean": 21.435514450073242,
      "std": 77.19108581542969,
      "variance": 5958.46337890625,
      "count": 1043784
    },
    "nmse": {
      "mean": 0.3167925775051117,
      "std": 0.8102601170539856,
      "variance": 0.6565214395523071,
      "count": 1043784
    },
    "mae": {
      "mean": 2.4775173664093018,
      "std": 3.9111921787261963,
      "variance": 15.297423362731934,
      "count": 1043784
    },
    "nmae": {
      "mean": 0.31878530979156494,
      "std": 0.4638626277446747,
      "variance": 0.2151685357093811,
      "count": 1043784
    },
    "relative_mse": {
      "mean": 0.9776977300643921,
      "std": 2.84122371673584,
      "variance": 8.072551727294922,
      "count": 1043784
    }
  },
  "test2": {
    "mse": {
      "mean": 17.441736221313477,
      "std": 50.967620849609375,
      "variance": 2597.6982421875,
      "count": 268128
    },
    "nmse": {
      "mean": 0.32046476006507874,
      "std": 0.8025142550468445,
      "variance": 0.6440290808677673,
      "count": 268128
    },
    "mae": {
      "mean": 2.3514506816864014,
      "std": 3.451436996459961,
      "variance": 11.912418365478516,
      "count": 268128
    },
    "nmae": {
      "mean": 0.32303541898727417,
      "std": 0.46487942337989807,
      "variance": 0.21611288189888,
      "count": 268128
    },
    "relative_mse": {
      "mean": 0.9791994094848633,
      "std": 2.7897708415985107,
      "variance": 7.782821178436279,
      "count": 268128
    }
  },
  "valid1": {
    "mse": {
      "mean": 16.702632904052734
    },
    "nmse": {
      "mean": 0.17390239238739014
    },
    "mae": {
      "mean": 2.2244904041290283
    },
    "nmae": {
      "mean": 0.24490542709827423
    },
    "relative_mse": {
      "mean": 0.33499792218208313
    }
  },
  "valid2": {
    "mse": {
      "mean": 13.329524040222168
    },
    "nmse": {
      "mean": 0.17744691669940948
    },
    "mae": {
      "mean": 2.110457420349121
    },
    "nmae": {
      "mean": 0.24859130382537842
    },
    "relative_mse": {
      "mean": 0.335089772939682
    }
  }
}