{
  "test1": {
    "mse": {
      "mean": 0.0008023183909244835,
      "std": 0.0048773447051644325,
      "variance": 2.3788488761056215e-05,
      "count": 1964928
    },
    "nmse": {
      "mean": 0.30288857221603394,
      "std": 3.0372838973999023,
      "variance": 9.225092887878418,
      "count": 1964928
    },
    "mae": {
      "mean": 0.012663699686527252,
      "std": 0.02533671446144581,
      "variance": 0.0006419491255655885,
      "count": 1964928
    },
    "nmae": {
      "mean": 0.26368993520736694,
      "std": 0.4830695688724518,
      "variance": 0.23335620760917664,
      "count": 1964928
    },
    "relative_mse": {
      "mean": 0.221231609582901,
      "std": 3.2049381732940674,
      "variance": 10.271629333496094,
      "count": 1964928
    }
  },
  "test2": {
    "mse": {
      "mean": 0.0008635374251753092,
      "std": 0.004596472717821598,
      "variance": 2.112756010319572e-05,
      "count": 491232
    },
    "nmse": {
      "mean": 0.29080528020858765,
      "std": 2.2020554542541504,
      "variance": 4.849048137664795,
      "count": 491232
    },
    "mae": {
      "mean": 0.013938595540821552,
      "std": 0.02586992457509041,
      "variance": 0.000669253000523895,
      "count": 491232
    },
    "nmae": {
      "mean": 0.27156227827072144,
      "std": 0.4658961594104767,
      "variance": 0.21705922484397888,
      "count": 491232
    },
    "relative_mse": {
      "mean": 0.19347897171974182,
      "std": 1.2641026973724365,
      "variance": 1.5979554653167725,
      "count": 491232
    }
  }
}