{
  "test1": {
    "mse": {
      "mean": 0.0008205065969377756,
      "std": 0.004924763925373554,
      "variance": 2.4253298761323094e-05,
      "count": 1967784
    },
    "nmse": {
      "mean": 0.30552804470062256,
      "std": 3.0411505699157715,
      "variance": 9.248597145080566,
      "count": 1967784
    },
    "mae": {
      "mean": 0.012859221547842026,
      "std": 0.02559584006667137,
      "variance": 0.0006551469559781253,
      "count": 1967784
    },
    "nmae": {
      "mean": 0.2647351622581482,
      "std": 0.48522499203681946,
      "variance": 0.23544330894947052,
      "count": 1967784
    },
    "relative_mse": {
      "mean": 0.22121743857860565,
      "std": 3.20723819732666,
      "variance": 10.286377906799316,
      "count": 1967784
    }
  },
  "test2": {
    "mse": {
      "mean": 0.0007650553015992045,
      "std": 0.004358922131359577,
      "variance": 1.9000202883034945e-05,
      "count": 494088
    },
    "nmse": {
      "mean": 0.2755805552005768,
      "std": 2.1558289527893066,
      "variance": 4.6475982666015625,
      "count": 494088
    },
    "mae": {
      "mean": 0.012737168930470943,
      "std": 0.024552391842007637,
      "variance": 0.0006028198986314237,
      "count": 494088
    },
    "nmae": {
      "mean": 0.25982123613357544,
      "std": 0.45615071058273315,
      "variance": 0.2080734670162201,
      "count": 494088
    },
    "relative_mse": {
      "mean": 0.1917458027601242,
      "std": 1.3402888774871826,
      "variance": 1.7963742017745972,
      "count": 494088
    }
  }
}