{
  "test1": {
    "mse": {
      "mean": 0.0014022875111550093,
      "std": 0.005519579164683819,
      "variance": 3.046575511689298e-05,
      "count": 1736280
    },
    "nmse": {
      "mean": 0.679058849811554,
      "std": 3.696795701980591,
      "variance": 13.666297912597656,
      "count": 1736280
    },
    "mae": {
      "mean": 0.022502748295664787,
      "std": 0.029931820929050446,
      "variance": 0.0008959138649515808,
      "count": 1736280
    },
    "nmae": {
      "mean": 0.5092217922210693,
      "std": 0.6478826999664307,
      "variance": 0.4197520315647125,
      "count": 1736280
    },
    "relative_mse": {
      "mean": 0.4137430191040039,
      "std": 3.635056972503662,
      "variance": 13.213639259338379,
      "count": 1736280
    }
  },
  "test2": {
    "mse": {
      "mean": 0.0015324850101023912,
      "std": 0.0067530181258916855,
      "variance": 4.560325396596454e-05,
      "count": 435960
    },
    "nmse": {
      "mean": 0.6422007083892822,
      "std": 4.414041996002197,
      "variance": 19.483766555786133,
      "count": 435960
    },
    "mae": {
      "mean": 0.023001980036497116,
      "std": 0.03167639300227165,
      "variance": 0.001003393903374672,
      "count": 435960
    },
    "nmae": {
      "mean": 0.5050894021987915,
      "std": 0.622161865234375,
      "variance": 0.3870854079723358,
      "count": 435960
    },
    "relative_mse": {
      "mean": 0.418681263923645,
      "std": 2.492913007736206,
      "variance": 6.214615345001221,
      "count": 435960
    }
  }
}