{
  "test1": {
    "mse": {
      "mean": 618551.4375,
      "std": 9733721.0,
      "variance": 94745317605376.0,
      "count": 1254960
    },
    "nmse": {
      "mean": 203.578125,
      "std": 4499.876953125,
      "variance": 20248892.0,
      "count": 1254960
    },
    "mae": {
      "mean": 249.83677673339844,
      "std": 745.7432861328125,
      "variance": 556133.0625,
      "count": 1254960
    },
    "nmae": {
      "mean": 2.4530224800109863,
      "std": 14.055632591247559,
      "variance": 197.56080627441406,
      "count": 1254960
    },
    "relative_mse": {
      "mean": 3.3251569271087646,
      "std": 39.82862854003906,
      "variance": 1586.319580078125,
      "count": 1254960
    }
  },
  "test2": {
    "mse": {
      "mean": 87847016.0,
      "std": 1376722048.0,
      "variance": 1.8953634327277076e+18,
      "count": 317520
    },
    "nmse": {
      "mean": 2.78039288520813,
      "std": 18.69788360595703,
      "variance": 349.6108703613281,
      "count": 317520
    },
    "mae": {
      "mean": 1327.908203125,
      "std": 9278.12890625,
      "variance": 86083680.0,
      "count": 317520
    },
    "nmae": {
      "mean": 0.7770830392837524,
      "std": 1.4753084182739258,
      "variance": 2.17653489112854,
      "count": 317520
    },
    "relative_mse": {
      "mean": 0.23778298497200012,
      "std": 1.7402286529541016,
      "variance": 3.028395891189575,
      "count": 317520
    }
  }
}