{
  "test1": {
    "mse": {
      "mean": 14.479096412658691,
      "std": 62.77790451049805,
      "variance": 3941.0654296875,
      "count": 1127496
    },
    "nmse": {
      "mean": 1.139604091644287,
      "std": 10.283709526062012,
      "variance": 105.75468444824219,
      "count": 1127496
    },
    "mae": {
      "mean": 2.1678264141082764,
      "std": 3.127239465713501,
      "variance": 9.779626846313477,
      "count": 1127496
    },
    "nmae": {
      "mean": 0.4362794756889343,
      "std": 0.9743019342422485,
      "variance": 0.9492642283439636,
      "count": 1127496
    },
    "relative_mse": {
      "mean": 4.730926990509033,
      "std": 51.208126068115234,
      "variance": 2622.272216796875,
      "count": 1127496
    }
  },
  "test2": {
    "mse": {
      "mean": 15.648374557495117,
      "std": 67.46151733398438,
      "variance": 4551.056640625,
      "count": 289632
    },
    "nmse": {
      "mean": 1.0308606624603271,
      "std": 8.77550983428955,
      "variance": 77.00957489013672,
      "count": 289632
    },
    "mae": {
      "mean": 2.2508811950683594,
      "std": 3.2529842853546143,
      "variance": 10.581907272338867,
      "count": 289632
    },
    "nmae": {
      "mean": 0.42441731691360474,
      "std": 0.9223505854606628,
      "variance": 0.8507306575775146,
      "count": 289632
    },
    "relative_mse": {
      "mean": 4.12296724319458,
      "std": 40.724647521972656,
      "variance": 1658.4969482421875,
      "count": 289632
    }
  }
}