{
  "test1": {
    "mse": {
      "mean": 16.21533203125,
      "std": 68.24067687988281,
      "variance": 4656.7900390625,
      "count": 1127496
    },
    "nmse": {
      "mean": 1.2689392566680908,
      "std": 11.271900177001953,
      "variance": 127.05573272705078,
      "count": 1127496
    },
    "mae": {
      "mean": 2.353956937789917,
      "std": 3.2671422958374023,
      "variance": 10.674219131469727,
      "count": 1127496
    },
    "nmae": {
      "mean": 0.4671300947666168,
      "std": 1.0250505208969116,
      "variance": 1.050728678703308,
      "count": 1127496
    },
    "relative_mse": {
      "mean": 5.272436618804932,
      "std": 56.299644470214844,
      "variance": 3169.650146484375,
      "count": 1127496
    }
  },
  "test2": {
    "mse": {
      "mean": 17.551210403442383,
      "std": 73.04535675048828,
      "variance": 5335.62451171875,
      "count": 289632
    },
    "nmse": {
      "mean": 1.1487778425216675,
      "std": 9.64416790008545,
      "variance": 93.00997161865234,
      "count": 289632
    },
    "mae": {
      "mean": 2.4476611614227295,
      "std": 3.400024175643921,
      "variance": 11.560164451599121,
      "count": 289632
    },
    "nmae": {
      "mean": 0.45532381534576416,
      "std": 0.9702876210212708,
      "variance": 0.9414581060409546,
      "count": 289632
    },
    "relative_mse": {
      "mean": 4.60705041885376,
      "std": 45.0802001953125,
      "variance": 2032.2244873046875,
      "count": 289632
    }
  }
}