{
  "test1": {
    "mse": {
      "mean": 18.550209045410156,
      "std": 58.079864501953125,
      "variance": 3373.2705078125,
      "count": 1043784
    },
    "nmse": {
      "mean": 0.3137347400188446,
      "std": 0.7796728014945984,
      "variance": 0.607889711856842,
      "count": 1043784
    },
    "mae": {
      "mean": 2.398643732070923,
      "std": 3.5772502422332764,
      "variance": 12.796719551086426,
      "count": 1043784
    },
    "nmae": {
      "mean": 0.32340767979621887,
      "std": 0.4573207199573517,
      "variance": 0.20914223790168762,
      "count": 1043784
    },
    "relative_mse": {
      "mean": 0.9666895270347595,
      "std": 2.7572929859161377,
      "variance": 7.602664470672607,
      "count": 1043784
    }
  },
  "test2": {
    "mse": {
      "mean": 27.982860565185547,
      "std": 108.25997924804688,
      "variance": 11720.2236328125,
      "count": 268128
    },
    "nmse": {
      "mean": 0.3228491246700287,
      "std": 0.8244917392730713,
      "variance": 0.6797866225242615,
      "count": 268128
    },
    "mae": {
      "mean": 2.796226978302002,
      "std": 4.490431308746338,
      "variance": 20.16397476196289,
      "count": 268128
    },
    "nmae": {
      "mean": 0.3257904052734375,
      "std": 0.4655209183692932,
      "variance": 0.21670973300933838,
      "count": 268128
    },
    "relative_mse": {
      "mean": 1.0204176902770996,
      "std": 2.9637670516967773,
      "variance": 8.783914566040039,
      "count": 268128
    }
  },
  "valid1": {
    "mse": {
      "mean": 15.001557350158691
    },
    "nmse": {
      "mean": 0.1783185750246048
    },
    "mae": {
      "mean": 2.1930389404296875
    },
    "nmae": {
      "mean": 0.2527224123477936
    },
    "relative_mse": {
      "mean": 0.3412497937679291
    }
  },
  "valid2": {
    "mse": {
      "mean": 21.49024772644043
    },
    "nmse": {
      "mean": 0.1784425973892212
    },
    "mae": {
      "mean": 2.5141501426696777
    },
    "nmae": {
      "mean": 0.25158149003982544
    },
    "relative_mse": {
      "mean": 0.3483642339706421
    }
  }
}