{
  "test1": {
    "mse": {
      "mean": 4381735.0,
      "std": 145623584.0,
      "variance": 2.120622707782451e+16,
      "count": 1266912
    },
    "nmse": {
      "mean": 0.32641640305519104,
      "std": 12.191120147705078,
      "variance": 148.62339782714844,
      "count": 1266912
    },
    "mae": {
      "mean": 262.97357177734375,
      "std": 2076.67529296875,
      "variance": 4312580.0,
      "count": 1266912
    },
    "nmae": {
      "mean": 0.34545445442199707,
      "std": 0.45505785942077637,
      "variance": 0.20707766711711884,
      "count": 1266912
    },
    "relative_mse": {
      "mean": 0.05181429907679558,
      "std": 0.8474642634391785,
      "variance": 0.7181957364082336,
      "count": 1266912
    }
  },
  "test2": {
    "mse": {
      "mean": 97891.3984375,
      "std": 876458.8125,
      "variance": 768180027392.0,
      "count": 320544
    },
    "nmse": {
      "mean": 0.3212639391422272,
      "std": 8.934348106384277,
      "variance": 79.82257843017578,
      "count": 320544
    },
    "mae": {
      "mean": 122.07656860351562,
      "std": 288.07763671875,
      "variance": 82988.71875,
      "count": 320544
    },
    "nmae": {
      "mean": 0.3414914906024933,
      "std": 0.45237982273101807,
      "variance": 0.2046475112438202,
      "count": 320544
    },
    "relative_mse": {
      "mean": 0.08474995940923691,
      "std": 1.2631351947784424,
      "variance": 1.5955106019973755,
      "count": 320544
    }
  }
}