{
  "test1": {
    "mse": {
      "mean": 0.0007998619694262743,
      "std": 0.00489425053820014,
      "variance": 2.395368937868625e-05,
      "count": 1964928
    },
    "nmse": {
      "mean": 0.3005782663822174,
      "std": 3.0273993015289307,
      "variance": 9.165146827697754,
      "count": 1964928
    },
    "mae": {
      "mean": 0.012564784847199917,
      "std": 0.02533748373389244,
      "variance": 0.0006419881246984005,
      "count": 1964928
    },
    "nmae": {
      "mean": 0.2607228755950928,
      "std": 0.48228809237480164,
      "variance": 0.2326018065214157,
      "count": 1964928
    },
    "relative_mse": {
      "mean": 0.21981629729270935,
      "std": 3.2006702423095703,
      "variance": 10.244290351867676,
      "count": 1964928
    }
  },
  "test2": {
    "mse": {
      "mean": 0.0008609951473772526,
      "std": 0.004606290720403194,
      "variance": 2.121791294484865e-05,
      "count": 491232
    },
    "nmse": {
      "mean": 0.2889775037765503,
      "std": 2.2000443935394287,
      "variance": 4.840195178985596,
      "count": 491232
    },
    "mae": {
      "mean": 0.013842574320733547,
      "std": 0.025872347876429558,
      "variance": 0.0006693783216178417,
      "count": 491232
    },
    "nmae": {
      "mean": 0.26891177892684937,
      "std": 0.4654717445373535,
      "variance": 0.21666394174098969,
      "count": 491232
    },
    "relative_mse": {
      "mean": 0.19243329763412476,
      "std": 1.2619044780731201,
      "variance": 1.5924028158187866,
      "count": 491232
    }
  }
}