{
  "test1": {
    "mse": {
      "mean": 0.0008201990858651698,
      "std": 0.004942316561937332,
      "variance": 2.4426490199402906e-05,
      "count": 1967784
    },
    "nmse": {
      "mean": 0.30386728048324585,
      "std": 3.0306737422943115,
      "variance": 9.184983253479004,
      "count": 1967784
    },
    "mae": {
      "mean": 0.012801463715732098,
      "std": 0.025618774816393852,
      "variance": 0.00065632164478302,
      "count": 1967784
    },
    "nmae": {
      "mean": 0.2628447413444519,
      "std": 0.4845409393310547,
      "variance": 0.23477992415428162,
      "count": 1967784
    },
    "relative_mse": {
      "mean": 0.22025860846042633,
      "std": 3.2087717056274414,
      "variance": 10.296216011047363,
      "count": 1967784
    }
  },
  "test2": {
    "mse": {
      "mean": 0.0007635358488187194,
      "std": 0.004365552216768265,
      "variance": 1.90580449270783e-05,
      "count": 494088
    },
    "nmse": {
      "mean": 0.27407306432724,
      "std": 2.148806095123291,
      "variance": 4.617367267608643,
      "count": 494088
    },
    "mae": {
      "mean": 0.012667013332247734,
      "std": 0.02455774135887623,
      "variance": 0.0006030826480127871,
      "count": 494088
    },
    "nmae": {
      "mean": 0.2579839527606964,
      "std": 0.4555407166481018,
      "variance": 0.2075173407793045,
      "count": 494088
    },
    "relative_mse": {
      "mean": 0.19089242815971375,
      "std": 1.3367745876312256,
      "variance": 1.786966323852539,
      "count": 494088
    }
  }
}