{
  "test1": {
    "mse": {
      "mean": 0.0008089645416475832,
      "std": 0.004812960978597403,
      "variance": 2.3164591766544618e-05,
      "count": 1852032
    },
    "nmse": {
      "mean": 0.2829968333244324,
      "std": 2.4111545085906982,
      "variance": 5.813666343688965,
      "count": 1852032
    },
    "mae": {
      "mean": 0.013039431534707546,
      "std": 0.025277219712734222,
      "variance": 0.0006389378104358912,
      "count": 1852032
    },
    "nmae": {
      "mean": 0.2635457515716553,
      "std": 0.4621043801307678,
      "variance": 0.2135404646396637,
      "count": 1852032
    },
    "relative_mse": {
      "mean": 0.20369957387447357,
      "std": 1.6295270919799805,
      "variance": 2.6553587913513184,
      "count": 1852032
    }
  },
  "test2": {
    "mse": {
      "mean": 0.0007273440132848918,
      "std": 0.004289150238037109,
      "variance": 1.8396807718090713e-05,
      "count": 465024
    },
    "nmse": {
      "mean": 0.31243911385536194,
      "std": 3.786811351776123,
      "variance": 14.339940071105957,
      "count": 465024
    },
    "mae": {
      "mean": 0.01244144793599844,
      "std": 0.02392810955643654,
      "variance": 0.0005725544178858399,
      "count": 465024
    },
    "nmae": {
      "mean": 0.2658676207065582,
      "std": 0.4916843771934509,
      "variance": 0.24175353348255157,
      "count": 465024
    },
    "relative_mse": {
      "mean": 0.22159118950366974,
      "std": 2.2442734241485596,
      "variance": 5.0367631912231445,
      "count": 465024
    }
  }
}