{
  "test1": {
    "mse": {
      "mean": 0.0008104371372610331,
      "std": 0.004803192336112261,
      "variance": 2.3070657334756106e-05,
      "count": 2298504
    },
    "nmse": {
      "mean": 0.33319205045700073,
      "std": 7.442582607269287,
      "variance": 55.39204025268555,
      "count": 2298504
    },
    "mae": {
      "mean": 0.013119994662702084,
      "std": 0.02526465617120266,
      "variance": 0.0006383028230629861,
      "count": 2298504
    },
    "nmae": {
      "mean": 0.2733083665370941,
      "std": 0.5084236264228821,
      "variance": 0.2584945857524872,
      "count": 2298504
    },
    "relative_mse": {
      "mean": 1.1228498220443726,
      "std": 265.1048889160156,
      "variance": 70280.6015625,
      "count": 2298504
    }
  },
  "test2": {
    "mse": {
      "mean": 0.0007026880630291998,
      "std": 0.003997122403234243,
      "variance": 1.5976987924659625e-05,
      "count": 577128
    },
    "nmse": {
      "mean": 0.3132050633430481,
      "std": 3.4779157638549805,
      "variance": 12.095897674560547,
      "count": 577128
    },
    "mae": {
      "mean": 0.012333694845438004,
      "std": 0.023464186117053032,
      "variance": 0.0005505680455826223,
      "count": 577128
    },
    "nmae": {
      "mean": 0.2738443911075592,
      "std": 0.4880720376968384,
      "variance": 0.23821431398391724,
      "count": 577128
    },
    "relative_mse": {
      "mean": 0.3466196656227112,
      "std": 23.057910919189453,
      "variance": 531.6672973632812,
      "count": 577128
    }
  }
}