{
  "test1": {
    "mse": {
      "mean": 0.0007851504487916827,
      "std": 0.004686499945819378,
      "variance": 2.1963280232739635e-05,
      "count": 2295168
    },
    "nmse": {
      "mean": 0.3232733905315399,
      "std": 5.274735927581787,
      "variance": 27.822839736938477,
      "count": 2295168
    },
    "mae": {
      "mean": 0.01287754625082016,
      "std": 0.024886125698685646,
      "variance": 0.0006193192093633115,
      "count": 2295168
    },
    "nmae": {
      "mean": 0.27238723635673523,
      "std": 0.499077707529068,
      "variance": 0.24907854199409485,
      "count": 2295168
    },
    "relative_mse": {
      "mean": 0.7345811128616333,
      "std": 163.75747680664062,
      "variance": 26816.51171875,
      "count": 2295168
    }
  },
  "test2": {
    "mse": {
      "mean": 0.000801389105618,
      "std": 0.004478424321860075,
      "variance": 2.0056284483871423e-05,
      "count": 573792
    },
    "nmse": {
      "mean": 0.3493041694164276,
      "std": 11.059903144836426,
      "variance": 122.32146453857422,
      "count": 573792
    },
    "mae": {
      "mean": 0.013412906788289547,
      "std": 0.024929560720920563,
      "variance": 0.0006214830209501088,
      "count": 573792
    },
    "nmae": {
      "mean": 0.27718016505241394,
      "std": 0.5219916701316833,
      "variance": 0.27247533202171326,
      "count": 573792
    },
    "relative_mse": {
      "mean": 1.9030522108078003,
      "std": 417.94189453125,
      "variance": 174675.421875,
      "count": 573792
    }
  },
  "valid1": {
    "mse": {
      "mean": 0.0006101557519286871
    },
    "nmse": {
      "mean": 0.2633140981197357
    },
    "mae": {
      "mean": 0.010863563045859337
    },
    "nmae": {
      "mean": 0.23916536569595337
    },
    "relative_mse": {
      "mean": 0.16475389897823334
    }
  },
  "valid2": {
    "mse": {
      "mean": 0.000633696501608938
    },
    "nmse": {
      "mean": 0.3366907835006714
    },
    "mae": {
      "mean": 0.01142662763595581
    },
    "nmae": {
      "mean": 0.24419574439525604
    },
    "relative_mse": {
      "mean": 0.20866696536540985
    }
  }
}