{
  "test1": {
    "mse": {
      "mean": 20.50969696044922,
      "std": 78.3184585571289,
      "variance": 6133.78125,
      "count": 1062096
    },
    "nmse": {
      "mean": 0.29312020540237427,
      "std": 0.7419701814651489,
      "variance": 0.5505197644233704,
      "count": 1062096
    },
    "mae": {
      "mean": 2.4804372787475586,
      "std": 3.7890801429748535,
      "variance": 14.357128143310547,
      "count": 1062096
    },
    "nmae": {
      "mean": 0.31808602809906006,
      "std": 0.438111275434494,
      "variance": 0.19194148480892181,
      "count": 1062096
    },
    "relative_mse": {
      "mean": 0.8797799348831177,
      "std": 2.397576332092285,
      "variance": 5.748372554779053,
      "count": 1062096
    }
  },
  "test2": {
    "mse": {
      "mean": 22.799161911010742,
      "std": 86.56097412109375,
      "variance": 7492.8017578125,
      "count": 272832
    },
    "nmse": {
      "mean": 0.2967948317527771,
      "std": 0.7495503425598145,
      "variance": 0.5618257522583008,
      "count": 272832
    },
    "mae": {
      "mean": 2.6091482639312744,
      "std": 3.9989380836486816,
      "variance": 15.991506576538086,
      "count": 272832
    },
    "nmae": {
      "mean": 0.3197924792766571,
      "std": 0.44105279445648193,
      "variance": 0.19452758133411407,
      "count": 272832
    },
    "relative_mse": {
      "mean": 0.8922477960586548,
      "std": 2.410428524017334,
      "variance": 5.8101654052734375,
      "count": 272832
    }
  }
}