{
  "test1": {
    "mse": {
      "mean": 19.45421600341797,
      "std": 75.03374481201172,
      "variance": 5630.06298828125,
      "count": 1062096
    },
    "nmse": {
      "mean": 0.27786901593208313,
      "std": 0.7135054469108582,
      "variance": 0.5090900659561157,
      "count": 1062096
    },
    "mae": {
      "mean": 2.324986219406128,
      "std": 3.7481534481048584,
      "variance": 14.048653602600098,
      "count": 1062096
    },
    "nmae": {
      "mean": 0.2981563210487366,
      "std": 0.4347088932991028,
      "variance": 0.18897181749343872,
      "count": 1062096
    },
    "relative_mse": {
      "mean": 0.8337036371231079,
      "std": 2.300687074661255,
      "variance": 5.293161392211914,
      "count": 1062096
    }
  },
  "test2": {
    "mse": {
      "mean": 21.67132568359375,
      "std": 83.04420471191406,
      "variance": 6896.33984375,
      "count": 272832
    },
    "nmse": {
      "mean": 0.2815973460674286,
      "std": 0.7217118740081787,
      "variance": 0.5208680629730225,
      "count": 272832
    },
    "mae": {
      "mean": 2.446564197540283,
      "std": 3.9605112075805664,
      "variance": 15.685648918151855,
      "count": 272832
    },
    "nmae": {
      "mean": 0.29980650544166565,
      "std": 0.4378508925437927,
      "variance": 0.19171340763568878,
      "count": 272832
    },
    "relative_mse": {
      "mean": 0.8468182682991028,
      "std": 2.3190433979034424,
      "variance": 5.377962112426758,
      "count": 272832
    }
  }
}