{
  "test1": {
    "mse": {
      "mean": 354856.625,
      "std": 8410290.0,
      "variance": 70732977537024.0,
      "count": 1266912
    },
    "nmse": {
      "mean": 88.98270416259766,
      "std": 2047.2425537109375,
      "variance": 4191202.25,
      "count": 1266912
    },
    "mae": {
      "mean": 207.71182250976562,
      "std": 558.3121337890625,
      "variance": 311712.4375,
      "count": 1266912
    },
    "nmae": {
      "mean": 1.5912399291992188,
      "std": 9.297884941101074,
      "variance": 86.45066833496094,
      "count": 1266912
    },
    "relative_mse": {
      "mean": 1.4096206426620483,
      "std": 17.35098648071289,
      "variance": 301.0567626953125,
      "count": 1266912
    }
  },
  "test2": {
    "mse": {
      "mean": 30222676.0,
      "std": 477945216.0,
      "variance": 2.2843163238884966e+17,
      "count": 320544
    },
    "nmse": {
      "mean": 2.8054616451263428,
      "std": 24.71154022216797,
      "variance": 610.66015625,
      "count": 320544
    },
    "mae": {
      "mean": 731.8746337890625,
      "std": 5448.5810546875,
      "variance": 29687034.0,
      "count": 320544
    },
    "nmae": {
      "mean": 0.8267226219177246,
      "std": 1.4567056894302368,
      "variance": 2.1219916343688965,
      "count": 320544
    },
    "relative_mse": {
      "mean": 0.14358174800872803,
      "std": 0.5338259339332581,
      "variance": 0.28497016429901123,
      "count": 320544
    }
  },
  "valid1": {
    "mse": {
      "mean": 265170.28125
    },
    "nmse": {
      "mean": 191.13540649414062
    },
    "mae": {
      "mean": 188.13784790039062
    },
    "nmae": {
      "mean": 1.9531668424606323
    },
    "relative_mse": {
      "mean": 1.3244128227233887
    }
  },
  "valid2": {
    "mse": {
      "mean": 10397426.0
    },
    "nmse": {
      "mean": 6.526221752166748
    },
    "mae": {
      "mean": 501.38543701171875
    },
    "nmae": {
      "mean": 0.8683624267578125
    },
    "relative_mse": {
      "mean": 0.14667658507823944
    }
  }
}