{
  "test1": {
    "mse": {
      "mean": 0.0015571186086162925,
      "std": 0.005866840947419405,
      "variance": 3.441982335061766e-05,
      "count": 1852032
    },
    "nmse": {
      "mean": 4066960128.0,
      "std": 483016048640.0,
      "variance": 2.333045111250982e+23,
      "count": 1852032
    },
    "mae": {
      "mean": 0.024417204782366753,
      "std": 0.03099868819117546,
      "variance": 0.0009609187254682183,
      "count": 1852032
    },
    "nmae": {
      "mean": 704.7072143554688,
      "std": 63768.828125,
      "variance": 4066463744.0,
      "count": 1852032
    },
    "relative_mse": {
      "mean": 4066960128.0,
      "std": 483016048640.0,
      "variance": 2.333045111250982e+23,
      "count": 1852032
    }
  },
  "test2": {
    "mse": {
      "mean": 0.001394063699990511,
      "std": 0.0052965921349823475,
      "variance": 2.8053889764123596e-05,
      "count": 465024
    },
    "nmse": {
      "mean": 0.97508305311203,
      "std": 6.754174709320068,
      "variance": 45.61887741088867,
      "count": 465024
    },
    "mae": {
      "mean": 0.0234743133187294,
      "std": 0.02903481014072895,
      "variance": 0.0008430201560258865,
      "count": 465024
    },
    "nmae": {
      "mean": 0.5761865377426147,
      "std": 0.80193030834198,
      "variance": 0.6430922150611877,
      "count": 465024
    },
    "relative_mse": {
      "mean": 0.5579147934913635,
      "std": 3.4253809452056885,
      "variance": 11.733234405517578,
      "count": 465024
    }
  }
}