{
  "test1": {
    "mse": {
      "mean": 0.0015431464416906238,
      "std": 0.006241504568606615,
      "variance": 3.8956375647103414e-05,
      "count": 1736280
    },
    "nmse": {
      "mean": 0.6926748752593994,
      "std": 3.698399782180786,
      "variance": 13.678160667419434,
      "count": 1736280
    },
    "mae": {
      "mean": 0.023675840348005295,
      "std": 0.03134646639227867,
      "variance": 0.0009826009627431631,
      "count": 1736280
    },
    "nmae": {
      "mean": 0.5227804780006409,
      "std": 0.6475920081138611,
      "variance": 0.4193754196166992,
      "count": 1736280
    },
    "relative_mse": {
      "mean": 0.43649840354919434,
      "std": 3.858882188796997,
      "variance": 14.890972137451172,
      "count": 1736280
    }
  },
  "test2": {
    "mse": {
      "mean": 0.0013503505615517497,
      "std": 0.005088516976684332,
      "variance": 2.5893006750266068e-05,
      "count": 435960
    },
    "nmse": {
      "mean": 0.9358230829238892,
      "std": 5.877803802490234,
      "variance": 34.54857635498047,
      "count": 435960
    },
    "mae": {
      "mean": 0.02261468768119812,
      "std": 0.028964223340153694,
      "variance": 0.0008389262366108596,
      "count": 435960
    },
    "nmae": {
      "mean": 0.5745306611061096,
      "std": 0.7782915234565735,
      "variance": 0.6057376861572266,
      "count": 435960
    },
    "relative_mse": {
      "mean": 0.4910737872123718,
      "std": 2.659010171890259,
      "variance": 7.070335388183594,
      "count": 435960
    }
  }
}