{
  "test1": {
    "mse": {
      "mean": 0.0016901043709367514,
      "std": 0.00673938263207674,
      "variance": 4.5419277739711106e-05,
      "count": 1733760
    },
    "nmse": {
      "mean": 0.8830678462982178,
      "std": 5.018095970153809,
      "variance": 25.181285858154297,
      "count": 1733760
    },
    "mae": {
      "mean": 0.02494242787361145,
      "std": 0.032679956406354904,
      "variance": 0.0010679796105250716,
      "count": 1733760
    },
    "nmae": {
      "mean": 0.5752325057983398,
      "std": 0.7430850863456726,
      "variance": 0.5521754622459412,
      "count": 1733760
    },
    "relative_mse": {
      "mean": 0.5087717771530151,
      "std": 2.842353343963623,
      "variance": 8.078972816467285,
      "count": 1733760
    }
  },
  "test2": {
    "mse": {
      "mean": 0.00187865796033293,
      "std": 0.006929163355380297,
      "variance": 4.801330578629859e-05,
      "count": 433440
    },
    "nmse": {
      "mean": 0.8899145722389221,
      "std": 5.567829132080078,
      "variance": 31.00071907043457,
      "count": 433440
    },
    "mae": {
      "mean": 0.026121338829398155,
      "std": 0.034588057547807693,
      "variance": 0.0011963335564360023,
      "count": 433440
    },
    "nmae": {
      "mean": 0.5725622177124023,
      "std": 0.7497246265411377,
      "variance": 0.5620869994163513,
      "count": 433440
    },
    "relative_mse": {
      "mean": 0.5292908549308777,
      "std": 6.566463470458984,
      "variance": 43.11844253540039,
      "count": 433440
    }
  }
}