{
  "test1": {
    "mse": {
      "mean": 0.0008080893894657493,
      "std": 0.004823455587029457,
      "variance": 2.326572393940296e-05,
      "count": 1852032
    },
    "nmse": {
      "mean": 0.2813648283481598,
      "std": 2.4062750339508057,
      "variance": 5.790159702301025,
      "count": 1852032
    },
    "mae": {
      "mean": 0.012960439547896385,
      "std": 0.0253005214035511,
      "variance": 0.000640116399154067,
      "count": 1852032
    },
    "nmae": {
      "mean": 0.26102957129478455,
      "std": 0.4617666006088257,
      "variance": 0.21322838962078094,
      "count": 1852032
    },
    "relative_mse": {
      "mean": 0.20273761451244354,
      "std": 1.6214536428451538,
      "variance": 2.6291117668151855,
      "count": 1852032
    }
  },
  "test2": {
    "mse": {
      "mean": 0.0007253233925439417,
      "std": 0.004305970389395952,
      "variance": 1.8541379176895134e-05,
      "count": 465024
    },
    "nmse": {
      "mean": 0.31047749519348145,
      "std": 3.78387451171875,
      "variance": 14.317707061767578,
      "count": 465024
    },
    "mae": {
      "mean": 0.012346346862614155,
      "std": 0.023935142904520035,
      "variance": 0.0005728910327889025,
      "count": 465024
    },
    "nmae": {
      "mean": 0.26295509934425354,
      "std": 0.49125564098358154,
      "variance": 0.24133209884166718,
      "count": 465024
    },
    "relative_mse": {
      "mean": 0.22040465474128723,
      "std": 2.242140769958496,
      "variance": 5.027195453643799,
      "count": 465024
    }
  }
}