{
  "test1": {
    "mse": {
      "mean": 0.0007931787404231727,
      "std": 0.0047582900151610374,
      "variance": 2.2641321265837178e-05,
      "count": 2295168
    },
    "nmse": {
      "mean": 0.3418475389480591,
      "std": 7.416397571563721,
      "variance": 55.002952575683594,
      "count": 2295168
    },
    "mae": {
      "mean": 0.012947896495461464,
      "std": 0.0250106118619442,
      "variance": 0.0006255307234823704,
      "count": 2295168
    },
    "nmae": {
      "mean": 0.2786337435245514,
      "std": 0.5140143632888794,
      "variance": 0.2642107605934143,
      "count": 2295168
    },
    "relative_mse": {
      "mean": 1.0760676860809326,
      "std": 259.0716552734375,
      "variance": 67118.1171875,
      "count": 2295168
    }
  },
  "test2": {
    "mse": {
      "mean": 0.0008464514976367354,
      "std": 0.004390760790556669,
      "variance": 1.9278781110187992e-05,
      "count": 573792
    },
    "nmse": {
      "mean": 0.30563437938690186,
      "std": 2.3042073249816895,
      "variance": 5.309371471405029,
      "count": 573792
    },
    "mae": {
      "mean": 0.014158086851239204,
      "std": 0.025416532531380653,
      "variance": 0.0006460000877268612,
      "count": 573792
    },
    "nmae": {
      "mean": 0.2840731143951416,
      "std": 0.47427502274513245,
      "variance": 0.2249368131160736,
      "count": 573792
    },
    "relative_mse": {
      "mean": 0.4092429280281067,
      "std": 21.409202575683594,
      "variance": 458.35400390625,
      "count": 573792
    }
  }
}