{
  "test1": {
    "mse": {
      "mean": 0.000816080835647881,
      "std": 0.0047966474667191505,
      "variance": 2.3007825802778825e-05,
      "count": 2298504
    },
    "nmse": {
      "mean": 39079744.0,
      "std": 2657700608.0,
      "variance": 7.063372647995802e+18,
      "count": 2298504
    },
    "mae": {
      "mean": 0.013223743066191673,
      "std": 0.025322191417217255,
      "variance": 0.0006412133807316422,
      "count": 2298504
    },
    "nmae": {
      "mean": 116.3127670288086,
      "std": 6250.29736328125,
      "variance": 39066216.0,
      "count": 2298504
    },
    "relative_mse": {
      "mean": 39079744.0,
      "std": 2657700608.0,
      "variance": 7.063372647995802e+18,
      "count": 2298504
    }
  },
  "test2": {
    "mse": {
      "mean": 0.0007448500255122781,
      "std": 0.004107496701180935,
      "variance": 1.6871528714546002e-05,
      "count": 577128
    },
    "nmse": {
      "mean": 0.2900700867176056,
      "std": 2.2587907314300537,
      "variance": 5.10213565826416,
      "count": 577128
    },
    "mae": {
      "mean": 0.01301846094429493,
      "std": 0.02398686483502388,
      "variance": 0.0005753696896135807,
      "count": 577128
    },
    "nmae": {
      "mean": 0.27358725666999817,
      "std": 0.46391820907592773,
      "variance": 0.215220108628273,
      "count": 577128
    },
    "relative_mse": {
      "mean": 0.3787931799888611,
      "std": 21.185157775878906,
      "variance": 448.8108825683594,
      "count": 577128
    }
  }
}