{
  "test1": {
    "mse": {
      "mean": 0.0008907741284929216,
      "std": 0.005210863891988993,
      "variance": 2.715310074563604e-05,
      "count": 2199288
    },
    "nmse": {
      "mean": 0.365695059299469,
      "std": 7.974944114685059,
      "variance": 63.5997314453125,
      "count": 2199288
    },
    "mae": {
      "mean": 0.013534802943468094,
      "std": 0.026600437238812447,
      "variance": 0.0007075832108967006,
      "count": 2199288
    },
    "nmae": {
      "mean": 0.28381434082984924,
      "std": 0.5339891910552979,
      "variance": 0.28514447808265686,
      "count": 2199288
    },
    "relative_mse": {
      "mean": 0.24557550251483917,
      "std": 3.919243097305298,
      "variance": 15.360466957092285,
      "count": 2199288
    }
  },
  "test2": {
    "mse": {
      "mean": 0.000917076482437551,
      "std": 0.00550546171143651,
      "variance": 3.031010965059977e-05,
      "count": 552216
    },
    "nmse": {
      "mean": 0.39208662509918213,
      "std": 4.75929069519043,
      "variance": 22.650850296020508,
      "count": 552216
    },
    "mae": {
      "mean": 0.013615411706268787,
      "std": 0.027049899101257324,
      "variance": 0.0007316970732063055,
      "count": 552216
    },
    "nmae": {
      "mean": 0.288150429725647,
      "std": 0.5559279918670654,
      "variance": 0.30905595421791077,
      "count": 552216
    },
    "relative_mse": {
      "mean": 0.2550477683544159,
      "std": 2.7323479652404785,
      "variance": 7.465724945068359,
      "count": 552216
    }
  }
}