{
  "test1": {
    "mse": {
      "mean": 0.0009213623125106096,
      "std": 0.005202903877943754,
      "variance": 2.7070211217505857e-05,
      "count": 1488240
    },
    "nmse": {
      "mean": 0.35736775398254395,
      "std": 2.8039052486419678,
      "variance": 7.861884593963623,
      "count": 1488240
    },
    "mae": {
      "mean": 0.014264672063291073,
      "std": 0.026793308556079865,
      "variance": 0.0007178814266808331,
      "count": 1488240
    },
    "nmae": {
      "mean": 0.2975021302700043,
      "std": 0.5185173749923706,
      "variance": 0.2688602805137634,
      "count": 1488240
    },
    "relative_mse": {
      "mean": 0.2569127082824707,
      "std": 2.256469964981079,
      "variance": 5.0916571617126465,
      "count": 1488240
    }
  },
  "test2": {
    "mse": {
      "mean": 0.000790478428825736,
      "std": 0.004230348393321037,
      "variance": 1.7895847122417763e-05,
      "count": 373680
    },
    "nmse": {
      "mean": 0.3719209134578705,
      "std": 3.877505302429199,
      "variance": 15.03504753112793,
      "count": 373680
    },
    "mae": {
      "mean": 0.01336782518774271,
      "std": 0.02473418228328228,
      "variance": 0.0006117797456681728,
      "count": 373680
    },
    "nmae": {
      "mean": 0.3004821836948395,
      "std": 0.530689537525177,
      "variance": 0.28163138031959534,
      "count": 373680
    },
    "relative_mse": {
      "mean": 0.22951433062553406,
      "std": 1.8727113008499146,
      "variance": 3.507047414779663,
      "count": 373680
    }
  }
}