{
  "test1": {
    "mse": {
      "mean": 0.0007952161831781268,
      "std": 0.004841827321797609,
      "variance": 2.3443293684977107e-05,
      "count": 1733760
    },
    "nmse": {
      "mean": 0.32223737239837646,
      "std": 3.379581928253174,
      "variance": 11.421574592590332,
      "count": 1733760
    },
    "mae": {
      "mean": 0.012765923514962196,
      "std": 0.025144530460238457,
      "variance": 0.0006322473636828363,
      "count": 1733760
    },
    "nmae": {
      "mean": 0.26966190338134766,
      "std": 0.49951958656311035,
      "variance": 0.24951981008052826,
      "count": 1733760
    },
    "relative_mse": {
      "mean": 0.23079855740070343,
      "std": 3.7335593700408936,
      "variance": 13.93946647644043,
      "count": 1733760
    }
  },
  "test2": {
    "mse": {
      "mean": 0.0008702508057467639,
      "std": 0.004651421681046486,
      "variance": 2.163572389690671e-05,
      "count": 433440
    },
    "nmse": {
      "mean": 0.3083459436893463,
      "std": 2.2910614013671875,
      "variance": 5.24896240234375,
      "count": 433440
    },
    "mae": {
      "mean": 0.014206181280314922,
      "std": 0.025854114443063736,
      "variance": 0.0006684352410957217,
      "count": 433440
    },
    "nmae": {
      "mean": 0.2811276614665985,
      "std": 0.4788665771484375,
      "variance": 0.2293132096529007,
      "count": 433440
    },
    "relative_mse": {
      "mean": 0.19489642977714539,
      "std": 1.242716670036316,
      "variance": 1.5443447828292847,
      "count": 433440
    }
  }
}