{
  "test1": {
    "mse": {
      "mean": 0.0008164471364580095,
      "std": 0.0049178386107087135,
      "variance": 2.4185133952414617e-05,
      "count": 1736280
    },
    "nmse": {
      "mean": 0.3271084129810333,
      "std": 3.4144270420074463,
      "variance": 11.65831184387207,
      "count": 1736280
    },
    "mae": {
      "mean": 0.012982162646949291,
      "std": 0.025454087182879448,
      "variance": 0.0006479105213657022,
      "count": 1736280
    },
    "nmae": {
      "mean": 0.27150028944015503,
      "std": 0.503384530544281,
      "variance": 0.25339600443840027,
      "count": 1736280
    },
    "relative_mse": {
      "mean": 0.23103858530521393,
      "std": 3.732706308364868,
      "variance": 13.933096885681152,
      "count": 1736280
    }
  },
  "test2": {
    "mse": {
      "mean": 0.0007753115496598184,
      "std": 0.004330286756157875,
      "variance": 1.875138514151331e-05,
      "count": 435960
    },
    "nmse": {
      "mean": 0.28960588574409485,
      "std": 2.0298306941986084,
      "variance": 4.120212554931641,
      "count": 435960
    },
    "mae": {
      "mean": 0.013041970320045948,
      "std": 0.02460119128227234,
      "variance": 0.0006052185781300068,
      "count": 435960
    },
    "nmae": {
      "mean": 0.26963329315185547,
      "std": 0.465729296207428,
      "variance": 0.21690377593040466,
      "count": 435960
    },
    "relative_mse": {
      "mean": 0.19411063194274902,
      "std": 1.2745702266693115,
      "variance": 1.624529242515564,
      "count": 435960
    }
  }
}