{
  "test1": {
    "mse": {
      "mean": 12.670377731323242,
      "std": 58.639041900634766,
      "variance": 3438.537353515625,
      "count": 1127496
    },
    "nmse": {
      "mean": 0.8985916376113892,
      "std": 7.879993915557861,
      "variance": 62.094303131103516,
      "count": 1127496
    },
    "mae": {
      "mean": 1.9298046827316284,
      "std": 2.991025447845459,
      "variance": 8.946232795715332,
      "count": 1127496
    },
    "nmae": {
      "mean": 0.3900989890098572,
      "std": 0.8639528155326843,
      "variance": 0.7464144229888916,
      "count": 1127496
    },
    "relative_mse": {
      "mean": 3.677694082260132,
      "std": 37.95637130737305,
      "variance": 1440.6861572265625,
      "count": 1127496
    }
  },
  "test2": {
    "mse": {
      "mean": 10.40489387512207,
      "std": 39.673362731933594,
      "variance": 1573.975830078125,
      "count": 289632
    },
    "nmse": {
      "mean": 0.8582544922828674,
      "std": 8.11419677734375,
      "variance": 65.8401870727539,
      "count": 289632
    },
    "mae": {
      "mean": 1.8434306383132935,
      "std": 2.6470091342926025,
      "variance": 7.00665807723999,
      "count": 289632
    },
    "nmae": {
      "mean": 0.38860562443733215,
      "std": 0.8409757018089294,
      "variance": 0.7072401642799377,
      "count": 289632
    },
    "relative_mse": {
      "mean": 3.5244948863983154,
      "std": 42.06171417236328,
      "variance": 1769.187744140625,
      "count": 289632
    }
  }
}