{
  "test1": {
    "mse": {
      "mean": 0.0007973535102792084,
      "std": 0.004643736872822046,
      "variance": 2.1564290364040062e-05,
      "count": 1736280
    },
    "nmse": {
      "mean": 0.31392645835876465,
      "std": 2.8736062049865723,
      "variance": 8.257612228393555,
      "count": 1736280
    },
    "mae": {
      "mean": 0.013036385178565979,
      "std": 0.02504807710647583,
      "variance": 0.0006274062325246632,
      "count": 1736280
    },
    "nmae": {
      "mean": 0.2726699709892273,
      "std": 0.4894665777683258,
      "variance": 0.2395775318145752,
      "count": 1736280
    },
    "relative_mse": {
      "mean": 0.22162258625030518,
      "std": 3.635894775390625,
      "variance": 13.219730377197266,
      "count": 1736280
    }
  },
  "test2": {
    "mse": {
      "mean": 0.0008372298325411975,
      "std": 0.005202028434723616,
      "variance": 2.70611017185729e-05,
      "count": 435960
    },
    "nmse": {
      "mean": 0.3433682918548584,
      "std": 4.204684257507324,
      "variance": 17.67936897277832,
      "count": 435960
    },
    "mae": {
      "mean": 0.013205111026763916,
      "std": 0.025745967403054237,
      "variance": 0.0006628548144362867,
      "count": 435960
    },
    "nmae": {
      "mean": 0.2778586447238922,
      "std": 0.5159097909927368,
      "variance": 0.2661629319190979,
      "count": 435960
    },
    "relative_mse": {
      "mean": 0.230829119682312,
      "std": 2.151151418685913,
      "variance": 4.627452373504639,
      "count": 435960
    }
  }
}