{
  "test1": {
    "mse": {
      "mean": 0.14549106359481812,
      "std": 0.3258953392505646,
      "variance": 0.10620776563882828,
      "count": 1967784
    },
    "nmse": {
      "mean": 42.35444641113281,
      "std": 86.96796417236328,
      "variance": 7563.42626953125,
      "count": 1967784
    },
    "mae": {
      "mean": 0.25441890954971313,
      "std": 0.2841867208480835,
      "variance": 0.0807620957493782,
      "count": 1967784
    },
    "nmae": {
      "mean": 4.832661151885986,
      "std": 4.358879089355469,
      "variance": 18.999828338623047,
      "count": 1967784
    },
    "relative_mse": {
      "mean": 65.96905517578125,
      "std": 3510.5439453125,
      "variance": 12323918.0,
      "count": 1967784
    }
  },
  "test2": {
    "mse": {
      "mean": 0.13759146630764008,
      "std": 0.3082912862300873,
      "variance": 0.09504351764917374,
      "count": 494088
    },
    "nmse": {
      "mean": 44.27922439575195,
      "std": 80.31333923339844,
      "variance": 6450.23193359375,
      "count": 494088
    },
    "mae": {
      "mean": 0.2481919676065445,
      "std": 0.27566683292388916,
      "variance": 0.07599220424890518,
      "count": 494088
    },
    "nmae": {
      "mean": 4.953722953796387,
      "std": 4.44295597076416,
      "variance": 19.73986053466797,
      "count": 494088
    },
    "relative_mse": {
      "mean": 41.5705451965332,
      "std": 125.63787841796875,
      "variance": 15784.876953125,
      "count": 494088
    }
  }
}