{
  "test1": {
    "mse": {
      "mean": 351109504.0,
      "std": 7317062144.0,
      "variance": 5.353939490255248e+19,
      "count": 1171296
    },
    "nmse": {
      "mean": 80.62626647949219,
      "std": 985.977294921875,
      "variance": 972151.1875,
      "count": 1171296
    },
    "mae": {
      "mean": 3038.4697265625,
      "std": 18489.921875,
      "variance": 341877216.0,
      "count": 1171296
    },
    "nmae": {
      "mean": 4.872881889343262,
      "std": 7.54196834564209,
      "variance": 56.88128662109375,
      "count": 1171296
    },
    "relative_mse": {
      "mean": 1.8638554811477661,
      "std": 4.950864791870117,
      "variance": 24.511064529418945,
      "count": 1171296
    }
  },
  "test2": {
    "mse": {
      "mean": 6395272.0,
      "std": 23643548.0,
      "variance": 559017407545344.0,
      "count": 296352
    },
    "nmse": {
      "mean": 19.095823287963867,
      "std": 34.56383514404297,
      "variance": 1194.65869140625,
      "count": 296352
    },
    "mae": {
      "mean": 1316.8143310546875,
      "std": 2158.997802734375,
      "variance": 4661271.5,
      "count": 296352
    },
    "nmae": {
      "mean": 3.8073229789733887,
      "std": 2.1447877883911133,
      "variance": 4.600114822387695,
      "count": 296352
    },
    "relative_mse": {
      "mean": 1.5408941507339478,
      "std": 2.0981314182281494,
      "variance": 4.402154922485352,
      "count": 296352
    }
  }
}