{
  "test1": {
    "mse": {
      "mean": 0.0007881757919676602,
      "std": 0.004605481866747141,
      "variance": 2.121046418324113e-05,
      "count": 1852032
    },
    "nmse": {
      "mean": 0.2936832010746002,
      "std": 2.889147996902466,
      "variance": 8.347175598144531,
      "count": 1852032
    },
    "mae": {
      "mean": 0.012898638844490051,
      "std": 0.02493593655526638,
      "variance": 0.0006218009511940181,
      "count": 1852032
    },
    "nmae": {
      "mean": 0.2641110122203827,
      "std": 0.4732109308242798,
      "variance": 0.2239285707473755,
      "count": 1852032
    },
    "relative_mse": {
      "mean": 0.20895066857337952,
      "std": 1.852797508239746,
      "variance": 3.43285870552063,
      "count": 1852032
    }
  },
  "test2": {
    "mse": {
      "mean": 0.0008093451033346355,
      "std": 0.0050455424934625626,
      "variance": 2.5457498850300908e-05,
      "count": 465024
    },
    "nmse": {
      "mean": 0.2686518430709839,
      "std": 2.090885639190674,
      "variance": 4.371802806854248,
      "count": 465024
    },
    "mae": {
      "mean": 0.013004579581320286,
      "std": 0.025302687659859657,
      "variance": 0.000640226062387228,
      "count": 465024
    },
    "nmae": {
      "mean": 0.2617679536342621,
      "std": 0.44735825061798096,
      "variance": 0.2001294195652008,
      "count": 465024
    },
    "relative_mse": {
      "mean": 0.20070131123065948,
      "std": 1.3824776411056519,
      "variance": 1.9112443923950195,
      "count": 465024
    }
  }
}