{
  "test1": {
    "mse": {
      "mean": 3911514.75,
      "std": 151271136.0,
      "variance": 2.2882956540379136e+16,
      "count": 1266912
    },
    "nmse": {
      "mean": 0.23638835549354553,
      "std": 12.122076988220215,
      "variance": 146.9447479248047,
      "count": 1266912
    },
    "mae": {
      "mean": 213.19224548339844,
      "std": 1966.2308349609375,
      "variance": 3866063.75,
      "count": 1266912
    },
    "nmae": {
      "mean": 0.2716917097568512,
      "std": 0.4032021760940552,
      "variance": 0.162571981549263,
      "count": 1266912
    },
    "relative_mse": {
      "mean": 0.032478343695402145,
      "std": 0.7873950004577637,
      "variance": 0.619990885257721,
      "count": 1266912
    }
  },
  "test2": {
    "mse": {
      "mean": 59363.72265625,
      "std": 629637.25,
      "variance": 396443058176.0,
      "count": 320544
    },
    "nmse": {
      "mean": 0.23189210891723633,
      "std": 8.867873191833496,
      "variance": 78.63916778564453,
      "count": 320544
    },
    "mae": {
      "mean": 93.3760757446289,
      "std": 225.04360961914062,
      "variance": 50644.625,
      "count": 320544
    },
    "nmae": {
      "mean": 0.268876850605011,
      "std": 0.3994963765144348,
      "variance": 0.15959735214710236,
      "count": 320544
    },
    "relative_mse": {
      "mean": 0.0591387040913105,
      "std": 1.2107495069503784,
      "variance": 1.4659144878387451,
      "count": 320544
    }
  }
}