{
  "test1": {
    "mse": {
      "mean": 0.0008089891052804887,
      "std": 0.004686126951128244,
      "variance": 2.195978413510602e-05,
      "count": 1736280
    },
    "nmse": {
      "mean": 0.32858148217201233,
      "std": 3.3604960441589355,
      "variance": 11.29293441772461,
      "count": 1736280
    },
    "mae": {
      "mean": 0.013113013468682766,
      "std": 0.0252396110445261,
      "variance": 0.0006370379705913365,
      "count": 1736280
    },
    "nmae": {
      "mean": 0.2749234139919281,
      "std": 0.502989649772644,
      "variance": 0.25299856066703796,
      "count": 1736280
    },
    "relative_mse": {
      "mean": 0.22864778339862823,
      "std": 3.7062313556671143,
      "variance": 13.736151695251465,
      "count": 1736280
    }
  },
  "test2": {
    "mse": {
      "mean": 0.000822683097794652,
      "std": 0.005127367563545704,
      "variance": 2.628989750519395e-05,
      "count": 435960
    },
    "nmse": {
      "mean": 0.2951902747154236,
      "std": 2.4109702110290527,
      "variance": 5.812777042388916,
      "count": 435960
    },
    "mae": {
      "mean": 0.013136145658791065,
      "std": 0.025497544556856155,
      "variance": 0.0006501247989945114,
      "count": 435960
    },
    "nmae": {
      "mean": 0.27023845911026,
      "std": 0.47134003043174744,
      "variance": 0.2221614420413971,
      "count": 435960
    },
    "relative_mse": {
      "mean": 0.21211367845535278,
      "std": 1.5026774406433105,
      "variance": 2.2580394744873047,
      "count": 435960
    }
  }
}