{
  "test1": {
    "mse": {
      "mean": 0.0008113918011076748,
      "std": 0.004741825629025698,
      "variance": 2.2484910005005077e-05,
      "count": 1733760
    },
    "nmse": {
      "mean": 0.3180136978626251,
      "std": 3.0412206649780273,
      "variance": 9.2490234375,
      "count": 1733760
    },
    "mae": {
      "mean": 0.013228555209934711,
      "std": 0.025226913392543793,
      "variance": 0.0006363971624523401,
      "count": 1733760
    },
    "nmae": {
      "mean": 0.2762943208217621,
      "std": 0.49160465598106384,
      "variance": 0.24167513847351074,
      "count": 1733760
    },
    "relative_mse": {
      "mean": 0.22344979643821716,
      "std": 3.632984161376953,
      "variance": 13.19857406616211,
      "count": 1733760
    }
  },
  "test2": {
    "mse": {
      "mean": 0.0008213453111238778,
      "std": 0.004861629568040371,
      "variance": 2.363544081163127e-05,
      "count": 433440
    },
    "nmse": {
      "mean": 0.33709171414375305,
      "std": 3.7294561862945557,
      "variance": 13.908843040466309,
      "count": 433440
    },
    "mae": {
      "mean": 0.013329999521374702,
      "std": 0.025370383635163307,
      "variance": 0.0006436563562601805,
      "count": 433440
    },
    "nmae": {
      "mean": 0.2767292857170105,
      "std": 0.5104043483734131,
      "variance": 0.2605125904083252,
      "count": 433440
    },
    "relative_mse": {
      "mean": 0.23147180676460266,
      "std": 2.0825722217559814,
      "variance": 4.3371076583862305,
      "count": 433440
    }
  }
}