{
  "test1": {
    "mse": {
      "mean": 11.354557037353516,
      "std": 53.53120040893555,
      "variance": 2865.58935546875,
      "count": 1090872
    },
    "nmse": {
      "mean": 0.20980630815029144,
      "std": 1.15972101688385,
      "variance": 1.344952940940857,
      "count": 1090872
    },
    "mae": {
      "mean": 1.7707653045654297,
      "std": 2.866870641708374,
      "variance": 8.218947410583496,
      "count": 1090872
    },
    "nmae": {
      "mean": 0.23715375363826752,
      "std": 0.39187294244766235,
      "variance": 0.15356440842151642,
      "count": 1090872
    },
    "relative_mse": {
      "mean": 0.763170063495636,
      "std": 4.741263389587402,
      "variance": 22.479578018188477,
      "count": 1090872
    }
  },
  "test2": {
    "mse": {
      "mean": 8.993889808654785,
      "std": 34.19674301147461,
      "variance": 1169.4173583984375,
      "count": 280224
    },
    "nmse": {
      "mean": 0.2073718011379242,
      "std": 1.0257258415222168,
      "variance": 1.0521135330200195,
      "count": 280224
    },
    "mae": {
      "mean": 1.6767576932907104,
      "std": 2.4864377975463867,
      "variance": 6.182373046875,
      "count": 280224
    },
    "nmae": {
      "mean": 0.24085040390491486,
      "std": 0.38647493720054626,
      "variance": 0.14936287701129913,
      "count": 280224
    },
    "relative_mse": {
      "mean": 0.7381517887115479,
      "std": 4.074638843536377,
      "variance": 16.60268211364746,
      "count": 280224
    }
  },
  "valid1": {
    "mse": {
      "mean": 11.275104522705078
    },
    "nmse": {
      "mean": 0.12407524138689041
    },
    "mae": {
      "mean": 1.7755577564239502
    },
    "nmae": {
      "mean": 0.20147933065891266
    },
    "relative_mse": {
      "mean": 0.2794213593006134
    }
  },
  "valid2": {
    "mse": {
      "mean": 8.634761810302734
    },
    "nmse": {
      "mean": 0.12491770088672638
    },
    "mae": {
      "mean": 1.6794131994247437
    },
    "nmae": {
      "mean": 0.2040383666753769
    },
    "relative_mse": {
      "mean": 0.2728818953037262
    }
  }
}