{
  "test1": {
    "mse": {
      "mean": 19.237356185913086,
      "std": 58.81155014038086,
      "variance": 3458.79833984375,
      "count": 1043784
    },
    "nmse": {
      "mean": 0.33743682503700256,
      "std": 0.8812128901481628,
      "variance": 0.7765361666679382,
      "count": 1043784
    },
    "mae": {
      "mean": 2.3909192085266113,
      "std": 3.677072763442993,
      "variance": 13.52086353302002,
      "count": 1043784
    },
    "nmae": {
      "mean": 0.32441553473472595,
      "std": 0.4818624258041382,
      "variance": 0.23219138383865356,
      "count": 1043784
    },
    "relative_mse": {
      "mean": 1.0527088642120361,
      "std": 3.192945718765259,
      "variance": 10.194901466369629,
      "count": 1043784
    }
  },
  "test2": {
    "mse": {
      "mean": 29.251428604125977,
      "std": 110.8785171508789,
      "variance": 12294.044921875,
      "count": 268128
    },
    "nmse": {
      "mean": 0.34895017743110657,
      "std": 0.9463072419166565,
      "variance": 0.8954973816871643,
      "count": 268128
    },
    "mae": {
      "mean": 2.790497064590454,
      "std": 4.632985591888428,
      "variance": 21.464553833007812,
      "count": 268128
    },
    "nmae": {
      "mean": 0.32638490200042725,
      "std": 0.492364764213562,
      "variance": 0.24242305755615234,
      "count": 268128
    },
    "relative_mse": {
      "mean": 1.1174758672714233,
      "std": 3.471501350402832,
      "variance": 12.051321983337402,
      "count": 268128
    }
  }
}