{
  "test1": {
    "mse": {
      "mean": 9469026.0,
      "std": 413634048.0,
      "variance": 1.710931317924823e+17,
      "count": 1254960
    },
    "nmse": {
      "mean": 0.48760101199150085,
      "std": 22.490320205688477,
      "variance": 505.8144836425781,
      "count": 1254960
    },
    "mae": {
      "mean": 275.82684326171875,
      "std": 3064.791259765625,
      "variance": 9392946.0,
      "count": 1254960
    },
    "nmae": {
      "mean": 0.3303789496421814,
      "std": 0.6151834726333618,
      "variance": 0.3784506618976593,
      "count": 1254960
    },
    "relative_mse": {
      "mean": 0.05607810616493225,
      "std": 1.0155365467071533,
      "variance": 1.0313146114349365,
      "count": 1254960
    }
  },
  "test2": {
    "mse": {
      "mean": 216552.625,
      "std": 2502487.0,
      "variance": 6262441377792.0,
      "count": 317520
    },
    "nmse": {
      "mean": 0.37152260541915894,
      "std": 5.2369608879089355,
      "variance": 27.42576026916504,
      "count": 317520
    },
    "mae": {
      "mean": 141.80123901367188,
      "std": 443.22119140625,
      "variance": 196445.03125,
      "count": 317520
    },
    "nmae": {
      "mean": 0.3253113329410553,
      "std": 0.5154562592506409,
      "variance": 0.265695184469223,
      "count": 317520
    },
    "relative_mse": {
      "mean": 0.03241444379091263,
      "std": 0.4521934986114502,
      "variance": 0.20447896420955658,
      "count": 317520
    }
  }
}