{
  "test1": {
    "mse": {
      "mean": 22.46331787109375,
      "std": 81.98724365234375,
      "variance": 6721.908203125,
      "count": 1043784
    },
    "nmse": {
      "mean": 0.3467921018600464,
      "std": 1.001833200454712,
      "variance": 1.0036697387695312,
      "count": 1043784
    },
    "mae": {
      "mean": 2.522481679916382,
      "std": 4.012531280517578,
      "variance": 16.100406646728516,
      "count": 1043784
    },
    "nmae": {
      "mean": 0.3250311017036438,
      "std": 0.491067111492157,
      "variance": 0.24114692211151123,
      "count": 1043784
    },
    "relative_mse": {
      "mean": 1.0854079723358154,
      "std": 3.617401361465454,
      "variance": 13.085592269897461,
      "count": 1043784
    }
  },
  "test2": {
    "mse": {
      "mean": 18.295698165893555,
      "std": 53.716190338134766,
      "variance": 2885.42919921875,
      "count": 268128
    },
    "nmse": {
      "mean": 0.3509434461593628,
      "std": 0.96977299451828,
      "variance": 0.9404596090316772,
      "count": 268128
    },
    "mae": {
      "mean": 2.3931634426116943,
      "std": 3.54520320892334,
      "variance": 12.568465232849121,
      "count": 268128
    },
    "nmae": {
      "mean": 0.32975220680236816,
      "std": 0.49214521050453186,
      "variance": 0.24220691621303558,
      "count": 268128
    },
    "relative_mse": {
      "mean": 1.0853352546691895,
      "std": 3.439324378967285,
      "variance": 11.828951835632324,
      "count": 268128
    }
  }
}