{
  "test1": {
    "mse": {
      "mean": 0.07107602804899216,
      "std": 0.1484004259109497,
      "variance": 0.022022686898708344,
      "count": 2199288
    },
    "nmse": {
      "mean": 20.584840774536133,
      "std": 27.85346794128418,
      "variance": 775.815673828125,
      "count": 2199288
    },
    "mae": {
      "mean": 0.18902142345905304,
      "std": 0.18800775706768036,
      "variance": 0.03534691780805588,
      "count": 2199288
    },
    "nmae": {
      "mean": 3.6529574394226074,
      "std": 2.6908624172210693,
      "variance": 7.240740776062012,
      "count": 2199288
    },
    "relative_mse": {
      "mean": 17.358869552612305,
      "std": 35.75986099243164,
      "variance": 1278.767578125,
      "count": 2199288
    }
  },
  "test2": {
    "mse": {
      "mean": 0.06863294541835785,
      "std": 0.1372862607240677,
      "variance": 0.018847517669200897,
      "count": 552216
    },
    "nmse": {
      "mean": 22.52117919921875,
      "std": 50.72315216064453,
      "variance": 2572.838134765625,
      "count": 552216
    },
    "mae": {
      "mean": 0.18513815104961395,
      "std": 0.18535590171813965,
      "variance": 0.03435681387782097,
      "count": 552216
    },
    "nmae": {
      "mean": 3.7020263671875,
      "std": 2.969205141067505,
      "variance": 8.816178321838379,
      "count": 552216
    },
    "relative_mse": {
      "mean": 19.12222671508789,
      "std": 55.20894241333008,
      "variance": 3048.02734375,
      "count": 552216
    }
  }
}