{
  "test1": {
    "mse": {
      "mean": 18.91909408569336,
      "std": 68.25005340576172,
      "variance": 4658.06982421875,
      "count": 1080408
    },
    "nmse": {
      "mean": 0.34064197540283203,
      "std": 1.252817153930664,
      "variance": 1.5695509910583496,
      "count": 1080408
    },
    "mae": {
      "mean": 2.312309741973877,
      "std": 3.6840627193450928,
      "variance": 13.572318077087402,
      "count": 1080408
    },
    "nmae": {
      "mean": 0.31386488676071167,
      "std": 0.4920678734779358,
      "variance": 0.24213078618049622,
      "count": 1080408
    },
    "relative_mse": {
      "mean": 1.1802947521209717,
      "std": 5.365512847900391,
      "variance": 28.788726806640625,
      "count": 1080408
    }
  },
  "test2": {
    "mse": {
      "mean": 20.85445213317871,
      "std": 74.15586853027344,
      "variance": 5499.09228515625,
      "count": 277536
    },
    "nmse": {
      "mean": 0.35348427295684814,
      "std": 1.3829714059829712,
      "variance": 1.9126099348068237,
      "count": 277536
    },
    "mae": {
      "mean": 2.4317610263824463,
      "std": 3.8653573989868164,
      "variance": 14.940987586975098,
      "count": 277536
    },
    "nmae": {
      "mean": 0.31664741039276123,
      "std": 0.5032083988189697,
      "variance": 0.2532186806201935,
      "count": 277536
    },
    "relative_mse": {
      "mean": 1.2152681350708008,
      "std": 5.6745924949646,
      "variance": 32.20100021362305,
      "count": 277536
    }
  },
  "valid1": {
    "mse": {
      "mean": 15.598567962646484
    },
    "nmse": {
      "mean": 0.17906822264194489
    },
    "mae": {
      "mean": 2.1565403938293457
    },
    "nmae": {
      "mean": 0.24664631485939026
    },
    "relative_mse": {
      "mean": 0.3734586834907532
    }
  },
  "valid2": {
    "mse": {
      "mean": 16.27096939086914
    },
    "nmse": {
      "mean": 0.1771845817565918
    },
    "mae": {
      "mean": 2.21233868598938
    },
    "nmae": {
      "mean": 0.24543139338493347
    },
    "relative_mse": {
      "mean": 0.370550274848938
    }
  }
}