{
  "test1": {
    "mse": {
      "mean": 0.0008136028191074729,
      "std": 0.00467446306720376,
      "variance": 2.185060475312639e-05,
      "count": 1736280
    },
    "nmse": {
      "mean": 0.3340957462787628,
      "std": 3.3407092094421387,
      "variance": 11.160338401794434,
      "count": 1736280
    },
    "mae": {
      "mean": 0.0132848359644413,
      "std": 0.025241157039999962,
      "variance": 0.0006371159688569605,
      "count": 1736280
    },
    "nmae": {
      "mean": 0.2833944261074066,
      "std": 0.5037690997123718,
      "variance": 0.25378331542015076,
      "count": 1736280
    },
    "relative_mse": {
      "mean": 0.2312324345111847,
      "std": 3.5993354320526123,
      "variance": 12.955215454101562,
      "count": 1736280
    }
  },
  "test2": {
    "mse": {
      "mean": 0.0008297592285089195,
      "std": 0.005112949293106794,
      "variance": 2.6142251954297535e-05,
      "count": 435960
    },
    "nmse": {
      "mean": 0.29860207438468933,
      "std": 2.402249574661255,
      "variance": 5.770803451538086,
      "count": 435960
    },
    "mae": {
      "mean": 0.013310403563082218,
      "std": 0.025545885786414146,
      "variance": 0.0006525923381559551,
      "count": 435960
    },
    "nmae": {
      "mean": 0.27639269828796387,
      "std": 0.47139063477516174,
      "variance": 0.2222091406583786,
      "count": 435960
    },
    "relative_mse": {
      "mean": 0.2138655185699463,
      "std": 1.4813979864120483,
      "variance": 2.194539785385132,
      "count": 435960
    }
  }
}