{
  "test1": {
    "mse": {
      "mean": 0.0008158506825566292,
      "std": 0.004724166821688414,
      "variance": 2.2317752154776827e-05,
      "count": 1733760
    },
    "nmse": {
      "mean": 0.3223899304866791,
      "std": 3.046841859817505,
      "variance": 9.283246040344238,
      "count": 1733760
    },
    "mae": {
      "mean": 0.01341164205223322,
      "std": 0.02521861530840397,
      "variance": 0.0006359785329550505,
      "count": 1733760
    },
    "nmae": {
      "mean": 0.2831806242465973,
      "std": 0.4921368360519409,
      "variance": 0.24219867587089539,
      "count": 1733760
    },
    "relative_mse": {
      "mean": 0.22571207582950592,
      "std": 3.6143267154693604,
      "variance": 13.06335735321045,
      "count": 1733760
    }
  },
  "test2": {
    "mse": {
      "mean": 0.0008239792659878731,
      "std": 0.0048539056442677975,
      "variance": 2.3560402041766793e-05,
      "count": 433440
    },
    "nmse": {
      "mean": 0.3398715853691101,
      "std": 3.7583305835723877,
      "variance": 14.125048637390137,
      "count": 433440
    },
    "mae": {
      "mean": 0.013478550128638744,
      "std": 0.025343794375658035,
      "variance": 0.0006423079175874591,
      "count": 433440
    },
    "nmae": {
      "mean": 0.2818990647792816,
      "std": 0.5102984309196472,
      "variance": 0.26040446758270264,
      "count": 433440
    },
    "relative_mse": {
      "mean": 0.23228532075881958,
      "std": 2.073103666305542,
      "variance": 4.29775857925415,
      "count": 433440
    }
  },
  "valid1": {
    "mse": {
      "mean": 0.0006337172235362232
    },
    "nmse": {
      "mean": 0.36633890867233276
    },
    "mae": {
      "mean": 0.011102511547505856
    },
    "nmae": {
      "mean": 0.24861814081668854
    },
    "relative_mse": {
      "mean": 0.2082560807466507
    }
  },
  "valid2": {
    "mse": {
      "mean": 0.0006449026404879987
    },
    "nmse": {
      "mean": 0.2607061266899109
    },
    "mae": {
      "mean": 0.011105223558843136
    },
    "nmae": {
      "mean": 0.23663492500782013
    },
    "relative_mse": {
      "mean": 0.1604522168636322
    }
  }
}