{
  "test1": {
    "mse": {
      "mean": 0.0008934809593483806,
      "std": 0.0049243285320699215,
      "variance": 2.4249011403298937e-05,
      "count": 1488240
    },
    "nmse": {
      "mean": 0.3695763647556305,
      "std": 3.2327311038970947,
      "variance": 10.45055103302002,
      "count": 1488240
    },
    "mae": {
      "mean": 0.014194916002452374,
      "std": 0.026305614039301872,
      "variance": 0.0006919853040017188,
      "count": 1488240
    },
    "nmae": {
      "mean": 0.301280677318573,
      "std": 0.5280211567878723,
      "variance": 0.27880632877349854,
      "count": 1488240
    },
    "relative_mse": {
      "mean": 0.25550371408462524,
      "std": 2.3093838691711426,
      "variance": 5.333253383636475,
      "count": 1488240
    }
  },
  "test2": {
    "mse": {
      "mean": 0.0009117580484598875,
      "std": 0.005309843458235264,
      "variance": 2.819443579937797e-05,
      "count": 373680
    },
    "nmse": {
      "mean": 0.3245519995689392,
      "std": 2.05010986328125,
      "variance": 4.202950477600098,
      "count": 373680
    },
    "mae": {
      "mean": 0.014344407245516777,
      "std": 0.026570584625005722,
      "variance": 0.0007059959461912513,
      "count": 373680
    },
    "nmae": {
      "mean": 0.2977054715156555,
      "std": 0.4857195019721985,
      "variance": 0.23592343926429749,
      "count": 373680
    },
    "relative_mse": {
      "mean": 0.2362922877073288,
      "std": 1.5286492109298706,
      "variance": 2.33676815032959,
      "count": 373680
    }
  }
}