{
  "test1": {
    "mse": {
      "mean": 0.09724900871515274,
      "std": 0.2754073441028595,
      "variance": 0.07584921270608902,
      "count": 2199288
    },
    "nmse": {
      "mean": 33.778114318847656,
      "std": 98.12187194824219,
      "variance": 9627.90234375,
      "count": 2199288
    },
    "mae": {
      "mean": 0.19615139067173004,
      "std": 0.24243275821208954,
      "variance": 0.05877364054322243,
      "count": 2199288
    },
    "nmae": {
      "mean": 3.994351863861084,
      "std": 4.221761226654053,
      "variance": 17.823266983032227,
      "count": 2199288
    },
    "relative_mse": {
      "mean": 26.30373764038086,
      "std": 258.8078918457031,
      "variance": 66981.53125,
      "count": 2199288
    }
  },
  "test2": {
    "mse": {
      "mean": 0.08795474469661713,
      "std": 0.25904446840286255,
      "variance": 0.0671040341258049,
      "count": 552216
    },
    "nmse": {
      "mean": 32.10115432739258,
      "std": 68.24040985107422,
      "variance": 4656.7529296875,
      "count": 552216
    },
    "mae": {
      "mean": 0.18151801824569702,
      "std": 0.23453344404697418,
      "variance": 0.055005937814712524,
      "count": 552216
    },
    "nmae": {
      "mean": 3.853213310241699,
      "std": 4.153781414031982,
      "variance": 17.2539005279541,
      "count": 552216
    },
    "relative_mse": {
      "mean": 21.87032699584961,
      "std": 62.081695556640625,
      "variance": 3854.13671875,
      "count": 552216
    }
  }
}