{
  "test1": {
    "mse": {
      "mean": 186936.78125,
      "std": 8616320.0,
      "variance": 74240967573504.0,
      "count": 1266912
    },
    "nmse": {
      "mean": 0.24590446054935455,
      "std": 12.869214057922363,
      "variance": 165.61668395996094,
      "count": 1266912
    },
    "mae": {
      "mean": 121.47518157958984,
      "std": 414.94647216796875,
      "variance": 172180.5625,
      "count": 1266912
    },
    "nmae": {
      "mean": 0.27089929580688477,
      "std": 0.41535288095474243,
      "variance": 0.17251801490783691,
      "count": 1266912
    },
    "relative_mse": {
      "mean": 0.039709046483039856,
      "std": 0.9811444282531738,
      "variance": 0.9626443386077881,
      "count": 1266912
    }
  },
  "test2": {
    "mse": {
      "mean": 14840816.0,
      "std": 307810880.0,
      "variance": 9.474753689550848e+16,
      "count": 320544
    },
    "nmse": {
      "mean": 0.20076419413089752,
      "std": 2.212989330291748,
      "variance": 4.897322177886963,
      "count": 320544
    },
    "mae": {
      "mean": 458.881591796875,
      "std": 3824.9501953125,
      "variance": 14630244.0,
      "count": 320544
    },
    "nmae": {
      "mean": 0.2789285480976105,
      "std": 0.35066089034080505,
      "variance": 0.1229630708694458,
      "count": 320544
    },
    "relative_mse": {
      "mean": 0.031875625252723694,
      "std": 0.3314228653907776,
      "variance": 0.10984110832214355,
      "count": 320544
    }
  }
}