{
  "test1": {
    "mse": {
      "mean": 0.10366669297218323,
      "std": 0.27495917677879333,
      "variance": 0.07560254633426666,
      "count": 2199288
    },
    "nmse": {
      "mean": 30.7276611328125,
      "std": 71.07929992675781,
      "variance": 5052.26708984375,
      "count": 2199288
    },
    "mae": {
      "mean": 0.2038148045539856,
      "std": 0.24925130605697632,
      "variance": 0.06212621182203293,
      "count": 2199288
    },
    "nmae": {
      "mean": 3.9214768409729004,
      "std": 3.9178667068481445,
      "variance": 15.349679946899414,
      "count": 2199288
    },
    "relative_mse": {
      "mean": 25.333158493041992,
      "std": 116.6339340209961,
      "variance": 13603.474609375,
      "count": 2199288
    }
  },
  "test2": {
    "mse": {
      "mean": 0.0938318595290184,
      "std": 0.23053903877735138,
      "variance": 0.05314825102686882,
      "count": 552216
    },
    "nmse": {
      "mean": 31.266592025756836,
      "std": 57.02801513671875,
      "variance": 3252.194580078125,
      "count": 552216
    },
    "mae": {
      "mean": 0.19594460725784302,
      "std": 0.2354518324136734,
      "variance": 0.055437564849853516,
      "count": 552216
    },
    "nmae": {
      "mean": 3.967477798461914,
      "std": 3.940268039703369,
      "variance": 15.525712013244629,
      "count": 552216
    },
    "relative_mse": {
      "mean": 25.60357093811035,
      "std": 68.99642181396484,
      "variance": 4760.50634765625,
      "count": 552216
    }
  }
}