{
  "test1": {
    "mse": {
      "mean": 0.0008320313645526767,
      "std": 0.004911044612526894,
      "variance": 2.4118360670399852e-05,
      "count": 1967784
    },
    "nmse": {
      "mean": 111116368.0,
      "std": 10204962816.0,
      "variance": 1.0414126417159442e+20,
      "count": 1967784
    },
    "mae": {
      "mean": 0.013253787532448769,
      "std": 0.025619689375162125,
      "variance": 0.0006563685019500554,
      "count": 1967784
    },
    "nmae": {
      "mean": 146.87948608398438,
      "std": 10540.150390625,
      "variance": 111094776.0,
      "count": 1967784
    },
    "relative_mse": {
      "mean": 111116368.0,
      "std": 10204962816.0,
      "variance": 1.0414126417159442e+20,
      "count": 1967784
    }
  },
  "test2": {
    "mse": {
      "mean": 0.0007632537162862718,
      "std": 0.004401857499033213,
      "variance": 1.9376351701794192e-05,
      "count": 494088
    },
    "nmse": {
      "mean": 0.33477696776390076,
      "std": 3.829577684402466,
      "variance": 14.665665626525879,
      "count": 494088
    },
    "mae": {
      "mean": 0.012786716222763062,
      "std": 0.024489866569638252,
      "variance": 0.0005997535772621632,
      "count": 494088
    },
    "nmae": {
      "mean": 0.2822771370410919,
      "std": 0.5050708651542664,
      "variance": 0.25509655475616455,
      "count": 494088
    },
    "relative_mse": {
      "mean": 0.23304781317710876,
      "std": 2.1910958290100098,
      "variance": 4.800900936126709,
      "count": 494088
    }
  }
}