{
  "test1": {
    "mse": {
      "mean": 156075.109375,
      "std": 9224470.0,
      "variance": 85090851880960.0,
      "count": 1183248
    },
    "nmse": {
      "mean": 0.1731320172548294,
      "std": 6.575939655303955,
      "variance": 43.24298095703125,
      "count": 1183248
    },
    "mae": {
      "mean": 100.71607971191406,
      "std": 382.0096740722656,
      "variance": 145931.390625,
      "count": 1183248
    },
    "nmae": {
      "mean": 0.251377135515213,
      "std": 0.33157432079315186,
      "variance": 0.10994153469800949,
      "count": 1183248
    },
    "relative_mse": {
      "mean": 0.0328269898891449,
      "std": 0.4943671226501465,
      "variance": 0.24439884722232819,
      "count": 1183248
    }
  },
  "test2": {
    "mse": {
      "mean": 13261693.0,
      "std": 248536960.0,
      "variance": 6.177062337799782e+16,
      "count": 299376
    },
    "nmse": {
      "mean": 0.12976817786693573,
      "std": 0.45698097348213196,
      "variance": 0.20883162319660187,
      "count": 299376
    },
    "mae": {
      "mean": 513.114013671875,
      "std": 3605.33056640625,
      "variance": 12998408.0,
      "count": 299376
    },
    "nmae": {
      "mean": 0.23627959191799164,
      "std": 0.271919310092926,
      "variance": 0.07394010573625565,
      "count": 299376
    },
    "relative_mse": {
      "mean": 0.020694000646471977,
      "std": 0.14720003306865692,
      "variance": 0.0216678474098444,
      "count": 299376
    }
  }
}