{
  "test1": {
    "mse": {
      "mean": 14.438937187194824,
      "std": 59.84034729003906,
      "variance": 3580.8671875,
      "count": 1127496
    },
    "nmse": {
      "mean": 0.7897487878799438,
      "std": 7.323887825012207,
      "variance": 53.63933563232422,
      "count": 1127496
    },
    "mae": {
      "mean": 2.293055772781372,
      "std": 3.0299887657165527,
      "variance": 9.180832862854004,
      "count": 1127496
    },
    "nmae": {
      "mean": 0.40670016407966614,
      "std": 0.7901542782783508,
      "variance": 0.624343752861023,
      "count": 1127496
    },
    "relative_mse": {
      "mean": 3.096346139907837,
      "std": 33.76632308959961,
      "variance": 1140.1646728515625,
      "count": 1127496
    }
  },
  "test2": {
    "mse": {
      "mean": 15.504743576049805,
      "std": 60.88764572143555,
      "variance": 3707.305419921875,
      "count": 289632
    },
    "nmse": {
      "mean": 0.7546499967575073,
      "std": 6.207464218139648,
      "variance": 38.53261184692383,
      "count": 289632
    },
    "mae": {
      "mean": 2.398559093475342,
      "std": 3.1227645874023438,
      "variance": 9.75165843963623,
      "count": 289632
    },
    "nmae": {
      "mean": 0.406649649143219,
      "std": 0.7676496505737305,
      "variance": 0.5892860293388367,
      "count": 289632
    },
    "relative_mse": {
      "mean": 2.890117883682251,
      "std": 26.796218872070312,
      "variance": 718.037353515625,
      "count": 289632
    }
  }
}