{
  "test1": {
    "mse": {
      "mean": 13.370080947875977,
      "std": 59.98151397705078,
      "variance": 3597.781982421875,
      "count": 1127496
    },
    "nmse": {
      "mean": 0.6959303021430969,
      "std": 6.281137466430664,
      "variance": 39.45268630981445,
      "count": 1127496
    },
    "mae": {
      "mean": 2.1145195960998535,
      "std": 2.983100175857544,
      "variance": 8.898886680603027,
      "count": 1127496
    },
    "nmae": {
      "mean": 0.378415584564209,
      "std": 0.7434594035148621,
      "variance": 0.5527318716049194,
      "count": 1127496
    },
    "relative_mse": {
      "mean": 2.7205066680908203,
      "std": 28.233552932739258,
      "variance": 797.1334838867188,
      "count": 1127496
    }
  },
  "test2": {
    "mse": {
      "mean": 14.173054695129395,
      "std": 58.13619613647461,
      "variance": 3379.8173828125,
      "count": 289632
    },
    "nmse": {
      "mean": 0.6796399354934692,
      "std": 5.501636028289795,
      "variance": 30.26799774169922,
      "count": 289632
    },
    "mae": {
      "mean": 2.20820689201355,
      "std": 3.0490779876708984,
      "variance": 9.296876907348633,
      "count": 289632
    },
    "nmae": {
      "mean": 0.37922799587249756,
      "std": 0.7320014238357544,
      "variance": 0.5358260869979858,
      "count": 289632
    },
    "relative_mse": {
      "mean": 2.6267154216766357,
      "std": 23.85801887512207,
      "variance": 569.205078125,
      "count": 289632
    }
  }
}