{
  "test1": {
    "mse": {
      "mean": 0.0007555586635135114,
      "std": 0.004517104476690292,
      "variance": 2.04042335099075e-05,
      "count": 2067000
    },
    "nmse": {
      "mean": 0.26303741335868835,
      "std": 2.6512606143951416,
      "variance": 7.0291829109191895,
      "count": 2067000
    },
    "mae": {
      "mean": 0.012747623026371002,
      "std": 0.02435275726020336,
      "variance": 0.0005930567276664078,
      "count": 2067000
    },
    "nmae": {
      "mean": 0.25528478622436523,
      "std": 0.4448225200176239,
      "variance": 0.19786706566810608,
      "count": 2067000
    },
    "relative_mse": {
      "mean": 0.1968182474374771,
      "std": 2.8836796283721924,
      "variance": 8.315608024597168,
      "count": 2067000
    }
  },
  "test2": {
    "mse": {
      "mean": 0.0006568296812474728,
      "std": 0.003791593248024583,
      "variance": 1.4376179933606181e-05,
      "count": 519000
    },
    "nmse": {
      "mean": 0.2711268365383148,
      "std": 3.05432391166687,
      "variance": 9.328893661499023,
      "count": 519000
    },
    "mae": {
      "mean": 0.011971771717071533,
      "std": 0.02266067825257778,
      "variance": 0.000513506296556443,
      "count": 519000
    },
    "nmae": {
      "mean": 0.2570578157901764,
      "std": 0.45282238721847534,
      "variance": 0.2050480991601944,
      "count": 519000
    },
    "relative_mse": {
      "mean": 0.1838722676038742,
      "std": 1.5902026891708374,
      "variance": 2.5287444591522217,
      "count": 519000
    }
  }
}