{
  "test1": {
    "mse": {
      "mean": 0.0007339976727962494,
      "std": 0.004419491160660982,
      "variance": 1.953190439962782e-05,
      "count": 2064000
    },
    "nmse": {
      "mean": 0.26500430703163147,
      "std": 2.670430898666382,
      "variance": 7.131200790405273,
      "count": 2064000
    },
    "mae": {
      "mean": 0.012485511600971222,
      "std": 0.024043912068009377,
      "variance": 0.0005781096406280994,
      "count": 2064000
    },
    "nmae": {
      "mean": 0.25492429733276367,
      "std": 0.4472336173057556,
      "variance": 0.20001791417598724,
      "count": 2064000
    },
    "relative_mse": {
      "mean": 0.19456246495246887,
      "std": 1.7354692220687866,
      "variance": 3.0118532180786133,
      "count": 2064000
    }
  },
  "test2": {
    "mse": {
      "mean": 0.0007500035571865737,
      "std": 0.004274698905646801,
      "variance": 1.8273050955031067e-05,
      "count": 516000
    },
    "nmse": {
      "mean": 0.26519647240638733,
      "std": 3.0381569862365723,
      "variance": 9.230398178100586,
      "count": 516000
    },
    "mae": {
      "mean": 0.012993188574910164,
      "std": 0.024107689037919044,
      "variance": 0.000581180676817894,
      "count": 516000
    },
    "nmae": {
      "mean": 0.2589688301086426,
      "std": 0.4451197385787964,
      "variance": 0.19813159108161926,
      "count": 516000
    },
    "relative_mse": {
      "mean": 0.19268937408924103,
      "std": 4.901881694793701,
      "variance": 24.028446197509766,
      "count": 516000
    }
  },
  "valid1": {
    "mse": {
      "mean": 0.0005394231411628425
    },
    "nmse": {
      "mean": 0.22315001487731934
    },
    "mae": {
      "mean": 0.010171602480113506
    },
    "nmae": {
      "mean": 0.2219446301460266
    },
    "relative_mse": {
      "mean": 0.14600372314453125
    }
  },
  "valid2": {
    "mse": {
      "mean": 0.0005635498091578484
    },
    "nmse": {
      "mean": 0.24009424448013306
    },
    "mae": {
      "mean": 0.010758745484054089
    },
    "nmae": {
      "mean": 0.22727452218532562
    },
    "relative_mse": {
      "mean": 0.19037458300590515
    }
  }
}