{
  "test1": {
    "mse": {
      "mean": 18.914321899414062,
      "std": 68.29144287109375,
      "variance": 4663.7216796875,
      "count": 1080408
    },
    "nmse": {
      "mean": 0.34020209312438965,
      "std": 1.248702883720398,
      "variance": 1.5592588186264038,
      "count": 1080408
    },
    "mae": {
      "mean": 2.3074963092803955,
      "std": 3.686432123184204,
      "variance": 13.589781761169434,
      "count": 1080408
    },
    "nmae": {
      "mean": 0.31321901082992554,
      "std": 0.4920324683189392,
      "variance": 0.242095947265625,
      "count": 1080408
    },
    "relative_mse": {
      "mean": 1.1781269311904907,
      "std": 5.344333171844482,
      "variance": 28.561899185180664,
      "count": 1080408
    }
  },
  "test2": {
    "mse": {
      "mean": 20.85152244567871,
      "std": 74.23080444335938,
      "variance": 5510.21240234375,
      "count": 277536
    },
    "nmse": {
      "mean": 0.3529980778694153,
      "std": 1.3782488107681274,
      "variance": 1.8995698690414429,
      "count": 277536
    },
    "mae": {
      "mean": 2.426746368408203,
      "std": 3.868129253387451,
      "variance": 14.962423324584961,
      "count": 277536
    },
    "nmae": {
      "mean": 0.3159998953342438,
      "std": 0.5031323432922363,
      "variance": 0.25314217805862427,
      "count": 277536
    },
    "relative_mse": {
      "mean": 1.212954044342041,
      "std": 5.651098251342773,
      "variance": 31.934913635253906,
      "count": 277536
    }
  },
  "valid1": {
    "mse": {
      "mean": 15.5999174118042
    },
    "nmse": {
      "mean": 0.17901264131069183
    },
    "mae": {
      "mean": 2.154076099395752
    },
    "nmae": {
      "mean": 0.24637509882450104
    },
    "relative_mse": {
      "mean": 0.3732430040836334
    }
  },
  "valid2": {
    "mse": {
      "mean": 16.27434730529785
    },
    "nmse": {
      "mean": 0.17714357376098633
    },
    "mae": {
      "mean": 2.2099645137786865
    },
    "nmae": {
      "mean": 0.24517671763896942
    },
    "relative_mse": {
      "mean": 0.37035709619522095
    }
  }
}