{
  "test1": {
    "mse": {
      "mean": 0.0008157194242812693,
      "std": 0.004861734341830015,
      "variance": 2.363646126468666e-05,
      "count": 1852032
    },
    "nmse": {
      "mean": 51216536.0,
      "std": 6263415296.0,
      "variance": 3.923037256890817e+19,
      "count": 1852032
    },
    "mae": {
      "mean": 0.013088780455291271,
      "std": 0.025385098531842232,
      "variance": 0.0006444032769650221,
      "count": 1852032
    },
    "nmae": {
      "mean": 78.83061218261719,
      "std": 7156.13916015625,
      "variance": 51210324.0,
      "count": 1852032
    },
    "relative_mse": {
      "mean": 51216536.0,
      "std": 6263415296.0,
      "variance": 3.923037256890817e+19,
      "count": 1852032
    }
  },
  "test2": {
    "mse": {
      "mean": 0.0007067199912853539,
      "std": 0.004033426288515329,
      "variance": 1.626852827030234e-05,
      "count": 465024
    },
    "nmse": {
      "mean": 0.30658969283103943,
      "std": 3.446929931640625,
      "variance": 11.881325721740723,
      "count": 465024
    },
    "mae": {
      "mean": 0.01227550394833088,
      "std": 0.02358032949268818,
      "variance": 0.0005560319405049086,
      "count": 465024
    },
    "nmae": {
      "mean": 0.2717359662055969,
      "std": 0.4824409782886505,
      "variance": 0.23274928331375122,
      "count": 465024
    },
    "relative_mse": {
      "mean": 0.20003120601177216,
      "std": 1.7457971572875977,
      "variance": 3.0478079319000244,
      "count": 465024
    }
  }
}