{
  "test1": {
    "mse": {
      "mean": 15005977.0,
      "std": 455715584.0,
      "variance": 2.076766839672668e+17,
      "count": 1129464
    },
    "nmse": {
      "mean": 0.4966946244239807,
      "std": 7.0535430908203125,
      "variance": 49.752471923828125,
      "count": 1129464
    },
    "mae": {
      "mean": 393.4847412109375,
      "std": 3853.718505859375,
      "variance": 14851147.0,
      "count": 1129464
    },
    "nmae": {
      "mean": 0.4605220854282379,
      "std": 0.5334922671318054,
      "variance": 0.28461402654647827,
      "count": 1129464
    },
    "relative_mse": {
      "mean": 0.10398252308368683,
      "std": 1.1073590517044067,
      "variance": 1.2262439727783203,
      "count": 1129464
    }
  },
  "test2": {
    "mse": {
      "mean": 307141.875,
      "std": 2538253.25,
      "variance": 6442729340928.0,
      "count": 285768
    },
    "nmse": {
      "mean": 0.6267916560173035,
      "std": 7.0840559005737305,
      "variance": 50.1838493347168,
      "count": 285768
    },
    "mae": {
      "mean": 194.981689453125,
      "std": 518.7716674804688,
      "variance": 269124.0,
      "count": 285768
    },
    "nmae": {
      "mean": 0.4629361629486084,
      "std": 0.6422473788261414,
      "variance": 0.41248172521591187,
      "count": 285768
    },
    "relative_mse": {
      "mean": 0.07036038488149643,
      "std": 0.6808534860610962,
      "variance": 0.46356144547462463,
      "count": 285768
    }
  }
}