{
  "test1": {
    "mse": {
      "mean": 4182601.25,
      "std": 138665008.0,
      "variance": 1.922798661612339e+16,
      "count": 1266912
    },
    "nmse": {
      "mean": 0.31805935502052307,
      "std": 12.528655052185059,
      "variance": 156.9672088623047,
      "count": 1266912
    },
    "mae": {
      "mean": 252.08950805664062,
      "std": 2029.5447998046875,
      "variance": 4119052.25,
      "count": 1266912
    },
    "nmae": {
      "mean": 0.34148135781288147,
      "std": 0.4488316476345062,
      "variance": 0.20144985616207123,
      "count": 1266912
    },
    "relative_mse": {
      "mean": 0.06262879818677902,
      "std": 1.0707694292068481,
      "variance": 1.1465473175048828,
      "count": 1266912
    }
  },
  "test2": {
    "mse": {
      "mean": 192789.078125,
      "std": 1943521.125,
      "variance": 3777274576896.0,
      "count": 320544
    },
    "nmse": {
      "mean": 0.32237038016319275,
      "std": 6.665607929229736,
      "variance": 44.430328369140625,
      "count": 320544
    },
    "mae": {
      "mean": 148.43544006347656,
      "std": 413.226318359375,
      "variance": 170755.984375,
      "count": 320544
    },
    "nmae": {
      "mean": 0.34266161918640137,
      "std": 0.4527178108692169,
      "variance": 0.2049534171819687,
      "count": 320544
    },
    "relative_mse": {
      "mean": 0.03647086024284363,
      "std": 0.2944551110267639,
      "variance": 0.0867038145661354,
      "count": 320544
    }
  },
  "valid1": {
    "mse": {
      "mean": 1520331.5
    },
    "nmse": {
      "mean": 0.370144784450531
    },
    "mae": {
      "mean": 196.63026428222656
    },
    "nmae": {
      "mean": 0.3327144980430603
    },
    "relative_mse": {
      "mean": 0.07031596451997757
    }
  },
  "valid2": {
    "mse": {
      "mean": 174647.40625
    },
    "nmse": {
      "mean": 0.28188443183898926
    },
    "mae": {
      "mean": 141.38250732421875
    },
    "nmae": {
      "mean": 0.3371374011039734
    },
    "relative_mse": {
      "mean": 0.035892680287361145
    }
  }
}