{
  "test1": {
    "mse": {
      "mean": 0.0008392352028749883,
      "std": 0.004568682983517647,
      "variance": 2.0872863387921825e-05,
      "count": 2298504
    },
    "nmse": {
      "mean": 0.33922675251960754,
      "std": 7.301739692687988,
      "variance": 53.31540298461914,
      "count": 2298504
    },
    "mae": {
      "mean": 0.014272036030888557,
      "std": 0.025210000574588776,
      "variance": 0.0006355441873893142,
      "count": 2298504
    },
    "nmae": {
      "mean": 0.29574623703956604,
      "std": 0.5017578601837158,
      "variance": 0.25176092982292175,
      "count": 2298504
    },
    "relative_mse": {
      "mean": 1.011648178100586,
      "std": 261.88653564453125,
      "variance": 68584.5625,
      "count": 2298504
    }
  },
  "test2": {
    "mse": {
      "mean": 0.0008680762839503586,
      "std": 0.004923256114125252,
      "variance": 2.423845035082195e-05,
      "count": 577128
    },
    "nmse": {
      "mean": 0.3570367991924286,
      "std": 4.046040058135986,
      "variance": 16.370439529418945,
      "count": 577128
    },
    "mae": {
      "mean": 0.014290137216448784,
      "std": 0.025765640661120415,
      "variance": 0.0006638682680204511,
      "count": 577128
    },
    "nmae": {
      "mean": 0.2996355891227722,
      "std": 0.5169674158096313,
      "variance": 0.2672553062438965,
      "count": 577128
    },
    "relative_mse": {
      "mean": 0.8064497709274292,
      "std": 55.557064056396484,
      "variance": 3086.58740234375,
      "count": 577128
    }
  }
}