{
  "test1": {
    "mse": {
      "mean": 0.0008117760880850255,
      "std": 0.004788660444319248,
      "variance": 2.2931268176762387e-05,
      "count": 1967784
    },
    "nmse": {
      "mean": 0.2961733937263489,
      "std": 2.617999792098999,
      "variance": 6.8539228439331055,
      "count": 1967784
    },
    "mae": {
      "mean": 0.01296564657241106,
      "std": 0.025370614603161812,
      "variance": 0.000643668114207685,
      "count": 1967784
    },
    "nmae": {
      "mean": 0.2662779688835144,
      "std": 0.4746255576610565,
      "variance": 0.2252694070339203,
      "count": 1967784
    },
    "relative_mse": {
      "mean": 0.2152118980884552,
      "std": 3.125809669494629,
      "variance": 9.770686149597168,
      "count": 1967784
    }
  },
  "test2": {
    "mse": {
      "mean": 0.0008279544417746365,
      "std": 0.005001462064683437,
      "variance": 2.5014624043251388e-05,
      "count": 494088
    },
    "nmse": {
      "mean": 0.32243192195892334,
      "std": 3.80085825920105,
      "variance": 14.446523666381836,
      "count": 494088
    },
    "mae": {
      "mean": 0.013056530617177486,
      "std": 0.02564140036702156,
      "variance": 0.0006574814324267209,
      "count": 494088
    },
    "nmae": {
      "mean": 0.270569771528244,
      "std": 0.49922335147857666,
      "variance": 0.24922394752502441,
      "count": 494088
    },
    "relative_mse": {
      "mean": 0.22331549227237701,
      "std": 2.031573534011841,
      "variance": 4.127291202545166,
      "count": 494088
    }
  }
}