{
  "test1": {
    "mse": {
      "mean": 19.51003074645996,
      "std": 60.28193283081055,
      "variance": 3633.9111328125,
      "count": 1043784
    },
    "nmse": {
      "mean": 0.3481312394142151,
      "std": 0.9873952269554138,
      "variance": 0.974949300289154,
      "count": 1043784
    },
    "mae": {
      "mean": 2.424043655395508,
      "std": 3.6924304962158203,
      "variance": 13.634042739868164,
      "count": 1043784
    },
    "nmae": {
      "mean": 0.3289180397987366,
      "std": 0.48984095454216003,
      "variance": 0.23994417488574982,
      "count": 1043784
    },
    "relative_mse": {
      "mean": 1.077592372894287,
      "std": 3.5250039100646973,
      "variance": 12.425653457641602,
      "count": 1043784
    }
  },
  "test2": {
    "mse": {
      "mean": 29.917804718017578,
      "std": 113.53632354736328,
      "variance": 12890.4970703125,
      "count": 268128
    },
    "nmse": {
      "mean": 0.3497750163078308,
      "std": 1.0057387351989746,
      "variance": 1.0115104913711548,
      "count": 268128
    },
    "mae": {
      "mean": 2.8382017612457275,
      "std": 4.675726413726807,
      "variance": 21.862415313720703,
      "count": 268128
    },
    "nmae": {
      "mean": 0.32855674624443054,
      "std": 0.4917575716972351,
      "variance": 0.24182549118995667,
      "count": 268128
    },
    "relative_mse": {
      "mean": 1.120032787322998,
      "std": 3.6962180137634277,
      "variance": 13.662028312683105,
      "count": 268128
    }
  }
}