{
  "test1": {
    "mse": {
      "mean": 0.0008083900320343673,
      "std": 0.004684820305556059,
      "variance": 2.1947542336420156e-05,
      "count": 1736280
    },
    "nmse": {
      "mean": 0.3283405601978302,
      "std": 3.3599178791046143,
      "variance": 11.289048194885254,
      "count": 1736280
    },
    "mae": {
      "mean": 0.013095444068312645,
      "std": 0.025236867368221283,
      "variance": 0.0006368994363583624,
      "count": 1736280
    },
    "nmae": {
      "mean": 0.27456170320510864,
      "std": 0.5029477477073669,
      "variance": 0.25295644998550415,
      "count": 1736280
    },
    "relative_mse": {
      "mean": 0.22846688330173492,
      "std": 3.7048254013061523,
      "variance": 13.725730895996094,
      "count": 1736280
    }
  },
  "test2": {
    "mse": {
      "mean": 0.0008220801246352494,
      "std": 0.005125533789396286,
      "variance": 2.6271098249708302e-05,
      "count": 435960
    },
    "nmse": {
      "mean": 0.29496729373931885,
      "std": 2.4107022285461426,
      "variance": 5.811485767364502,
      "count": 435960
    },
    "mae": {
      "mean": 0.013118208386003971,
      "std": 0.025494955480098724,
      "variance": 0.0006499927258118987,
      "count": 435960
    },
    "nmae": {
      "mean": 0.2698747217655182,
      "std": 0.47131189703941345,
      "variance": 0.22213491797447205,
      "count": 435960
    },
    "relative_mse": {
      "mean": 0.21193988621234894,
      "std": 1.5020990371704102,
      "variance": 2.2563014030456543,
      "count": 435960
    }
  }
}