{
  "test1": {
    "mse": {
      "mean": 0.0008106409222818911,
      "std": 0.004740532953292131,
      "variance": 2.2472653654403985e-05,
      "count": 1733760
    },
    "nmse": {
      "mean": 0.3177352845668793,
      "std": 3.0406200885772705,
      "variance": 9.245369911193848,
      "count": 1733760
    },
    "mae": {
      "mean": 0.01320941187441349,
      "std": 0.025222063064575195,
      "variance": 0.0006361524574458599,
      "count": 1733760
    },
    "nmae": {
      "mean": 0.2758994996547699,
      "std": 0.4915432631969452,
      "variance": 0.24161477386951447,
      "count": 1733760
    },
    "relative_mse": {
      "mean": 0.22324764728546143,
      "std": 3.630981683731079,
      "variance": 13.184028625488281,
      "count": 1733760
    }
  },
  "test2": {
    "mse": {
      "mean": 0.0008205714984796941,
      "std": 0.004860342014580965,
      "variance": 2.3622926164534874e-05,
      "count": 433440
    },
    "nmse": {
      "mean": 0.3368131220340729,
      "std": 3.729871988296509,
      "variance": 13.911945343017578,
      "count": 433440
    },
    "mae": {
      "mean": 0.013311270624399185,
      "std": 0.025364968925714493,
      "variance": 0.0006433816161006689,
      "count": 433440
    },
    "nmae": {
      "mean": 0.27634918689727783,
      "std": 0.5103374123573303,
      "variance": 0.2604442834854126,
      "count": 433440
    },
    "relative_mse": {
      "mean": 0.2312697172164917,
      "std": 2.081982135772705,
      "variance": 4.334649562835693,
      "count": 433440
    }
  },
  "valid1": {
    "mse": {
      "mean": 0.0006312655750662088
    },
    "nmse": {
      "mean": 0.3636738359928131
    },
    "mae": {
      "mean": 0.011004573665559292
    },
    "nmae": {
      "mean": 0.2434602826833725
    },
    "relative_mse": {
      "mean": 0.20668695867061615
    }
  },
  "valid2": {
    "mse": {
      "mean": 0.0006441427976824343
    },
    "nmse": {
      "mean": 0.25905415415763855
    },
    "mae": {
      "mean": 0.011060676537454128
    },
    "nmae": {
      "mean": 0.23382514715194702
    },
    "relative_mse": {
      "mean": 0.15947897732257843
    }
  }
}