{
  "test1": {
    "mse": {
      "mean": 4160418.75,
      "std": 138458448.0,
      "variance": 1.9170741144518656e+16,
      "count": 1266912
    },
    "nmse": {
      "mean": 0.31684228777885437,
      "std": 12.527922630310059,
      "variance": 156.94883728027344,
      "count": 1266912
    },
    "mae": {
      "mean": 251.16122436523438,
      "std": 2024.1878662109375,
      "variance": 4097336.75,
      "count": 1266912
    },
    "nmae": {
      "mean": 0.3404720723628998,
      "std": 0.4482421576976776,
      "variance": 0.20092104375362396,
      "count": 1266912
    },
    "relative_mse": {
      "mean": 0.06229148432612419,
      "std": 1.0689653158187866,
      "variance": 1.1426867246627808,
      "count": 1266912
    }
  },
  "test2": {
    "mse": {
      "mean": 191498.265625,
      "std": 1936307.875,
      "variance": 3749288083456.0,
      "count": 320544
    },
    "nmse": {
      "mean": 0.32115092873573303,
      "std": 6.664628505706787,
      "variance": 44.41727066040039,
      "count": 320544
    },
    "mae": {
      "mean": 147.843994140625,
      "std": 411.874267578125,
      "variance": 169640.40625,
      "count": 320544
    },
    "nmae": {
      "mean": 0.34167957305908203,
      "std": 0.4521128237247467,
      "variance": 0.2044059932231903,
      "count": 320544
    },
    "relative_mse": {
      "mean": 0.03630639240145683,
      "std": 0.2940122187137604,
      "variance": 0.08644317835569382,
      "count": 320544
    }
  }
}