{
  "test1": {
    "mse": {
      "mean": 0.0008262612391263247,
      "std": 0.004920039791613817,
      "variance": 2.420678902126383e-05,
      "count": 1736280
    },
    "nmse": {
      "mean": 0.31509914994239807,
      "std": 2.9360060691833496,
      "variance": 8.620132446289062,
      "count": 1736280
    },
    "mae": {
      "mean": 0.013185868039727211,
      "std": 0.0255420058965683,
      "variance": 0.0006523940828628838,
      "count": 1736280
    },
    "nmae": {
      "mean": 0.2729324698448181,
      "std": 0.4905170798301697,
      "variance": 0.24060700833797455,
      "count": 1736280
    },
    "relative_mse": {
      "mean": 0.22260792553424835,
      "std": 3.6051456928253174,
      "variance": 12.997076034545898,
      "count": 1736280
    }
  },
  "test2": {
    "mse": {
      "mean": 0.000756959430873394,
      "std": 0.004344047978520393,
      "variance": 1.88707526831422e-05,
      "count": 435960
    },
    "nmse": {
      "mean": 0.351612389087677,
      "std": 4.11824369430542,
      "variance": 16.959932327270508,
      "count": 435960
    },
    "mae": {
      "mean": 0.012686342000961304,
      "std": 0.024413440376520157,
      "variance": 0.0005960161215625703,
      "count": 435960
    },
    "nmae": {
      "mean": 0.277951180934906,
      "std": 0.5237895846366882,
      "variance": 0.27435553073883057,
      "count": 435960
    },
    "relative_mse": {
      "mean": 0.2364879697561264,
      "std": 2.2975099086761475,
      "variance": 5.278552055358887,
      "count": 435960
    }
  }
}