{
  "test1": {
    "mse": {
      "mean": 0.09895691275596619,
      "std": 0.27995115518569946,
      "variance": 0.07837264984846115,
      "count": 2199288
    },
    "nmse": {
      "mean": 34.38493347167969,
      "std": 99.80691528320312,
      "variance": 9961.4208984375,
      "count": 2199288
    },
    "mae": {
      "mean": 0.19798769056797028,
      "std": 0.24445407092571259,
      "variance": 0.05975779518485069,
      "count": 2199288
    },
    "nmae": {
      "mean": 4.032430648803711,
      "std": 4.2572808265686035,
      "variance": 18.124439239501953,
      "count": 2199288
    },
    "relative_mse": {
      "mean": 26.74641227722168,
      "std": 260.8431091308594,
      "variance": 68039.125,
      "count": 2199288
    }
  },
  "test2": {
    "mse": {
      "mean": 0.08952884376049042,
      "std": 0.26336735486984253,
      "variance": 0.06936237215995789,
      "count": 552216
    },
    "nmse": {
      "mean": 32.68727111816406,
      "std": 69.39930725097656,
      "variance": 4816.263671875,
      "count": 552216
    },
    "mae": {
      "mean": 0.18324536085128784,
      "std": 0.23653748631477356,
      "variance": 0.05594997853040695,
      "count": 552216
    },
    "nmae": {
      "mean": 3.890451431274414,
      "std": 4.189469337463379,
      "variance": 17.551654815673828,
      "count": 552216
    },
    "relative_mse": {
      "mean": 22.256330490112305,
      "std": 63.09684371948242,
      "variance": 3981.211669921875,
      "count": 552216
    }
  }
}