{
  "test1": {
    "mse": {
      "mean": 21.978063583374023,
      "std": 80.0987777709961,
      "variance": 6415.814453125,
      "count": 1080408
    },
    "nmse": {
      "mean": 0.4284834861755371,
      "std": 1.9876439571380615,
      "variance": 3.95072865486145,
      "count": 1080408
    },
    "mae": {
      "mean": 2.528223991394043,
      "std": 3.9479293823242188,
      "variance": 15.586146354675293,
      "count": 1080408
    },
    "nmae": {
      "mean": 0.3397451937198639,
      "std": 0.5595147013664246,
      "variance": 0.31305667757987976,
      "count": 1080408
    },
    "relative_mse": {
      "mean": 1.5785824060440063,
      "std": 9.228620529174805,
      "variance": 85.16744232177734,
      "count": 1080408
    }
  },
  "test2": {
    "mse": {
      "mean": 17.93365478515625,
      "std": 54.2805290222168,
      "variance": 2946.375732421875,
      "count": 277536
    },
    "nmse": {
      "mean": 0.44184812903404236,
      "std": 2.0362443923950195,
      "variance": 4.146291255950928,
      "count": 277536
    },
    "mae": {
      "mean": 2.3856701850891113,
      "std": 3.4988903999328613,
      "variance": 12.242234230041504,
      "count": 277536
    },
    "nmae": {
      "mean": 0.34316593408584595,
      "std": 0.5692848563194275,
      "variance": 0.3240852653980255,
      "count": 277536
    },
    "relative_mse": {
      "mean": 1.6178401708602905,
      "std": 9.35348129272461,
      "variance": 87.48761749267578,
      "count": 277536
    }
  },
  "valid1": {
    "mse": {
      "mean": 16.70067596435547
    },
    "nmse": {
      "mean": 0.17670606076717377
    },
    "mae": {
      "mean": 2.279838800430298
    },
    "nmae": {
      "mean": 0.2529887557029724
    },
    "relative_mse": {
      "mean": 0.3666974902153015
    }
  },
  "valid2": {
    "mse": {
      "mean": 12.990246772766113
    },
    "nmse": {
      "mean": 0.17496255040168762
    },
    "mae": {
      "mean": 2.1283624172210693
    },
    "nmae": {
      "mean": 0.2519482374191284
    },
    "relative_mse": {
      "mean": 0.35398557782173157
    }
  }
}