{
  "test1": {
    "mse": {
      "mean": 9834421.0,
      "std": 432462912.0,
      "variance": 1.8702417910562816e+17,
      "count": 1254960
    },
    "nmse": {
      "mean": 0.42703869938850403,
      "std": 9.012194633483887,
      "variance": 81.21965789794922,
      "count": 1254960
    },
    "mae": {
      "mean": 323.50592041015625,
      "std": 3119.257080078125,
      "variance": 9729765.0,
      "count": 1254960
    },
    "nmae": {
      "mean": 0.40660274028778076,
      "std": 0.5115788578987122,
      "variance": 0.2617129385471344,
      "count": 1254960
    },
    "relative_mse": {
      "mean": 0.07167647778987885,
      "std": 1.0050469636917114,
      "variance": 1.0101193189620972,
      "count": 1254960
    }
  },
  "test2": {
    "mse": {
      "mean": 145695.03125,
      "std": 1104717.375,
      "variance": 1220400381952.0,
      "count": 317520
    },
    "nmse": {
      "mean": 1.1519453525543213,
      "std": 41.76939392089844,
      "variance": 1744.6822509765625,
      "count": 317520
    },
    "mae": {
      "mean": 147.9059600830078,
      "std": 351.8790588378906,
      "variance": 123818.8671875,
      "count": 317520
    },
    "nmae": {
      "mean": 0.42490139603614807,
      "std": 0.9855983257293701,
      "variance": 0.9714040756225586,
      "count": 317520
    },
    "relative_mse": {
      "mean": 0.10108121484518051,
      "std": 1.1855922937393188,
      "variance": 1.405629277229309,
      "count": 317520
    }
  }
}