{
  "test1": {
    "mse": {
      "mean": 0.0008932295022532344,
      "std": 0.0049372208304703236,
      "variance": 2.437614784867037e-05,
      "count": 1488240
    },
    "nmse": {
      "mean": 0.36809709668159485,
      "std": 3.227262020111084,
      "variance": 10.4152193069458,
      "count": 1488240
    },
    "mae": {
      "mean": 0.014056737534701824,
      "std": 0.026374945417046547,
      "variance": 0.000695637718308717,
      "count": 1488240
    },
    "nmae": {
      "mean": 0.29779767990112305,
      "std": 0.5285958647727966,
      "variance": 0.2794136106967926,
      "count": 1488240
    },
    "relative_mse": {
      "mean": 0.25470322370529175,
      "std": 2.302518606185913,
      "variance": 5.301591396331787,
      "count": 1488240
    }
  },
  "test2": {
    "mse": {
      "mean": 0.0009104632190428674,
      "std": 0.005327766295522451,
      "variance": 2.838509317371063e-05,
      "count": 373680
    },
    "nmse": {
      "mean": 0.3229058086872101,
      "std": 2.046154022216797,
      "variance": 4.186746120452881,
      "count": 373680
    },
    "mae": {
      "mean": 0.014202916994690895,
      "std": 0.02662217803299427,
      "variance": 0.0007087403791956604,
      "count": 373680
    },
    "nmae": {
      "mean": 0.2942744195461273,
      "std": 0.48611560463905334,
      "variance": 0.23630838096141815,
      "count": 373680
    },
    "relative_mse": {
      "mean": 0.23557092249393463,
      "std": 1.5224295854568481,
      "variance": 2.317791700363159,
      "count": 373680
    }
  }
}