{
  "test1": {
    "mse": {
      "mean": 0.0007455758168362081,
      "std": 0.0044109756126999855,
      "variance": 1.945670555869583e-05,
      "count": 2064000
    },
    "nmse": {
      "mean": 0.27142733335494995,
      "std": 2.6689376831054688,
      "variance": 7.123228073120117,
      "count": 2064000
    },
    "mae": {
      "mean": 0.012803595513105392,
      "std": 0.02411729283630848,
      "variance": 0.0005816438351757824,
      "count": 2064000
    },
    "nmae": {
      "mean": 0.26383593678474426,
      "std": 0.4492415189743042,
      "variance": 0.20181794464588165,
      "count": 2064000
    },
    "relative_mse": {
      "mean": 0.19878406822681427,
      "std": 1.7234283685684204,
      "variance": 2.970205545425415,
      "count": 2064000
    }
  },
  "test2": {
    "mse": {
      "mean": 0.000762261392083019,
      "std": 0.004258579108864069,
      "variance": 1.8135497157345526e-05,
      "count": 516000
    },
    "nmse": {
      "mean": 0.2713521420955658,
      "std": 3.0351181030273438,
      "variance": 9.211941719055176,
      "count": 516000
    },
    "mae": {
      "mean": 0.013308311812579632,
      "std": 0.02418987825512886,
      "variance": 0.0005851502646692097,
      "count": 516000
    },
    "nmae": {
      "mean": 0.2675378918647766,
      "std": 0.4469626545906067,
      "variance": 0.19977562129497528,
      "count": 516000
    },
    "relative_mse": {
      "mean": 0.19640770554542542,
      "std": 4.888729095458984,
      "variance": 23.899673461914062,
      "count": 516000
    }
  }
}