{
  "test1": {
    "mse": {
      "mean": 0.0007647011079825461,
      "std": 0.00451579038053751,
      "variance": 2.039236278505996e-05,
      "count": 2067000
    },
    "nmse": {
      "mean": 52657136.0,
      "std": 4392854016.0,
      "variance": 1.9297167939282665e+19,
      "count": 2067000
    },
    "mae": {
      "mean": 0.013011787086725235,
      "std": 0.024400707334280014,
      "variance": 0.0005953945219516754,
      "count": 2067000
    },
    "nmae": {
      "mean": 117.86237335205078,
      "std": 7255.56640625,
      "variance": 52643248.0,
      "count": 2067000
    },
    "relative_mse": {
      "mean": 52657136.0,
      "std": 4392854016.0,
      "variance": 1.9297167939282665e+19,
      "count": 2067000
    }
  },
  "test2": {
    "mse": {
      "mean": 0.0006648153648711741,
      "std": 0.0037814758252352476,
      "variance": 1.4299559552455321e-05,
      "count": 519000
    },
    "nmse": {
      "mean": 0.2775496244430542,
      "std": 3.0782039165496826,
      "variance": 9.475339889526367,
      "count": 519000
    },
    "mae": {
      "mean": 0.012248456478118896,
      "std": 0.02268899977207184,
      "variance": 0.0005147907650098205,
      "count": 519000
    },
    "nmae": {
      "mean": 0.26640796661376953,
      "std": 0.4545067548751831,
      "variance": 0.2065763920545578,
      "count": 519000
    },
    "relative_mse": {
      "mean": 0.18767115473747253,
      "std": 1.6000221967697144,
      "variance": 2.5600709915161133,
      "count": 519000
    }
  }
}