{
  "test1": {
    "mse": {
      "mean": 0.0016274088993668556,
      "std": 0.006293905433267355,
      "variance": 3.9613245462533087e-05,
      "count": 1488240
    },
    "nmse": {
      "mean": 0.796714723110199,
      "std": 3.805807590484619,
      "variance": 14.484171867370605,
      "count": 1488240
    },
    "mae": {
      "mean": 0.024256467819213867,
      "std": 0.032234031707048416,
      "variance": 0.0010390327079221606,
      "count": 1488240
    },
    "nmae": {
      "mean": 0.5535051226615906,
      "std": 0.7002477049827576,
      "variance": 0.4903468191623688,
      "count": 1488240
    },
    "relative_mse": {
      "mean": 0.4744284451007843,
      "std": 2.5776069164276123,
      "variance": 6.644057273864746,
      "count": 1488240
    }
  },
  "test2": {
    "mse": {
      "mean": 0.0018118544248864055,
      "std": 0.008027887903153896,
      "variance": 6.444699101848528e-05,
      "count": 373680
    },
    "nmse": {
      "mean": 0.7646834254264832,
      "std": 4.740842342376709,
      "variance": 22.4755859375,
      "count": 373680
    },
    "mae": {
      "mean": 0.024910785257816315,
      "std": 0.034515317529439926,
      "variance": 0.0011913072085008025,
      "count": 373680
    },
    "nmae": {
      "mean": 0.5510895848274231,
      "std": 0.6789578795433044,
      "variance": 0.4609837830066681,
      "count": 373680
    },
    "relative_mse": {
      "mean": 0.4735868573188782,
      "std": 2.741520881652832,
      "variance": 7.515936851501465,
      "count": 373680
    }
  }
}