{
  "test1": {
    "mse": {
      "mean": 0.0008145223837345839,
      "std": 0.004852921236306429,
      "variance": 2.3550846890429966e-05,
      "count": 1852032
    },
    "nmse": {
      "mean": 0.2857595980167389,
      "std": 2.526386260986328,
      "variance": 6.382627487182617,
      "count": 1852032
    },
    "mae": {
      "mean": 0.013057895004749298,
      "std": 0.02537742629647255,
      "variance": 0.0006440137512981892,
      "count": 1852032
    },
    "nmae": {
      "mean": 0.2625131905078888,
      "std": 0.4656677544116974,
      "variance": 0.21684645116329193,
      "count": 1852032
    },
    "relative_mse": {
      "mean": 0.2096969038248062,
      "std": 1.769572138786316,
      "variance": 3.131385564804077,
      "count": 1852032
    }
  },
  "test2": {
    "mse": {
      "mean": 0.0007065303507260978,
      "std": 0.004032437689602375,
      "variance": 1.6260553820757195e-05,
      "count": 465024
    },
    "nmse": {
      "mean": 0.3007754683494568,
      "std": 3.4761083126068115,
      "variance": 12.083329200744629,
      "count": 465024
    },
    "mae": {
      "mean": 0.012231552042067051,
      "std": 0.023599140346050262,
      "variance": 0.0005569194327108562,
      "count": 465024
    },
    "nmae": {
      "mean": 0.2649371325969696,
      "std": 0.4801914393901825,
      "variance": 0.2305838018655777,
      "count": 465024
    },
    "relative_mse": {
      "mean": 0.19718992710113525,
      "std": 1.7567813396453857,
      "variance": 3.086280584335327,
      "count": 465024
    }
  }
}