{
  "test1": {
    "mse": {
      "mean": 20.796627044677734,
      "std": 76.74352264404297,
      "variance": 5889.56884765625,
      "count": 1043784
    },
    "nmse": {
      "mean": 0.2990794777870178,
      "std": 0.7519655823707581,
      "variance": 0.5654522180557251,
      "count": 1043784
    },
    "mae": {
      "mean": 2.4174771308898926,
      "std": 3.8668372631073,
      "variance": 14.952430725097656,
      "count": 1043784
    },
    "nmae": {
      "mean": 0.3099946081638336,
      "std": 0.45053616166114807,
      "variance": 0.2029828280210495,
      "count": 1043784
    },
    "relative_mse": {
      "mean": 0.9158909916877747,
      "std": 2.602971076965332,
      "variance": 6.775457859039307,
      "count": 1043784
    }
  },
  "test2": {
    "mse": {
      "mean": 17.057941436767578,
      "std": 51.084590911865234,
      "variance": 2609.635498046875,
      "count": 268128
    },
    "nmse": {
      "mean": 0.30428820848464966,
      "std": 0.7551665306091309,
      "variance": 0.5702764987945557,
      "count": 268128
    },
    "mae": {
      "mean": 2.297028064727783,
      "std": 3.432433605194092,
      "variance": 11.781600952148438,
      "count": 268128
    },
    "nmae": {
      "mean": 0.3140776753425598,
      "std": 0.45347923040390015,
      "variance": 0.205643430352211,
      "count": 268128
    },
    "relative_mse": {
      "mean": 0.9221399426460266,
      "std": 2.5671730041503906,
      "variance": 6.5903778076171875,
      "count": 268128
    }
  },
  "valid1": {
    "mse": {
      "mean": 16.66132164001465
    },
    "nmse": {
      "mean": 0.17306318879127502
    },
    "mae": {
      "mean": 2.182616710662842
    },
    "nmae": {
      "mean": 0.24059534072875977
    },
    "relative_mse": {
      "mean": 0.33376002311706543
    }
  },
  "valid2": {
    "mse": {
      "mean": 13.242460250854492
    },
    "nmse": {
      "mean": 0.17691364884376526
    },
    "mae": {
      "mean": 2.070565700531006
    },
    "nmae": {
      "mean": 0.24441516399383545
    },
    "relative_mse": {
      "mean": 0.3343064486980438
    }
  }
}