{
  "test1": {
    "mse": {
      "mean": 0.0008999341516755521,
      "std": 0.005333024077117443,
      "variance": 2.844114351319149e-05,
      "count": 2199288
    },
    "nmse": {
      "mean": 0.374735027551651,
      "std": 8.180200576782227,
      "variance": 66.91568756103516,
      "count": 2199288
    },
    "mae": {
      "mean": 0.013525810092687607,
      "std": 0.02677660621702671,
      "variance": 0.0007169866003096104,
      "count": 2199288
    },
    "nmae": {
      "mean": 0.2831980288028717,
      "std": 0.5427097678184509,
      "variance": 0.2945338487625122,
      "count": 2199288
    },
    "relative_mse": {
      "mean": 0.24870969355106354,
      "std": 4.032678604125977,
      "variance": 16.26249885559082,
      "count": 2199288
    }
  },
  "test2": {
    "mse": {
      "mean": 0.0008297013700939715,
      "std": 0.004610270727425814,
      "variance": 2.1254598323139362e-05,
      "count": 552216
    },
    "nmse": {
      "mean": 0.3204616904258728,
      "std": 2.659217119216919,
      "variance": 7.07143497467041,
      "count": 552216
    },
    "mae": {
      "mean": 0.013330353423953056,
      "std": 0.02553435228765011,
      "variance": 0.000652003160212189,
      "count": 552216
    },
    "nmae": {
      "mean": 0.27579250931739807,
      "std": 0.49436846375465393,
      "variance": 0.24440018832683563,
      "count": 552216
    },
    "relative_mse": {
      "mean": 0.21816036105155945,
      "std": 1.6773499250411987,
      "variance": 2.813502550125122,
      "count": 552216
    }
  }
}