{
  "test1": {
    "mse": {
      "mean": 0.15662077069282532,
      "std": 0.3551533818244934,
      "variance": 0.12613391876220703,
      "count": 2199288
    },
    "nmse": {
      "mean": 56.27898025512695,
      "std": 172.22219848632812,
      "variance": 29660.48828125,
      "count": 2199288
    },
    "mae": {
      "mean": 0.2741409242153168,
      "std": 0.28542518615722656,
      "variance": 0.08146753162145615,
      "count": 2199288
    },
    "nmae": {
      "mean": 5.601738452911377,
      "std": 4.989941120147705,
      "variance": 24.899511337280273,
      "count": 2199288
    },
    "relative_mse": {
      "mean": 41.03691101074219,
      "std": 172.21084594726562,
      "variance": 29656.578125,
      "count": 2199288
    }
  },
  "test2": {
    "mse": {
      "mean": 0.1560383290052414,
      "std": 0.45854389667510986,
      "variance": 0.2102625072002411,
      "count": 552216
    },
    "nmse": {
      "mean": 47.27048110961914,
      "std": 93.6135025024414,
      "variance": 8763.48828125,
      "count": 552216
    },
    "mae": {
      "mean": 0.26388031244277954,
      "std": 0.29394811391830444,
      "variance": 0.08640549331903458,
      "count": 552216
    },
    "nmae": {
      "mean": 5.165663242340088,
      "std": 4.537223815917969,
      "variance": 20.586400985717773,
      "count": 552216
    },
    "relative_mse": {
      "mean": 38.09416198730469,
      "std": 101.6808090209961,
      "variance": 10338.986328125,
      "count": 552216
    }
  }
}