{
  "test1": {
    "mse": {
      "mean": 3273561.75,
      "std": 31405724.0,
      "variance": 986319576629248.0,
      "count": 1266912
    },
    "nmse": {
      "mean": 118.31229400634766,
      "std": 2492.344482421875,
      "variance": 6211781.5,
      "count": 1266912
    },
    "mae": {
      "mean": 644.00341796875,
      "std": 1690.804931640625,
      "variance": 2858821.5,
      "count": 1266912
    },
    "nmae": {
      "mean": 2.3517725467681885,
      "std": 10.619861602783203,
      "variance": 112.78146362304688,
      "count": 1266912
    },
    "relative_mse": {
      "mean": 2.0212888717651367,
      "std": 21.857107162475586,
      "variance": 477.7331237792969,
      "count": 1266912
    }
  },
  "test2": {
    "mse": {
      "mean": 587769792.0,
      "std": 8298143232.0,
      "variance": 6.885918068342522e+19,
      "count": 320544
    },
    "nmse": {
      "mean": 4.557730674743652,
      "std": 28.129329681396484,
      "variance": 791.2592163085938,
      "count": 320544
    },
    "mae": {
      "mean": 3055.16064453125,
      "std": 24050.693359375,
      "variance": 578435840.0,
      "count": 320544
    },
    "nmae": {
      "mean": 1.4096001386642456,
      "std": 1.603358507156372,
      "variance": 2.570758581161499,
      "count": 320544
    },
    "relative_mse": {
      "mean": 0.31283560395240784,
      "std": 0.7227135300636292,
      "variance": 0.5223148465156555,
      "count": 320544
    }
  }
}