{
  "test1": {
    "mse": {
      "mean": 145963072.0,
      "std": 3724116736.0,
      "variance": 1.3869045059208348e+19,
      "count": 1272000
    },
    "nmse": {
      "mean": 13216.619140625,
      "std": 285744.40625,
      "variance": 81649860608.0,
      "count": 1272000
    },
    "mae": {
      "mean": 1948.0732421875,
      "std": 11923.42578125,
      "variance": 142168080.0,
      "count": 1272000
    },
    "nmae": {
      "mean": 20.673503875732422,
      "std": 113.08946228027344,
      "variance": 12789.2255859375,
      "count": 1272000
    },
    "relative_mse": {
      "mean": 192.26773071289062,
      "std": 2205.39453125,
      "variance": 4863765.0,
      "count": 1272000
    }
  },
  "test2": {
    "mse": {
      "mean": 31119404.0,
      "std": 384594624.0,
      "variance": 1.4791302149727846e+17,
      "count": 320544
    },
    "nmse": {
      "mean": 508.8618469238281,
      "std": 4289.5673828125,
      "variance": 18400388.0,
      "count": 320544
    },
    "mae": {
      "mean": 1534.504150390625,
      "std": 5363.27294921875,
      "variance": 28764700.0,
      "count": 320544
    },
    "nmae": {
      "mean": 10.636070251464844,
      "std": 19.893110275268555,
      "variance": 395.73583984375,
      "count": 320544
    },
    "relative_mse": {
      "mean": 17.07105255126953,
      "std": 45.24890899658203,
      "variance": 2047.463623046875,
      "count": 320544
    }
  }
}