{
  "test1": {
    "mse": {
      "mean": 446865056.0,
      "std": 10825047040.0,
      "variance": 1.171816392027852e+20,
      "count": 1302528
    },
    "nmse": {
      "mean": 5.729118102439393e+20,
      "std": 9.859873653490396e+21,
      "variance": Infinity,
      "count": 1302528
    },
    "mae": {
      "mean": 4237.93310546875,
      "std": 20710.021484375,
      "variance": 428904992.0,
      "count": 1302528
    },
    "nmae": {
      "mean": 1594263168.0,
      "std": 23882424320.0,
      "variance": 5.703701615729862e+20,
      "count": 1302528
    },
    "relative_mse": {
      "mean": 5.729118102439393e+20,
      "std": 9.859873653490396e+21,
      "variance": Infinity,
      "count": 1302528
    }
  },
  "test2": {
    "mse": {
      "mean": 23276324.0,
      "std": 152960384.0,
      "variance": 2.339687729463296e+16,
      "count": 330720
    },
    "nmse": {
      "mean": 42680.1328125,
      "std": 400707.4375,
      "variance": 160566460416.0,
      "count": 330720
    },
    "mae": {
      "mean": 3019.529052734375,
      "std": 3762.813720703125,
      "variance": 14158768.0,
      "count": 330720
    },
    "nmae": {
      "mean": 58.901432037353516,
      "std": 198.01705932617188,
      "variance": 39210.7578125,
      "count": 330720
    },
    "relative_mse": {
      "mean": 15467.5693359375,
      "std": 340471.3125,
      "variance": 115920707584.0,
      "count": 330720
    }
  }
}