{
  "test1": {
    "mse": {
      "mean": 0.0008533094660378993,
      "std": 0.004511089529842138,
      "variance": 2.034992940025404e-05,
      "count": 2067000
    },
    "nmse": {
      "mean": 0.2870299816131592,
      "std": 2.344740867614746,
      "variance": 5.497809886932373,
      "count": 2067000
    },
    "mae": {
      "mean": 0.015011454932391644,
      "std": 0.02505924366414547,
      "variance": 0.0006279656663537025,
      "count": 2067000
    },
    "nmae": {
      "mean": 0.2969144582748413,
      "std": 0.4459504187107086,
      "variance": 0.19887179136276245,
      "count": 2067000
    },
    "relative_mse": {
      "mean": 0.2173728495836258,
      "std": 2.745262384414673,
      "variance": 7.536466121673584,
      "count": 2067000
    }
  },
  "test2": {
    "mse": {
      "mean": 0.0007722749141976237,
      "std": 0.004034303594380617,
      "variance": 1.6275605958071537e-05,
      "count": 519000
    },
    "nmse": {
      "mean": 0.3114430010318756,
      "std": 3.7405378818511963,
      "variance": 13.991623878479004,
      "count": 519000
    },
    "mae": {
      "mean": 0.014375310391187668,
      "std": 0.023782879114151,
      "variance": 0.0005656253197230399,
      "count": 519000
    },
    "nmae": {
      "mean": 0.2999972403049469,
      "std": 0.4705790877342224,
      "variance": 0.22144468128681183,
      "count": 519000
    },
    "relative_mse": {
      "mean": 0.23056378960609436,
      "std": 1.9017456769943237,
      "variance": 3.6166367530822754,
      "count": 519000
    }
  }
}