{
  "test1": {
    "mse": {
      "mean": 0.3865404427051544,
      "std": 0.6681877970695496,
      "variance": 0.44647496938705444,
      "count": 1967784
    },
    "nmse": {
      "mean": 127.13164520263672,
      "std": 233.32765197753906,
      "variance": 54441.79296875,
      "count": 1967784
    },
    "mae": {
      "mean": 0.45778563618659973,
      "std": 0.42068126797676086,
      "variance": 0.17697273194789886,
      "count": 1967784
    },
    "nmae": {
      "mean": 9.051231384277344,
      "std": 6.723603248596191,
      "variance": 45.20684051513672,
      "count": 1967784
    },
    "relative_mse": {
      "mean": 153.57423400878906,
      "std": 6147.90771484375,
      "variance": 37796768.0,
      "count": 1967784
    }
  },
  "test2": {
    "mse": {
      "mean": 0.4050160348415375,
      "std": 0.876905620098114,
      "variance": 0.7689634561538696,
      "count": 494088
    },
    "nmse": {
      "mean": 110.74749755859375,
      "std": 140.3014373779297,
      "variance": 19684.4921875,
      "count": 494088
    },
    "mae": {
      "mean": 0.45111724734306335,
      "std": 0.4488978385925293,
      "variance": 0.2015092670917511,
      "count": 494088
    },
    "nmae": {
      "mean": 8.508517265319824,
      "std": 6.192948818206787,
      "variance": 38.35261535644531,
      "count": 494088
    },
    "relative_mse": {
      "mean": 97.56346130371094,
      "std": 174.06661987304688,
      "variance": 30299.189453125,
      "count": 494088
    }
  }
}