{
  "test1": {
    "mse": {
      "mean": 0.0008111842907965183,
      "std": 0.004831245169043541,
      "variance": 2.3340930056292564e-05,
      "count": 1964928
    },
    "nmse": {
      "mean": 0.2983871102333069,
      "std": 2.828864097595215,
      "variance": 8.002471923828125,
      "count": 1964928
    },
    "mae": {
      "mean": 0.012806719169020653,
      "std": 0.025439580902457237,
      "variance": 0.0006471722736023366,
      "count": 1964928
    },
    "nmae": {
      "mean": 0.26276054978370667,
      "std": 0.4788987338542938,
      "variance": 0.22934399545192719,
      "count": 1964928
    },
    "relative_mse": {
      "mean": 0.21480998396873474,
      "std": 3.1360414028167725,
      "variance": 9.834755897521973,
      "count": 1964928
    }
  },
  "test2": {
    "mse": {
      "mean": 0.0008224606281146407,
      "std": 0.004916055127978325,
      "variance": 2.416759707557503e-05,
      "count": 491232
    },
    "nmse": {
      "mean": 0.30128610134124756,
      "std": 3.0988566875457764,
      "variance": 9.602912902832031,
      "count": 491232
    },
    "mae": {
      "mean": 0.012980233877897263,
      "std": 0.025572918355464935,
      "variance": 0.0006539741880260408,
      "count": 491232
    },
    "nmae": {
      "mean": 0.2629418671131134,
      "std": 0.4818170368671417,
      "variance": 0.23214764893054962,
      "count": 491232
    },
    "relative_mse": {
      "mean": 0.21545372903347015,
      "std": 1.7124179601669312,
      "variance": 2.932375431060791,
      "count": 491232
    }
  }
}