{
  "test1": {
    "mse": {
      "mean": 11.28543758392334,
      "std": 48.243438720703125,
      "variance": 2327.429443359375,
      "count": 1127496
    },
    "nmse": {
      "mean": 0.6585076451301575,
      "std": 5.525018692016602,
      "variance": 30.525833129882812,
      "count": 1127496
    },
    "mae": {
      "mean": 1.892443299293518,
      "std": 2.775625228881836,
      "variance": 7.704094886779785,
      "count": 1127496
    },
    "nmae": {
      "mean": 0.3547932207584381,
      "std": 0.7298146486282349,
      "variance": 0.5326293706893921,
      "count": 1127496
    },
    "relative_mse": {
      "mean": 2.625601291656494,
      "std": 25.099027633666992,
      "variance": 629.9612426757812,
      "count": 1127496
    }
  },
  "test2": {
    "mse": {
      "mean": 16.73290252685547,
      "std": 85.77750396728516,
      "variance": 7357.7802734375,
      "count": 289632
    },
    "nmse": {
      "mean": 0.650008499622345,
      "std": 5.4437079429626465,
      "variance": 29.633953094482422,
      "count": 289632
    },
    "mae": {
      "mean": 2.173206090927124,
      "std": 3.4655559062957764,
      "variance": 12.010077476501465,
      "count": 289632
    },
    "nmae": {
      "mean": 0.3525126874446869,
      "std": 0.7250816226005554,
      "variance": 0.525743305683136,
      "count": 289632
    },
    "relative_mse": {
      "mean": 2.6411993503570557,
      "std": 24.429828643798828,
      "variance": 596.8165283203125,
      "count": 289632
    }
  },
  "valid1": {
    "mse": {
      "mean": 11.253329277038574
    },
    "nmse": {
      "mean": 0.2019522339105606
    },
    "mae": {
      "mean": 1.9103056192398071
    },
    "nmae": {
      "mean": 0.246513232588768
    },
    "relative_mse": {
      "mean": 0.4269849359989166
    }
  },
  "valid2": {
    "mse": {
      "mean": 16.214765548706055
    },
    "nmse": {
      "mean": 0.2032032012939453
    },
    "mae": {
      "mean": 2.1812307834625244
    },
    "nmae": {
      "mean": 0.24329569935798645
    },
    "relative_mse": {
      "mean": 0.4448729157447815
    }
  }
}