{
  "test1": {
    "mse": {
      "mean": 0.0012308460427448153,
      "std": 0.005084909964352846,
      "variance": 2.5856310458038934e-05,
      "count": 2067000
    },
    "nmse": {
      "mean": 6979471360.0,
      "std": 679376060416.0,
      "variance": 4.615518401566295e+23,
      "count": 2067000
    },
    "mae": {
      "mean": 0.02080472558736801,
      "std": 0.02824905887246132,
      "variance": 0.0007980093359947205,
      "count": 2067000
    },
    "nmae": {
      "mean": 1253.773681640625,
      "std": 83533.8203125,
      "variance": 6977899008.0,
      "count": 2067000
    },
    "relative_mse": {
      "mean": 6979471360.0,
      "std": 679376060416.0,
      "variance": 4.615518401566295e+23,
      "count": 2067000
    }
  },
  "test2": {
    "mse": {
      "mean": 0.0011085480218753219,
      "std": 0.004556470550596714,
      "variance": 2.0761423002113588e-05,
      "count": 519000
    },
    "nmse": {
      "mean": 0.7748725414276123,
      "std": 6.446423530578613,
      "variance": 41.55637741088867,
      "count": 519000
    },
    "mae": {
      "mean": 0.020019205287098885,
      "std": 0.026604129001498222,
      "variance": 0.0007077796617522836,
      "count": 519000
    },
    "nmae": {
      "mean": 0.49047669768333435,
      "std": 0.7309617400169373,
      "variance": 0.5343050956726074,
      "count": 519000
    },
    "relative_mse": {
      "mean": 0.4575061500072479,
      "std": 3.0839545726776123,
      "variance": 9.51077651977539,
      "count": 519000
    }
  }
}