{
  "test1": {
    "mse": {
      "mean": 0.0008199974545277655,
      "std": 0.004773606080561876,
      "variance": 2.2787313355365768e-05,
      "count": 2298504
    },
    "nmse": {
      "mean": 61895760.0,
      "std": 3628201216.0,
      "variance": 1.3163844689431888e+19,
      "count": 2298504
    },
    "mae": {
      "mean": 0.013342962600290775,
      "std": 0.025336984544992447,
      "variance": 0.0006419628043659031,
      "count": 2298504
    },
    "nmae": {
      "mean": 154.92727661132812,
      "std": 7865.8603515625,
      "variance": 61871760.0,
      "count": 2298504
    },
    "relative_mse": {
      "mean": 61895760.0,
      "std": 3628201216.0,
      "variance": 1.3163844689431888e+19,
      "count": 2298504
    }
  },
  "test2": {
    "mse": {
      "mean": 0.0007312662783078849,
      "std": 0.004167653154581785,
      "variance": 1.7369331544614397e-05,
      "count": 577128
    },
    "nmse": {
      "mean": 0.35899797081947327,
      "std": 8.836484909057617,
      "variance": 78.0834732055664,
      "count": 577128
    },
    "mae": {
      "mean": 0.012696581892669201,
      "std": 0.023875994607806206,
      "variance": 0.0005700631299987435,
      "count": 577128
    },
    "nmae": {
      "mean": 0.2824416160583496,
      "std": 0.5284171104431152,
      "variance": 0.2792246639728546,
      "count": 577128
    },
    "relative_mse": {
      "mean": 1.3324525356292725,
      "std": 317.25115966796875,
      "variance": 100648.2890625,
      "count": 577128
    }
  }
}