{
  "test1": {
    "mse": {
      "mean": 209052.25,
      "std": 2863377.75,
      "variance": 8198931611648.0,
      "count": 1129464
    },
    "nmse": {
      "mean": 0.3903041183948517,
      "std": 7.7281365394592285,
      "variance": 59.72409439086914,
      "count": 1129464
    },
    "mae": {
      "mean": 142.90357971191406,
      "std": 434.3164978027344,
      "variance": 188630.8125,
      "count": 1129464
    },
    "nmae": {
      "mean": 0.3662843704223633,
      "std": 0.5061026215553284,
      "variance": 0.2561398446559906,
      "count": 1129464
    },
    "relative_mse": {
      "mean": 0.07238312810659409,
      "std": 1.106369972229004,
      "variance": 1.2240544557571411,
      "count": 1129464
    }
  },
  "test2": {
    "mse": {
      "mean": 51987072.0,
      "std": 878280192.0,
      "variance": 7.713761263616e+17,
      "count": 285768
    },
    "nmse": {
      "mean": 0.25576773285865784,
      "std": 0.6742590665817261,
      "variance": 0.45462530851364136,
      "count": 285768
    },
    "mae": {
      "mean": 895.822509765625,
      "std": 7154.33984375,
      "variance": 51184576.0,
      "count": 285768
    },
    "nmae": {
      "mean": 0.3439427316188812,
      "std": 0.37077099084854126,
      "variance": 0.13747112452983856,
      "count": 285768
    },
    "relative_mse": {
      "mean": 0.03758326172828674,
      "std": 0.18134501576423645,
      "variance": 0.03288601338863373,
      "count": 285768
    }
  }
}