{
  "test1": {
    "mse": {
      "mean": 138891168.0,
      "std": 3484265984.0,
      "variance": 1.2140109204018954e+19,
      "count": 1134000
    },
    "nmse": {
      "mean": 7008.05517578125,
      "std": 134301.828125,
      "variance": 18036981760.0,
      "count": 1134000
    },
    "mae": {
      "mean": 1928.6658935546875,
      "std": 11626.32421875,
      "variance": 135171424.0,
      "count": 1134000
    },
    "nmae": {
      "mean": 16.958158493041992,
      "std": 81.97850799560547,
      "variance": 6720.47509765625,
      "count": 1134000
    },
    "relative_mse": {
      "mean": 166.5023193359375,
      "std": 1859.8670654296875,
      "variance": 3459105.75,
      "count": 1134000
    }
  },
  "test2": {
    "mse": {
      "mean": 30961220.0,
      "std": 361808512.0,
      "variance": 1.3090540627165184e+17,
      "count": 285768
    },
    "nmse": {
      "mean": 345.3455505371094,
      "std": 1904.91552734375,
      "variance": 3628703.0,
      "count": 285768
    },
    "mae": {
      "mean": 1500.70263671875,
      "std": 5358.08837890625,
      "variance": 28709110.0,
      "count": 285768
    },
    "nmae": {
      "mean": 9.342132568359375,
      "std": 16.064559936523438,
      "variance": 258.0700988769531,
      "count": 285768
    },
    "relative_mse": {
      "mean": 14.844283103942871,
      "std": 38.59624481201172,
      "variance": 1489.6700439453125,
      "count": 285768
    }
  }
}