{
  "test1": {
    "mse": {
      "mean": 6607677.5,
      "std": 62025656.0,
      "variance": 3847182058782720.0,
      "count": 1129464
    },
    "nmse": {
      "mean": 21.403688430786133,
      "std": 431.2829895019531,
      "variance": 186005.015625,
      "count": 1129464
    },
    "mae": {
      "mean": 836.48486328125,
      "std": 2430.631591796875,
      "variance": 5907970.5,
      "count": 1129464
    },
    "nmae": {
      "mean": 2.030810594558716,
      "std": 4.156861305236816,
      "variance": 17.279497146606445,
      "count": 1129464
    },
    "relative_mse": {
      "mean": 0.713127076625824,
      "std": 5.932376861572266,
      "variance": 35.193092346191406,
      "count": 1129464
    }
  },
  "test2": {
    "mse": {
      "mean": 1547602688.0,
      "std": 19082158080.0,
      "variance": 3.6412876661560076e+20,
      "count": 285768
    },
    "nmse": {
      "mean": 5.01615047454834,
      "std": 14.105904579162598,
      "variance": 198.97654724121094,
      "count": 285768
    },
    "mae": {
      "mean": 5140.81689453125,
      "std": 39002.23828125,
      "variance": 1521174656.0,
      "count": 285768
    },
    "nmae": {
      "mean": 1.7184687852859497,
      "std": 1.436320185661316,
      "variance": 2.0630156993865967,
      "count": 285768
    },
    "relative_mse": {
      "mean": 0.4345581531524658,
      "std": 0.9375553131103516,
      "variance": 0.879010021686554,
      "count": 285768
    }
  }
}