{
  "test1": {
    "mse": {
      "mean": 306348576.0,
      "std": 7361495552.0,
      "variance": 5.419161640405618e+19,
      "count": 1161216
    },
    "nmse": {
      "mean": 2.933420145053354e+20,
      "std": 5.545041278601227e+21,
      "variance": Infinity,
      "count": 1161216
    },
    "mae": {
      "mean": 3335.814697265625,
      "std": 17181.994140625,
      "variance": 295220896.0,
      "count": 1161216
    },
    "nmae": {
      "mean": 1062204032.0,
      "std": 17094260736.0,
      "variance": 2.922137572455628e+20,
      "count": 1161216
    },
    "relative_mse": {
      "mean": 2.933420145053354e+20,
      "std": 5.545041278601227e+21,
      "variance": Infinity,
      "count": 1161216
    }
  },
  "test2": {
    "mse": {
      "mean": 13704870.0,
      "std": 81799200.0,
      "variance": 6691108612472832.0,
      "count": 294840
    },
    "nmse": {
      "mean": 14233.9443359375,
      "std": 144975.578125,
      "variance": 21017919488.0,
      "count": 294840
    },
    "mae": {
      "mean": 2283.693359375,
      "std": 2913.6943359375,
      "variance": 8489615.0,
      "count": 294840
    },
    "nmae": {
      "mean": 37.36038589477539,
      "std": 113.3055419921875,
      "variance": 12838.146484375,
      "count": 294840
    },
    "relative_mse": {
      "mean": 5173.82373046875,
      "std": 152000.515625,
      "variance": 23104157696.0,
      "count": 294840
    }
  }
}