{
  "test1": {
    "mse": {
      "mean": 11.340916633605957,
      "std": 53.57379913330078,
      "variance": 2870.152099609375,
      "count": 1090872
    },
    "nmse": {
      "mean": 0.20940189063549042,
      "std": 1.1567424535751343,
      "variance": 1.3380531072616577,
      "count": 1090872
    },
    "mae": {
      "mean": 1.7630966901779175,
      "std": 2.8692171573638916,
      "variance": 8.232406616210938,
      "count": 1090872
    },
    "nmae": {
      "mean": 0.23620575666427612,
      "std": 0.3919295072555542,
      "variance": 0.15360873937606812,
      "count": 1090872
    },
    "relative_mse": {
      "mean": 0.7615578174591064,
      "std": 4.72739315032959,
      "variance": 22.34824562072754,
      "count": 1090872
    }
  },
  "test2": {
    "mse": {
      "mean": 8.982797622680664,
      "std": 34.23847961425781,
      "variance": 1172.2734375,
      "count": 280224
    },
    "nmse": {
      "mean": 0.20704595744609833,
      "std": 1.0236810445785522,
      "variance": 1.0479228496551514,
      "count": 280224
    },
    "mae": {
      "mean": 1.6696181297302246,
      "std": 2.4890103340148926,
      "variance": 6.1951727867126465,
      "count": 280224
    },
    "nmae": {
      "mean": 0.2399315983057022,
      "std": 0.38662487268447876,
      "variance": 0.14947879314422607,
      "count": 280224
    },
    "relative_mse": {
      "mean": 0.7368817925453186,
      "std": 4.065004825592041,
      "variance": 16.52426528930664,
      "count": 280224
    }
  }
}