{
  "test1": {
    "mse": {
      "mean": 193471.4375,
      "std": 9468460.0,
      "variance": 89651729661952.0,
      "count": 1171296
    },
    "nmse": {
      "mean": 0.2553216814994812,
      "std": 6.968082904815674,
      "variance": 48.554176330566406,
      "count": 1171296
    },
    "mae": {
      "mean": 119.32855224609375,
      "std": 423.358154296875,
      "variance": 179232.125,
      "count": 1171296
    },
    "nmae": {
      "mean": 0.29846346378326416,
      "std": 0.407726913690567,
      "variance": 0.16624124348163605,
      "count": 1171296
    },
    "relative_mse": {
      "mean": 0.04321926087141037,
      "std": 0.6414623856544495,
      "variance": 0.4114740192890167,
      "count": 1171296
    }
  },
  "test2": {
    "mse": {
      "mean": 28044208.0,
      "std": 510314272.0,
      "variance": 2.6042065188867277e+17,
      "count": 296352
    },
    "nmse": {
      "mean": 0.18005740642547607,
      "std": 0.6122930645942688,
      "variance": 0.37490278482437134,
      "count": 296352
    },
    "mae": {
      "mean": 671.4107055664062,
      "std": 5252.943359375,
      "variance": 27593416.0,
      "count": 296352
    },
    "nmae": {
      "mean": 0.2792976200580597,
      "std": 0.31945303082466125,
      "variance": 0.10205024480819702,
      "count": 296352
    },
    "relative_mse": {
      "mean": 0.029116099700331688,
      "std": 0.2371099442243576,
      "variance": 0.0562211275100708,
      "count": 296352
    }
  },
  "valid1": {
    "mse": {
      "mean": 162933.625
    },
    "nmse": {
      "mean": 0.3873218297958374
    },
    "mae": {
      "mean": 113.19227600097656
    },
    "nmae": {
      "mean": 0.2910788953304291
    },
    "relative_mse": {
      "mean": 0.0668480321764946
    }
  },
  "valid2": {
    "mse": {
      "mean": 8042946.5
    },
    "nmse": {
      "mean": 0.17049646377563477
    },
    "mae": {
      "mean": 397.63580322265625
    },
    "nmae": {
      "mean": 0.269205778837204
    },
    "relative_mse": {
      "mean": 0.0304091889411211
    }
  }
}