{
  "test1": {
    "mse": {
      "mean": 10253866.0,
      "std": 333574496.0,
      "variance": 1.1127194253053133e+17,
      "count": 1272000
    },
    "nmse": {
      "mean": 0.45224282145500183,
      "std": 12.334881782531738,
      "variance": 152.14930725097656,
      "count": 1272000
    },
    "mae": {
      "mean": 364.6424255371094,
      "std": 3181.336669921875,
      "variance": 10120902.0,
      "count": 1272000
    },
    "nmae": {
      "mean": 0.4527999758720398,
      "std": 0.49720728397369385,
      "variance": 0.24721509218215942,
      "count": 1272000
    },
    "relative_mse": {
      "mean": 0.08308738470077515,
      "std": 1.1549043655395508,
      "variance": 1.3338041305541992,
      "count": 1272000
    }
  },
  "test2": {
    "mse": {
      "mean": 336832.6875,
      "std": 2840365.0,
      "variance": 8067672965120.0,
      "count": 320544
    },
    "nmse": {
      "mean": 0.4652262032032013,
      "std": 6.767491340637207,
      "variance": 45.7989387512207,
      "count": 320544
    },
    "mae": {
      "mean": 205.94082641601562,
      "std": 542.6057739257812,
      "variance": 294421.03125,
      "count": 320544
    },
    "nmae": {
      "mean": 0.45622915029525757,
      "std": 0.5070316791534424,
      "variance": 0.25708112120628357,
      "count": 320544
    },
    "relative_mse": {
      "mean": 0.05554422363638878,
      "std": 0.3696766495704651,
      "variance": 0.13666082918643951,
      "count": 320544
    }
  }
}