{
  "test1": {
    "mse": {
      "mean": 10400836.0,
      "std": 320364960.0,
      "variance": 1.0263370673632051e+17,
      "count": 1302528
    },
    "nmse": {
      "mean": 104972792365056.0,
      "std": 6.015388601863373e+16,
      "variance": 3.6184900692508915e+33,
      "count": 1302528
    },
    "mae": {
      "mean": 376.6257019042969,
      "std": 3202.965576171875,
      "variance": 10258988.0,
      "count": 1302528
    },
    "nmae": {
      "mean": 21113.263671875,
      "std": 10245601.0,
      "variance": 104972347768832.0,
      "count": 1302528
    },
    "relative_mse": {
      "mean": 104972792365056.0,
      "std": 6.015388601863373e+16,
      "variance": 3.6184900692508915e+33,
      "count": 1302528
    }
  },
  "test2": {
    "mse": {
      "mean": 254131.15625,
      "std": 2524431.0,
      "variance": 6372752097280.0,
      "count": 330720
    },
    "nmse": {
      "mean": 0.49842503666877747,
      "std": 13.64345645904541,
      "variance": 186.1439208984375,
      "count": 330720
    },
    "mae": {
      "mean": 196.61575317382812,
      "std": 464.1911315917969,
      "variance": 215473.421875,
      "count": 330720
    },
    "nmae": {
      "mean": 0.4753706753253937,
      "std": 0.5219653248786926,
      "variance": 0.272447794675827,
      "count": 330720
    },
    "relative_mse": {
      "mean": 0.046188343316316605,
      "std": 0.3185126781463623,
      "variance": 0.10145032405853271,
      "count": 330720
    }
  }
}