{
  "test1": {
    "mse": {
      "mean": 7174440.0,
      "std": 237209792.0,
      "variance": 5.626848680398029e+16,
      "count": 1266912
    },
    "nmse": {
      "mean": 0.38425639271736145,
      "std": 12.414603233337402,
      "variance": 154.12237548828125,
      "count": 1266912
    },
    "mae": {
      "mean": 312.9479064941406,
      "std": 2660.169677734375,
      "variance": 7076503.0,
      "count": 1266912
    },
    "nmae": {
      "mean": 0.4023192226886749,
      "std": 0.4715884029865265,
      "variance": 0.2223956137895584,
      "count": 1266912
    },
    "relative_mse": {
      "mean": 0.07136990875005722,
      "std": 1.0982451438903809,
      "variance": 1.2061424255371094,
      "count": 1266912
    }
  },
  "test2": {
    "mse": {
      "mean": 261727.9375,
      "std": 2377736.25,
      "variance": 5653629763584.0,
      "count": 320544
    },
    "nmse": {
      "mean": 0.39208388328552246,
      "std": 6.700169563293457,
      "variance": 44.892269134521484,
      "count": 320544
    },
    "mae": {
      "mean": 178.69126892089844,
      "std": 479.371826171875,
      "variance": 229797.359375,
      "count": 320544
    },
    "nmae": {
      "mean": 0.4037950038909912,
      "std": 0.4785744547843933,
      "variance": 0.22903349995613098,
      "count": 320544
    },
    "relative_mse": {
      "mean": 0.04577657952904701,
      "std": 0.3463473916053772,
      "variance": 0.11995651572942734,
      "count": 320544
    }
  }
}