{
  "test1": {
    "mse": {
      "mean": 164712.46875,
      "std": 8684577.0,
      "variance": 75421882253312.0,
      "count": 1183248
    },
    "nmse": {
      "mean": 0.20135077834129333,
      "std": 6.578047275543213,
      "variance": 43.27070617675781,
      "count": 1183248
    },
    "mae": {
      "mean": 109.67633819580078,
      "std": 390.7474670410156,
      "variance": 152683.578125,
      "count": 1183248
    },
    "nmae": {
      "mean": 0.27823811769485474,
      "std": 0.352043092250824,
      "variance": 0.12393434345722198,
      "count": 1183248
    },
    "relative_mse": {
      "mean": 0.04096861183643341,
      "std": 0.5560598373413086,
      "variance": 0.30920255184173584,
      "count": 1183248
    }
  },
  "test2": {
    "mse": {
      "mean": 13187818.0,
      "std": 251738416.0,
      "variance": 6.337222527261082e+16,
      "count": 299376
    },
    "nmse": {
      "mean": 0.15324291586875916,
      "std": 0.4890596568584442,
      "variance": 0.2391793578863144,
      "count": 299376
    },
    "mae": {
      "mean": 530.4310913085938,
      "std": 3592.556396484375,
      "variance": 12906462.0,
      "count": 299376
    },
    "nmae": {
      "mean": 0.26135292649269104,
      "std": 0.291440486907959,
      "variance": 0.08493755757808685,
      "count": 299376
    },
    "relative_mse": {
      "mean": 0.025902189314365387,
      "std": 0.18490365147590637,
      "variance": 0.034189362078905106,
      "count": 299376
    }
  }
}