{
  "test1": {
    "mse": {
      "mean": 3628497.0,
      "std": 125812664.0,
      "variance": 1.5828826017759232e+16,
      "count": 1183248
    },
    "nmse": {
      "mean": 0.16124671697616577,
      "std": 6.3425469398498535,
      "variance": 40.227901458740234,
      "count": 1183248
    },
    "mae": {
      "mean": 204.33023071289062,
      "std": 1893.87060546875,
      "variance": 3586746.0,
      "count": 1183248
    },
    "nmae": {
      "mean": 0.2494509071111679,
      "std": 0.3146759867668152,
      "variance": 0.09902097284793854,
      "count": 1183248
    },
    "relative_mse": {
      "mean": 0.03307301923632622,
      "std": 0.48353901505470276,
      "variance": 0.23380997776985168,
      "count": 1183248
    }
  },
  "test2": {
    "mse": {
      "mean": 128625.4375,
      "std": 1617389.5,
      "variance": 2615948607488.0,
      "count": 299376
    },
    "nmse": {
      "mean": 0.17797920107841492,
      "std": 3.3363888263702393,
      "variance": 11.131490707397461,
      "count": 299376
    },
    "mae": {
      "mean": 111.66451263427734,
      "std": 340.8173522949219,
      "variance": 116156.4765625,
      "count": 299376
    },
    "nmae": {
      "mean": 0.24815751612186432,
      "std": 0.34117013216018677,
      "variance": 0.11639706045389175,
      "count": 299376
    },
    "relative_mse": {
      "mean": 0.019485443830490112,
      "std": 0.22650086879730225,
      "variance": 0.05130264535546303,
      "count": 299376
    }
  }
}