{
  "test1": {
    "mse": {
      "mean": 4361699.0,
      "std": 145504800.0,
      "variance": 2.1171648296124416e+16,
      "count": 1266912
    },
    "nmse": {
      "mean": 0.32495996356010437,
      "std": 12.190427780151367,
      "variance": 148.6065216064453,
      "count": 1266912
    },
    "mae": {
      "mean": 262.08819580078125,
      "std": 2071.957763671875,
      "variance": 4293009.5,
      "count": 1266912
    },
    "nmae": {
      "mean": 0.3443678915500641,
      "std": 0.45428046584129333,
      "variance": 0.2063707411289215,
      "count": 1266912
    },
    "relative_mse": {
      "mean": 0.05152207240462303,
      "std": 0.8469430208206177,
      "variance": 0.7173125147819519,
      "count": 1266912
    }
  },
  "test2": {
    "mse": {
      "mean": 97256.4375,
      "std": 871607.9375,
      "variance": 759700389888.0,
      "count": 320544
    },
    "nmse": {
      "mean": 0.3199387788772583,
      "std": 8.933694839477539,
      "variance": 79.81090545654297,
      "count": 320544
    },
    "mae": {
      "mean": 121.6591796875,
      "std": 287.150634765625,
      "variance": 82455.4765625,
      "count": 320544
    },
    "nmae": {
      "mean": 0.34048157930374146,
      "std": 0.4516758322715759,
      "variance": 0.20401106774806976,
      "count": 320544
    },
    "relative_mse": {
      "mean": 0.08422934263944626,
      "std": 1.2615809440612793,
      "variance": 1.5915865898132324,
      "count": 320544
    }
  }
}