{
  "test1": {
    "mse": {
      "mean": 0.0009055844857357442,
      "std": 0.005132087506353855,
      "variance": 2.6338322641095147e-05,
      "count": 1488240
    },
    "nmse": {
      "mean": 0.3700418770313263,
      "std": 3.261751413345337,
      "variance": 10.639021873474121,
      "count": 1488240
    },
    "mae": {
      "mean": 0.014076046645641327,
      "std": 0.026597922667860985,
      "variance": 0.0007074495078995824,
      "count": 1488240
    },
    "nmae": {
      "mean": 0.2988383173942566,
      "std": 0.529846727848053,
      "variance": 0.2807375490665436,
      "count": 1488240
    },
    "relative_mse": {
      "mean": 0.25967609882354736,
      "std": 2.339275360107422,
      "variance": 5.4722089767456055,
      "count": 1488240
    }
  },
  "test2": {
    "mse": {
      "mean": 0.0008631530217826366,
      "std": 0.004576369188725948,
      "variance": 2.094315641443245e-05,
      "count": 373680
    },
    "nmse": {
      "mean": 0.3263414800167084,
      "std": 1.9310197830200195,
      "variance": 3.728837251663208,
      "count": 373680
    },
    "mae": {
      "mean": 0.014234432950615883,
      "std": 0.025700857862830162,
      "variance": 0.0006605340749956667,
      "count": 373680
    },
    "nmae": {
      "mean": 0.2984437346458435,
      "std": 0.487106591463089,
      "variance": 0.23727282881736755,
      "count": 373680
    },
    "relative_mse": {
      "mean": 0.22070765495300293,
      "std": 1.358416199684143,
      "variance": 1.84529447555542,
      "count": 373680
    }
  }
}