{
  "test1": {
    "mse": {
      "mean": 9478879.0,
      "std": 413582240.0,
      "variance": 1.710502851987374e+17,
      "count": 1254960
    },
    "nmse": {
      "mean": 0.4876386523246765,
      "std": 22.48988914489746,
      "variance": 505.7950744628906,
      "count": 1254960
    },
    "mae": {
      "mean": 276.0865478515625,
      "std": 3066.375,
      "variance": 9402656.0,
      "count": 1254960
    },
    "nmae": {
      "mean": 0.3304915726184845,
      "std": 0.6151536703109741,
      "variance": 0.3784140646457672,
      "count": 1254960
    },
    "relative_mse": {
      "mean": 0.05607188865542412,
      "std": 1.0154916048049927,
      "variance": 1.0312232971191406,
      "count": 1254960
    }
  },
  "test2": {
    "mse": {
      "mean": 216691.40625,
      "std": 2502233.5,
      "variance": 6261172600832.0,
      "count": 317520
    },
    "nmse": {
      "mean": 0.3715638220310211,
      "std": 5.236968994140625,
      "variance": 27.42584228515625,
      "count": 317520
    },
    "mae": {
      "mean": 141.88853454589844,
      "std": 443.3498229980469,
      "variance": 196559.0625,
      "count": 317520
    },
    "nmae": {
      "mean": 0.32540109753608704,
      "std": 0.5154395699501038,
      "variance": 0.26567795872688293,
      "count": 317520
    },
    "relative_mse": {
      "mean": 0.03241506218910217,
      "std": 0.4522370994091034,
      "variance": 0.2045183926820755,
      "count": 317520
    }
  }
}