{
  "test1": {
    "mse": {
      "mean": 15139132.0,
      "std": 439806176.0,
      "variance": 1.9342946999258317e+17,
      "count": 1266912
    },
    "nmse": {
      "mean": 149.4637451171875,
      "std": 4149.595703125,
      "variance": 17219146.0,
      "count": 1266912
    },
    "mae": {
      "mean": 483.5516052246094,
      "std": 3860.73974609375,
      "variance": 14905311.0,
      "count": 1266912
    },
    "nmae": {
      "mean": 2.122169017791748,
      "std": 12.039939880371094,
      "variance": 144.96014404296875,
      "count": 1266912
    },
    "relative_mse": {
      "mean": 2.1732287406921387,
      "std": 31.95308494567871,
      "variance": 1020.9996948242188,
      "count": 1266912
    }
  },
  "test2": {
    "mse": {
      "mean": 172190.015625,
      "std": 1199136.0,
      "variance": 1437927342080.0,
      "count": 320544
    },
    "nmse": {
      "mean": 7.4317193031311035,
      "std": 103.02332305908203,
      "variance": 10613.8056640625,
      "count": 320544
    },
    "mae": {
      "mean": 208.36672973632812,
      "std": 358.8500061035156,
      "variance": 128773.3359375,
      "count": 320544
    },
    "nmae": {
      "mean": 1.1801685094833374,
      "std": 2.4574217796325684,
      "variance": 6.038922309875488,
      "count": 320544
    },
    "relative_mse": {
      "mean": 0.493937224149704,
      "std": 3.6028997898101807,
      "variance": 12.980886459350586,
      "count": 320544
    }
  }
}