{
  "test1": {
    "mse": {
      "mean": 417502.84375,
      "std": 9259803.0,
      "variance": 85743946956800.0,
      "count": 1171296
    },
    "nmse": {
      "mean": 112.54924774169922,
      "std": 2810.536865234375,
      "variance": 7899117.0,
      "count": 1171296
    },
    "mae": {
      "mean": 219.78512573242188,
      "std": 607.6160888671875,
      "variance": 369197.3125,
      "count": 1171296
    },
    "nmae": {
      "mean": 1.9925742149353027,
      "std": 10.420120239257812,
      "variance": 108.57890319824219,
      "count": 1171296
    },
    "relative_mse": {
      "mean": 2.413085460662842,
      "std": 33.920074462890625,
      "variance": 1150.5714111328125,
      "count": 1171296
    }
  },
  "test2": {
    "mse": {
      "mean": 47217928.0,
      "std": 745947072.0,
      "variance": 5.564370650136576e+17,
      "count": 296352
    },
    "nmse": {
      "mean": 2.3570642471313477,
      "std": 16.74806022644043,
      "variance": 280.4975280761719,
      "count": 296352
    },
    "mae": {
      "mean": 1013.4827880859375,
      "std": 6796.3798828125,
      "variance": 46190780.0,
      "count": 296352
    },
    "nmae": {
      "mean": 0.7540777325630188,
      "std": 1.3373222351074219,
      "variance": 1.7884308099746704,
      "count": 296352
    },
    "relative_mse": {
      "mean": 0.19728803634643555,
      "std": 1.0798648595809937,
      "variance": 1.1661080121994019,
      "count": 296352
    }
  },
  "valid1": {
    "mse": {
      "mean": 389968.09375
    },
    "nmse": {
      "mean": 212.54295349121094
    },
    "mae": {
      "mean": 214.37521362304688
    },
    "nmae": {
      "mean": 2.2956151962280273
    },
    "relative_mse": {
      "mean": 2.282717704772949
    }
  },
  "valid2": {
    "mse": {
      "mean": 18177166.0
    },
    "nmse": {
      "mean": 2.024894952774048
    },
    "mae": {
      "mean": 697.8578491210938
    },
    "nmae": {
      "mean": 0.7342364192008972
    },
    "relative_mse": {
      "mean": 0.18711642920970917
    }
  }
}