{
  "test1": {
    "mse": {
      "mean": 0.0007841389742679894,
      "std": 0.004653579089790583,
      "variance": 2.165579644497484e-05,
      "count": 1852032
    },
    "nmse": {
      "mean": 0.2815883159637451,
      "std": 2.3186452388763428,
      "variance": 5.3761162757873535,
      "count": 1852032
    },
    "mae": {
      "mean": 0.0127696692943573,
      "std": 0.024921366944909096,
      "variance": 0.000621074519585818,
      "count": 1852032
    },
    "nmae": {
      "mean": 0.26037222146987915,
      "std": 0.4623792767524719,
      "variance": 0.21379460394382477,
      "count": 1852032
    },
    "relative_mse": {
      "mean": 0.20382720232009888,
      "std": 1.7032543420791626,
      "variance": 2.9010751247406006,
      "count": 1852032
    }
  },
  "test2": {
    "mse": {
      "mean": 0.0008099614060483873,
      "std": 0.004917568527162075,
      "variance": 2.4182481865864247e-05,
      "count": 465024
    },
    "nmse": {
      "mean": 0.3114323019981384,
      "std": 4.001451015472412,
      "variance": 16.01161003112793,
      "count": 465024
    },
    "mae": {
      "mean": 0.012903359718620777,
      "std": 0.025366606190800667,
      "variance": 0.0006434646784327924,
      "count": 465024
    },
    "nmae": {
      "mean": 0.26455703377723694,
      "std": 0.4913673400878906,
      "variance": 0.24144186079502106,
      "count": 465024
    },
    "relative_mse": {
      "mean": 0.21709366142749786,
      "std": 2.004751443862915,
      "variance": 4.019028663635254,
      "count": 465024
    }
  }
}