{
  "test1": {
    "mse": {
      "mean": 9084917.0,
      "std": 338073248.0,
      "variance": 1.1429352933267866e+17,
      "count": 1171296
    },
    "nmse": {
      "mean": 0.38938918709754944,
      "std": 6.536372184753418,
      "variance": 42.724159240722656,
      "count": 1171296
    },
    "mae": {
      "mean": 318.7068786621094,
      "std": 2997.22265625,
      "variance": 8983344.0,
      "count": 1171296
    },
    "nmae": {
      "mean": 0.40572643280029297,
      "std": 0.47410470247268677,
      "variance": 0.2247752696275711,
      "count": 1171296
    },
    "relative_mse": {
      "mean": 0.08367667347192764,
      "std": 0.8315907716751099,
      "variance": 0.6915432214736938,
      "count": 1171296
    }
  },
  "test2": {
    "mse": {
      "mean": 260190.890625,
      "std": 2511353.5,
      "variance": 6306896805888.0,
      "count": 296352
    },
    "nmse": {
      "mean": 0.4096232056617737,
      "std": 5.297811031341553,
      "variance": 28.066802978515625,
      "count": 296352
    },
    "mae": {
      "mean": 173.10244750976562,
      "std": 479.8191833496094,
      "variance": 230226.453125,
      "count": 296352
    },
    "nmae": {
      "mean": 0.39617252349853516,
      "std": 0.5026634931564331,
      "variance": 0.252670556306839,
      "count": 296352
    },
    "relative_mse": {
      "mean": 0.04880461096763611,
      "std": 0.4777184724807739,
      "variance": 0.22821494936943054,
      "count": 296352
    }
  },
  "valid1": {
    "mse": {
      "mean": 2683282.25
    },
    "nmse": {
      "mean": 0.5040442943572998
    },
    "mae": {
      "mean": 240.6655731201172
    },
    "nmae": {
      "mean": 0.392027884721756
    },
    "relative_mse": {
      "mean": 0.10226882994174957
    }
  },
  "valid2": {
    "mse": {
      "mean": 223218.859375
    },
    "nmse": {
      "mean": 0.3335587978363037
    },
    "mae": {
      "mean": 165.36915588378906
    },
    "nmae": {
      "mean": 0.38935866951942444
    },
    "relative_mse": {
      "mean": 0.043240565806627274
    }
  }
}