{
  "test1": {
    "mse": {
      "mean": 164013.140625,
      "std": 8668722.0,
      "variance": 75146744299520.0,
      "count": 1183248
    },
    "nmse": {
      "mean": 0.19982990622520447,
      "std": 6.577362060546875,
      "variance": 43.26169204711914,
      "count": 1183248
    },
    "mae": {
      "mean": 109.37931060791016,
      "std": 389.93499755859375,
      "variance": 152049.296875,
      "count": 1183248
    },
    "nmae": {
      "mean": 0.27713876962661743,
      "std": 0.3507477641105652,
      "variance": 0.12302400171756744,
      "count": 1183248
    },
    "relative_mse": {
      "mean": 0.0404888316988945,
      "std": 0.5497604608535767,
      "variance": 0.3022365868091583,
      "count": 1183248
    }
  },
  "test2": {
    "mse": {
      "mean": 13169227.0,
      "std": 250674736.0,
      "variance": 6.283782396680602e+16,
      "count": 299376
    },
    "nmse": {
      "mean": 0.15230627357959747,
      "std": 0.48649129271507263,
      "variance": 0.2366737723350525,
      "count": 299376
    },
    "mae": {
      "mean": 530.391845703125,
      "std": 3589.9736328125,
      "variance": 12887911.0,
      "count": 299376
    },
    "nmae": {
      "mean": 0.2605455219745636,
      "std": 0.2905551493167877,
      "variance": 0.08442229777574539,
      "count": 299376
    },
    "relative_mse": {
      "mean": 0.025572404265403748,
      "std": 0.17863009870052338,
      "variance": 0.03190871328115463,
      "count": 299376
    }
  }
}