{
  "test1": {
    "mse": {
      "mean": 7314344.5,
      "std": 259872832.0,
      "variance": 6.753389396361216e+16,
      "count": 1171296
    },
    "nmse": {
      "mean": 0.23359213769435883,
      "std": 6.457207202911377,
      "variance": 41.695526123046875,
      "count": 1171296
    },
    "mae": {
      "mean": 255.5770263671875,
      "std": 2692.4013671875,
      "variance": 7249025.0,
      "count": 1171296
    },
    "nmae": {
      "mean": 0.29553332924842834,
      "std": 0.382429301738739,
      "variance": 0.14625217020511627,
      "count": 1171296
    },
    "relative_mse": {
      "mean": 0.043468717485666275,
      "std": 0.6076532602310181,
      "variance": 0.36924251914024353,
      "count": 1171296
    }
  },
  "test2": {
    "mse": {
      "mean": 181258.21875,
      "std": 2066648.625,
      "variance": 4271036432384.0,
      "count": 296352
    },
    "nmse": {
      "mean": 0.26442229747772217,
      "std": 5.197963714599609,
      "variance": 27.018823623657227,
      "count": 296352
    },
    "mae": {
      "mean": 131.30401611328125,
      "std": 404.9906921386719,
      "variance": 164017.46875,
      "count": 296352
    },
    "nmae": {
      "mean": 0.28894540667533875,
      "std": 0.4253620207309723,
      "variance": 0.18093284964561462,
      "count": 296352
    },
    "relative_mse": {
      "mean": 0.02776874601840973,
      "std": 0.44576624035835266,
      "variance": 0.19870753586292267,
      "count": 296352
    }
  },
  "valid1": {
    "mse": {
      "mean": 2151606.75
    },
    "nmse": {
      "mean": 0.37748149037361145
    },
    "mae": {
      "mean": 182.51808166503906
    },
    "nmae": {
      "mean": 0.28682848811149597
    },
    "relative_mse": {
      "mean": 0.06833295524120331
    }
  },
  "valid2": {
    "mse": {
      "mean": 151821.828125
    },
    "nmse": {
      "mean": 0.2068934291601181
    },
    "mae": {
      "mean": 121.85822296142578
    },
    "nmae": {
      "mean": 0.2836606204509735
    },
    "relative_mse": {
      "mean": 0.023371292278170586
    }
  }
}