{
  "test1": {
    "mse": {
      "mean": 0.0007432718994095922,
      "std": 0.004492087289690971,
      "variance": 2.0178849808871746e-05,
      "count": 2067000
    },
    "nmse": {
      "mean": 0.26734215021133423,
      "std": 2.9156055450439453,
      "variance": 8.500755310058594,
      "count": 2067000
    },
    "mae": {
      "mean": 0.012447187677025795,
      "std": 0.02425570972263813,
      "variance": 0.0005883394042029977,
      "count": 2067000
    },
    "nmae": {
      "mean": 0.25218695402145386,
      "std": 0.45138004422187805,
      "variance": 0.20374393463134766,
      "count": 2067000
    },
    "relative_mse": {
      "mean": 0.19773858785629272,
      "std": 2.9446871280670166,
      "variance": 8.671182632446289,
      "count": 2067000
    }
  },
  "test2": {
    "mse": {
      "mean": 0.0006841612048447132,
      "std": 0.003948925994336605,
      "variance": 1.559401789563708e-05,
      "count": 519000
    },
    "nmse": {
      "mean": 0.24059811234474182,
      "std": 1.860082745552063,
      "variance": 3.4599080085754395,
      "count": 519000
    },
    "mae": {
      "mean": 0.012256831862032413,
      "std": 0.023106951266527176,
      "variance": 0.000533931190147996,
      "count": 519000
    },
    "nmae": {
      "mean": 0.24681420624256134,
      "std": 0.42388778924942017,
      "variance": 0.17968085408210754,
      "count": 519000
    },
    "relative_mse": {
      "mean": 0.17225231230258942,
      "std": 1.2133876085281372,
      "variance": 1.4723095893859863,
      "count": 519000
    }
  }
}