{
  "test1": {
    "mse": {
      "mean": 0.0007252247305586934,
      "std": 0.0044539510272443295,
      "variance": 1.9837680156342685e-05,
      "count": 2064000
    },
    "nmse": {
      "mean": 0.26498910784721375,
      "std": 2.89713716506958,
      "variance": 8.393404006958008,
      "count": 2064000
    },
    "mae": {
      "mean": 0.012258896604180336,
      "std": 0.023977994918823242,
      "variance": 0.0005749442498199642,
      "count": 2064000
    },
    "nmae": {
      "mean": 0.2511327266693115,
      "std": 0.4493567645549774,
      "variance": 0.2019214928150177,
      "count": 2064000
    },
    "relative_mse": {
      "mean": 0.19778695702552795,
      "std": 2.9469375610351562,
      "variance": 8.684441566467285,
      "count": 2064000
    }
  },
  "test2": {
    "mse": {
      "mean": 0.0007733416859991848,
      "std": 0.004149271175265312,
      "variance": 1.7216452761203982e-05,
      "count": 516000
    },
    "nmse": {
      "mean": 0.25497135519981384,
      "std": 1.961915373802185,
      "variance": 3.849111795425415,
      "count": 516000
    },
    "mae": {
      "mean": 0.013444021344184875,
      "std": 0.024343375116586685,
      "variance": 0.0005925999139435589,
      "count": 516000
    },
    "nmae": {
      "mean": 0.25852447748184204,
      "std": 0.43374699354171753,
      "variance": 0.18813645839691162,
      "count": 516000
    },
    "relative_mse": {
      "mean": 0.17333048582077026,
      "std": 1.1637132167816162,
      "variance": 1.3542283773422241,
      "count": 516000
    }
  },
  "valid1": {
    "mse": {
      "mean": 0.0005260798498056829
    },
    "nmse": {
      "mean": 0.22284020483493805
    },
    "mae": {
      "mean": 0.009817475453019142
    },
    "nmae": {
      "mean": 0.2132108360528946
    },
    "relative_mse": {
      "mean": 0.15767130255699158
    }
  },
  "valid2": {
    "mse": {
      "mean": 0.0005897575756534934
    },
    "nmse": {
      "mean": 0.22353824973106384
    },
    "mae": {
      "mean": 0.011074385605752468
    },
    "nmae": {
      "mean": 0.22556540369987488
    },
    "relative_mse": {
      "mean": 0.13430950045585632
    }
  }
}