{
  "test1": {
    "mse": {
      "mean": 0.0008110043709166348,
      "std": 0.004856590647250414,
      "variance": 2.3586471797898412e-05,
      "count": 1964928
    },
    "nmse": {
      "mean": 0.301364541053772,
      "std": 2.85282826423645,
      "variance": 8.138628959655762,
      "count": 1964928
    },
    "mae": {
      "mean": 0.012836162932217121,
      "std": 0.025421198457479477,
      "variance": 0.0006462372839450836,
      "count": 1964928
    },
    "nmae": {
      "mean": 0.2648393511772156,
      "std": 0.4808582663536072,
      "variance": 0.2312246710062027,
      "count": 1964928
    },
    "relative_mse": {
      "mean": 0.2160143107175827,
      "std": 1.9540908336639404,
      "variance": 3.8184707164764404,
      "count": 1964928
    }
  },
  "test2": {
    "mse": {
      "mean": 0.0008336710161529481,
      "std": 0.004730564076453447,
      "variance": 2.2378237190423533e-05,
      "count": 491232
    },
    "nmse": {
      "mean": 0.29939335584640503,
      "std": 3.0206758975982666,
      "variance": 9.124483108520508,
      "count": 491232
    },
    "mae": {
      "mean": 0.01335647702217102,
      "std": 0.025598349049687386,
      "variance": 0.0006552755367010832,
      "count": 491232
    },
    "nmae": {
      "mean": 0.2680603861808777,
      "std": 0.4770083725452423,
      "variance": 0.22753699123859406,
      "count": 491232
    },
    "relative_mse": {
      "mean": 0.21652303636074066,
      "std": 5.151290416717529,
      "variance": 26.53579330444336,
      "count": 491232
    }
  }
}