{
  "test1": {
    "mse": {
      "mean": 0.0008394134347327054,
      "std": 0.004973927978426218,
      "variance": 2.473996028129477e-05,
      "count": 1967784
    },
    "nmse": {
      "mean": 0.29973074793815613,
      "std": 2.663090944290161,
      "variance": 7.092053413391113,
      "count": 1967784
    },
    "mae": {
      "mean": 0.013184014707803726,
      "std": 0.025799131020903587,
      "variance": 0.0006655951146967709,
      "count": 1967784
    },
    "nmae": {
      "mean": 0.2671230733394623,
      "std": 0.47788703441619873,
      "variance": 0.22837601602077484,
      "count": 1967784
    },
    "relative_mse": {
      "mean": 0.22045841813087463,
      "std": 3.109650135040283,
      "variance": 9.669923782348633,
      "count": 1967784
    }
  },
  "test2": {
    "mse": {
      "mean": 0.0007285999599844217,
      "std": 0.0041684843599796295,
      "variance": 1.7376261894241907e-05,
      "count": 494088
    },
    "nmse": {
      "mean": 0.31167662143707275,
      "std": 3.6600236892700195,
      "variance": 13.395772933959961,
      "count": 494088
    },
    "mae": {
      "mean": 0.012356454506516457,
      "std": 0.023998292163014412,
      "variance": 0.0005759180639870465,
      "count": 494088
    },
    "nmae": {
      "mean": 0.2690389156341553,
      "std": 0.48917755484580994,
      "variance": 0.23929467797279358,
      "count": 494088
    },
    "relative_mse": {
      "mean": 0.20449332892894745,
      "std": 1.7912909984588623,
      "variance": 3.208723545074463,
      "count": 494088
    }
  }
}