{
  "test1": {
    "mse": {
      "mean": 0.000802092079538852,
      "std": 0.0047680395655334,
      "variance": 2.2734200683771633e-05,
      "count": 2298504
    },
    "nmse": {
      "mean": 0.33996260166168213,
      "std": 7.561224937438965,
      "variance": 57.172119140625,
      "count": 2298504
    },
    "mae": {
      "mean": 0.0130265848711133,
      "std": 0.025147568434476852,
      "variance": 0.0006324001587927341,
      "count": 2298504
    },
    "nmae": {
      "mean": 0.2749903202056885,
      "std": 0.5141428709030151,
      "variance": 0.26434287428855896,
      "count": 2298504
    },
    "relative_mse": {
      "mean": 1.119543194770813,
      "std": 265.5106506347656,
      "variance": 70495.9140625,
      "count": 2298504
    }
  },
  "test2": {
    "mse": {
      "mean": 0.0007334674010053277,
      "std": 0.004087047651410103,
      "variance": 1.670395977271255e-05,
      "count": 577128
    },
    "nmse": {
      "mean": 0.2847263216972351,
      "std": 2.262021541595459,
      "variance": 5.116741180419922,
      "count": 577128
    },
    "mae": {
      "mean": 0.012836207635700703,
      "std": 0.023847414180636406,
      "variance": 0.0005686991498805583,
      "count": 577128
    },
    "nmae": {
      "mean": 0.2681044638156891,
      "std": 0.46135270595550537,
      "variance": 0.2128463238477707,
      "count": 577128
    },
    "relative_mse": {
      "mean": 0.3799096643924713,
      "std": 21.63423728942871,
      "variance": 468.0402526855469,
      "count": 577128
    }
  }
}