{
  "test1": {
    "mse": {
      "mean": 0.0007779938168823719,
      "std": 0.0047330670058727264,
      "variance": 2.2401922251447104e-05,
      "count": 2295168
    },
    "nmse": {
      "mean": 0.3363212049007416,
      "std": 7.56545352935791,
      "variance": 57.236087799072266,
      "count": 2295168
    },
    "mae": {
      "mean": 0.012666689231991768,
      "std": 0.024850528687238693,
      "variance": 0.0006175487651489675,
      "count": 2295168
    },
    "nmae": {
      "mean": 0.27054402232170105,
      "std": 0.5129592418670654,
      "variance": 0.2631271779537201,
      "count": 2295168
    },
    "relative_mse": {
      "mean": 1.1091725826263428,
      "std": 265.4113464355469,
      "variance": 70443.1875,
      "count": 2295168
    }
  },
  "test2": {
    "mse": {
      "mean": 0.0008309644181281328,
      "std": 0.004392440430819988,
      "variance": 1.929353311425075e-05,
      "count": 573792
    },
    "nmse": {
      "mean": 0.2998370826244354,
      "std": 2.322699785232544,
      "variance": 5.394933700561523,
      "count": 573792
    },
    "mae": {
      "mean": 0.013867314904928207,
      "std": 0.025271764025092125,
      "variance": 0.0006386620225384831,
      "count": 573792
    },
    "nmae": {
      "mean": 0.27665239572525024,
      "std": 0.47254687547683716,
      "variance": 0.22330056130886078,
      "count": 573792
    },
    "relative_mse": {
      "mean": 0.4199305772781372,
      "std": 22.567033767700195,
      "variance": 509.27099609375,
      "count": 573792
    }
  },
  "valid1": {
    "mse": {
      "mean": 0.0005979884299449623
    },
    "nmse": {
      "mean": 0.2810784876346588
    },
    "mae": {
      "mean": 0.010621296241879463
    },
    "nmae": {
      "mean": 0.23637692630290985
    },
    "relative_mse": {
      "mean": 0.17774425446987152
    }
  },
  "valid2": {
    "mse": {
      "mean": 0.0006662167143076658
    },
    "nmse": {
      "mean": 0.26216036081314087
    },
    "mae": {
      "mean": 0.01192107331007719
    },
    "nmae": {
      "mean": 0.24783185124397278
    },
    "relative_mse": {
      "mean": 0.15313957631587982
    }
  }
}