{
  "test1": {
    "mse": {
      "mean": 0.0007902159122750163,
      "std": 0.004652335774153471,
      "variance": 2.1644227672368288e-05,
      "count": 1852032
    },
    "nmse": {
      "mean": 0.2860863208770752,
      "std": 2.328136682510376,
      "variance": 5.420220375061035,
      "count": 1852032
    },
    "mae": {
      "mean": 0.012992051430046558,
      "std": 0.024928346276283264,
      "variance": 0.0006214224267750978,
      "count": 1852032
    },
    "nmae": {
      "mean": 0.2673717737197876,
      "std": 0.4632478952407837,
      "variance": 0.2145986258983612,
      "count": 1852032
    },
    "relative_mse": {
      "mean": 0.20635981857776642,
      "std": 1.700602650642395,
      "variance": 2.892049551010132,
      "count": 1852032
    }
  },
  "test2": {
    "mse": {
      "mean": 0.000815730425529182,
      "std": 0.004894135519862175,
      "variance": 2.3952563424245454e-05,
      "count": 465024
    },
    "nmse": {
      "mean": 140024128.0,
      "std": 9009705984.0,
      "variance": 8.117480602809768e+19,
      "count": 465024
    },
    "mae": {
      "mean": 0.013142374344170094,
      "std": 0.02535761147737503,
      "variance": 0.0006430085049942136,
      "count": 465024
    },
    "nmae": {
      "mean": 252.08836364746094,
      "std": 11830.4931640625,
      "variance": 139960576.0,
      "count": 465024
    },
    "relative_mse": {
      "mean": 140024128.0,
      "std": 9009705984.0,
      "variance": 8.117480602809768e+19,
      "count": 465024
    }
  }
}