{
  "test1": {
    "mse": {
      "mean": 18359956.0,
      "std": 127809712.0,
      "variance": 1.6335321847300096e+16,
      "count": 1171296
    },
    "nmse": {
      "mean": 645.6015625,
      "std": 10628.5927734375,
      "variance": 112966976.0,
      "count": 1171296
    },
    "mae": {
      "mean": 1867.4801025390625,
      "std": 3856.48486328125,
      "variance": 14872475.0,
      "count": 1171296
    },
    "nmae": {
      "mean": 8.16740608215332,
      "std": 24.060237884521484,
      "variance": 578.89501953125,
      "count": 1171296
    },
    "relative_mse": {
      "mean": 13.041150093078613,
      "std": 101.0740737915039,
      "variance": 10215.96875,
      "count": 1171296
    }
  },
  "test2": {
    "mse": {
      "mean": 1017804992.0,
      "std": 11787742208.0,
      "variance": 1.389508611250292e+20,
      "count": 296352
    },
    "nmse": {
      "mean": 65.88699340820312,
      "std": 226.7796630859375,
      "variance": 51429.01953125,
      "count": 296352
    },
    "mae": {
      "mean": 4986.89794921875,
      "std": 31510.884765625,
      "variance": 992935872.0,
      "count": 296352
    },
    "nmae": {
      "mean": 5.974701404571533,
      "std": 5.494536876678467,
      "variance": 30.189937591552734,
      "count": 296352
    },
    "relative_mse": {
      "mean": 3.336562156677246,
      "std": 3.8991174697875977,
      "variance": 15.203117370605469,
      "count": 296352
    }
  }
}