{
  "test1": {
    "mse": {
      "mean": 0.0007337049464695156,
      "std": 0.0043774936348199844,
      "variance": 1.916244946187362e-05,
      "count": 2064000
    },
    "nmse": {
      "mean": 0.26479002833366394,
      "std": 2.8356003761291504,
      "variance": 8.040629386901855,
      "count": 2064000
    },
    "mae": {
      "mean": 0.01253143884241581,
      "std": 0.024013914167881012,
      "variance": 0.0005766680114902556,
      "count": 2064000
    },
    "nmae": {
      "mean": 0.254056841135025,
      "std": 0.44748759269714355,
      "variance": 0.20024515688419342,
      "count": 2064000
    },
    "relative_mse": {
      "mean": 0.194356307387352,
      "std": 2.9239585399627686,
      "variance": 8.549532890319824,
      "count": 2064000
    }
  },
  "test2": {
    "mse": {
      "mean": 0.0007433833670802414,
      "std": 0.0044941287487745285,
      "variance": 2.01971906790277e-05,
      "count": 516000
    },
    "nmse": {
      "mean": 0.25656062364578247,
      "std": 2.3603293895721436,
      "variance": 5.571155071258545,
      "count": 516000
    },
    "mae": {
      "mean": 0.01266366709023714,
      "std": 0.02414570190012455,
      "variance": 0.0005830149166285992,
      "count": 516000
    },
    "nmae": {
      "mean": 0.2532874345779419,
      "std": 0.438641220331192,
      "variance": 0.19240611791610718,
      "count": 516000
    },
    "relative_mse": {
      "mean": 0.18878602981567383,
      "std": 1.3664250373840332,
      "variance": 1.8671172857284546,
      "count": 516000
    }
  }
}