{
  "test1": {
    "mse": {
      "mean": 0.0009959111921489239,
      "std": 0.004661540500819683,
      "variance": 2.1729962099925615e-05,
      "count": 2067000
    },
    "nmse": {
      "mean": 0.3519585430622101,
      "std": 2.7913146018981934,
      "variance": 7.791436672210693,
      "count": 2067000
    },
    "mae": {
      "mean": 0.01710256189107895,
      "std": 0.026521943509578705,
      "variance": 0.0007034134468995035,
      "count": 2067000
    },
    "nmae": {
      "mean": 0.3451618254184723,
      "std": 0.4825161397457123,
      "variance": 0.23282182216644287,
      "count": 2067000
    },
    "relative_mse": {
      "mean": 0.2736373245716095,
      "std": 2.984793186187744,
      "variance": 8.908989906311035,
      "count": 2067000
    }
  },
  "test2": {
    "mse": {
      "mean": 0.001023114426061511,
      "std": 0.0052734557539224625,
      "variance": 2.780933391477447e-05,
      "count": 519000
    },
    "nmse": {
      "mean": 0.3220072388648987,
      "std": 1.9961661100387573,
      "variance": 3.9846792221069336,
      "count": 519000
    },
    "mae": {
      "mean": 0.016999220475554466,
      "std": 0.02709503285586834,
      "variance": 0.0007341408636420965,
      "count": 519000
    },
    "nmae": {
      "mean": 0.3341679275035858,
      "std": 0.458627313375473,
      "variance": 0.2103389948606491,
      "count": 519000
    },
    "relative_mse": {
      "mean": 0.2619703710079193,
      "std": 1.3558413982391357,
      "variance": 1.838305950164795,
      "count": 519000
    }
  }
}