{
  "test1": {
    "mse": {
      "mean": 9727627.0,
      "std": 399587840.0,
      "variance": 1.5967042575060173e+17,
      "count": 1254960
    },
    "nmse": {
      "mean": 0.5859403610229492,
      "std": 22.673309326171875,
      "variance": 514.0789794921875,
      "count": 1254960
    },
    "mae": {
      "mean": 316.3694763183594,
      "std": 3102.82763671875,
      "variance": 9627539.0,
      "count": 1254960
    },
    "nmae": {
      "mean": 0.4034053683280945,
      "std": 0.6505416631698608,
      "variance": 0.4232044219970703,
      "count": 1254960
    },
    "relative_mse": {
      "mean": 0.08285941928625107,
      "std": 1.1550185680389404,
      "variance": 1.334067702293396,
      "count": 1254960
    }
  },
  "test2": {
    "mse": {
      "mean": 274163.71875,
      "std": 2871214.5,
      "variance": 8243872530432.0,
      "count": 317520
    },
    "nmse": {
      "mean": 0.4655572474002838,
      "std": 5.222069263458252,
      "variance": 27.270008087158203,
      "count": 317520
    },
    "mae": {
      "mean": 172.4134979248047,
      "std": 494.406005859375,
      "variance": 244437.3125,
      "count": 317520
    },
    "nmae": {
      "mean": 0.39858880639076233,
      "std": 0.5537907481193542,
      "variance": 0.3066841959953308,
      "count": 317520
    },
    "relative_mse": {
      "mean": 0.048334792256355286,
      "std": 0.4800352156162262,
      "variance": 0.23043380677700043,
      "count": 317520
    }
  }
}