{
  "test1": {
    "mse": {
      "mean": 199429.59375,
      "std": 2863834.5,
      "variance": 8201548857344.0,
      "count": 1129464
    },
    "nmse": {
      "mean": 0.35540544986724854,
      "std": 7.754188060760498,
      "variance": 60.12743377685547,
      "count": 1129464
    },
    "mae": {
      "mean": 136.8255615234375,
      "std": 425.0980529785156,
      "variance": 180708.34375,
      "count": 1129464
    },
    "nmae": {
      "mean": 0.3448300063610077,
      "std": 0.48631027340888977,
      "variance": 0.2364976853132248,
      "count": 1129464
    },
    "relative_mse": {
      "mean": 0.06013866886496544,
      "std": 0.8663797378540039,
      "variance": 0.7506138682365417,
      "count": 1129464
    }
  },
  "test2": {
    "mse": {
      "mean": 52810656.0,
      "std": 904625600.0,
      "variance": 8.183474692586209e+17,
      "count": 285768
    },
    "nmse": {
      "mean": 0.22895599901676178,
      "std": 0.6295924782752991,
      "variance": 0.39638665318489075,
      "count": 285768
    },
    "mae": {
      "mean": 890.4769287109375,
      "std": 7212.330078125,
      "variance": 52017708.0,
      "count": 285768
    },
    "nmae": {
      "mean": 0.32412925362586975,
      "std": 0.35198894143104553,
      "variance": 0.12389621883630753,
      "count": 285768
    },
    "relative_mse": {
      "mean": 0.03199102357029915,
      "std": 0.13932865858078003,
      "variance": 0.01941247284412384,
      "count": 285768
    }
  }
}