{
  "test1": {
    "mse": {
      "mean": 0.0008194230031222105,
      "std": 0.004893025383353233,
      "variance": 2.394170041952748e-05,
      "count": 1736280
    },
    "nmse": {
      "mean": 0.3293036222457886,
      "std": 3.41898775100708,
      "variance": 11.689477920532227,
      "count": 1736280
    },
    "mae": {
      "mean": 0.013110239990055561,
      "std": 0.025446897372603416,
      "variance": 0.0006475446280092001,
      "count": 1736280
    },
    "nmae": {
      "mean": 0.2747504413127899,
      "std": 0.5038013458251953,
      "variance": 0.25381582975387573,
      "count": 1736280
    },
    "relative_mse": {
      "mean": 0.23233185708522797,
      "std": 3.7294178009033203,
      "variance": 13.908557891845703,
      "count": 1736280
    }
  },
  "test2": {
    "mse": {
      "mean": 0.0007780656451359391,
      "std": 0.004315119702368975,
      "variance": 1.86202596523799e-05,
      "count": 435960
    },
    "nmse": {
      "mean": 0.2915404140949249,
      "std": 2.0303165912628174,
      "variance": 4.122185707092285,
      "count": 435960
    },
    "mae": {
      "mean": 0.013169712387025356,
      "std": 0.024589108303189278,
      "variance": 0.0006046242779120803,
      "count": 435960
    },
    "nmae": {
      "mean": 0.27282682061195374,
      "std": 0.4659462571144104,
      "variance": 0.2171059250831604,
      "count": 435960
    },
    "relative_mse": {
      "mean": 0.19525232911109924,
      "std": 1.2759788036346436,
      "variance": 1.6281217336654663,
      "count": 435960
    }
  }
}