{
  "test1": {
    "mse": {
      "mean": 0.0008004284463822842,
      "std": 0.004825788550078869,
      "variance": 2.328823393327184e-05,
      "count": 1733760
    },
    "nmse": {
      "mean": 0.32544830441474915,
      "std": 3.3770484924316406,
      "variance": 11.404457092285156,
      "count": 1733760
    },
    "mae": {
      "mean": 0.012927419506013393,
      "std": 0.025165656581521034,
      "variance": 0.0006333102355711162,
      "count": 1733760
    },
    "nmae": {
      "mean": 0.27394241094589233,
      "std": 0.5004037022590637,
      "variance": 0.25040385127067566,
      "count": 1733760
    },
    "relative_mse": {
      "mean": 0.2325545996427536,
      "std": 3.730832576751709,
      "variance": 13.919112205505371,
      "count": 1733760
    }
  },
  "test2": {
    "mse": {
      "mean": 0.0008761565550230443,
      "std": 0.004651069175451994,
      "variance": 2.163244607800152e-05,
      "count": 433440
    },
    "nmse": {
      "mean": 0.3110046982765198,
      "std": 2.2894480228424072,
      "variance": 5.241572380065918,
      "count": 433440
    },
    "mae": {
      "mean": 0.014366506598889828,
      "std": 0.025879723951220512,
      "variance": 0.0006697600474581122,
      "count": 433440
    },
    "nmae": {
      "mean": 0.2849368155002594,
      "std": 0.4793909788131714,
      "variance": 0.22981570661067963,
      "count": 433440
    },
    "relative_mse": {
      "mean": 0.19650356471538544,
      "std": 1.2450168132781982,
      "variance": 1.5500670671463013,
      "count": 433440
    }
  },
  "valid1": {
    "mse": {
      "mean": 0.0006226865807548165
    },
    "nmse": {
      "mean": 0.3574664294719696
    },
    "mae": {
      "mean": 0.010673852637410164
    },
    "nmae": {
      "mean": 0.23740647733211517
    },
    "relative_mse": {
      "mean": 0.20607148110866547
    }
  },
  "valid2": {
    "mse": {
      "mean": 0.0006813083309680223
    },
    "nmse": {
      "mean": 0.28428471088409424
    },
    "mae": {
      "mean": 0.011889677494764328
    },
    "nmae": {
      "mean": 0.246659055352211
    },
    "relative_mse": {
      "mean": 0.16272468864917755
    }
  }
}