{
  "test1": {
    "mse": {
      "mean": 15008473.0,
      "std": 382035104.0,
      "variance": 1.459508227384279e+17,
      "count": 1183248
    },
    "nmse": {
      "mean": 908.1301879882812,
      "std": 20875.1796875,
      "variance": 435773088.0,
      "count": 1183248
    },
    "mae": {
      "mean": 610.476318359375,
      "std": 3825.675537109375,
      "variance": 14635793.0,
      "count": 1183248
    },
    "nmae": {
      "mean": 5.202981948852539,
      "std": 29.682641983032227,
      "variance": 881.0592041015625,
      "count": 1183248
    },
    "relative_mse": {
      "mean": 17.906843185424805,
      "std": 235.2429656982422,
      "variance": 55339.25390625,
      "count": 1183248
    }
  },
  "test2": {
    "mse": {
      "mean": 227145.671875,
      "std": 1102064.625,
      "variance": 1214546444288.0,
      "count": 299376
    },
    "nmse": {
      "mean": 227.32264709472656,
      "std": 2470.531005859375,
      "variance": 6103523.5,
      "count": 299376
    },
    "mae": {
      "mean": 330.7505798339844,
      "std": 343.1468200683594,
      "variance": 117749.734375,
      "count": 299376
    },
    "nmae": {
      "mean": 4.800201892852783,
      "std": 14.292680740356445,
      "variance": 204.2807159423828,
      "count": 299376
    },
    "relative_mse": {
      "mean": 6.341192245483398,
      "std": 33.845848083496094,
      "variance": 1145.54150390625,
      "count": 299376
    }
  }
}