{
  "test1": {
    "mse": {
      "mean": 439487.75,
      "std": 5435836.5,
      "variance": 29548320129024.0,
      "count": 1129464
    },
    "nmse": {
      "mean": 227.85989379882812,
      "std": 5480.2255859375,
      "variance": 30032870.0,
      "count": 1129464
    },
    "mae": {
      "mean": 258.2243957519531,
      "std": 610.5800170898438,
      "variance": 372807.9375,
      "count": 1129464
    },
    "nmae": {
      "mean": 2.882988691329956,
      "std": 14.817161560058594,
      "variance": 219.54827880859375,
      "count": 1129464
    },
    "relative_mse": {
      "mean": 4.684375286102295,
      "std": 61.508140563964844,
      "variance": 3783.251220703125,
      "count": 1129464
    }
  },
  "test2": {
    "mse": {
      "mean": 67620720.0,
      "std": 1004934528.0,
      "variance": 1.0098934586529546e+18,
      "count": 285768
    },
    "nmse": {
      "mean": 4.785266876220703,
      "std": 32.803314208984375,
      "variance": 1076.0574951171875,
      "count": 285768
    },
    "mae": {
      "mean": 1215.758056640625,
      "std": 8132.81298828125,
      "variance": 66142652.0,
      "count": 285768
    },
    "nmae": {
      "mean": 1.0470421314239502,
      "std": 1.9206690788269043,
      "variance": 3.688969612121582,
      "count": 285768
    },
    "relative_mse": {
      "mean": 0.35358452796936035,
      "std": 1.8987163305282593,
      "variance": 3.60512375831604,
      "count": 285768
    }
  },
  "valid1": {
    "mse": {
      "mean": 436303.28125
    },
    "nmse": {
      "mean": 401.535888671875
    },
    "mae": {
      "mean": 253.52468872070312
    },
    "nmae": {
      "mean": 3.3048417568206787
    },
    "relative_mse": {
      "mean": 4.39194917678833
    }
  },
  "valid2": {
    "mse": {
      "mean": 24731552.0
    },
    "nmse": {
      "mean": 3.866955041885376
    },
    "mae": {
      "mean": 799.171630859375
    },
    "nmae": {
      "mean": 0.9989517331123352
    },
    "relative_mse": {
      "mean": 0.33453866839408875
    }
  }
}