{
  "test1": {
    "mse": {
      "mean": 16279366.0,
      "std": 122742400.0,
      "variance": 1.5065697302347776e+16,
      "count": 1171296
    },
    "nmse": {
      "mean": 505.4654541015625,
      "std": 8153.779296875,
      "variance": 66484120.0,
      "count": 1171296
    },
    "mae": {
      "mean": 1652.148681640625,
      "std": 3681.001220703125,
      "variance": 13549770.0,
      "count": 1171296
    },
    "nmae": {
      "mean": 7.7841877937316895,
      "std": 21.09198570251465,
      "variance": 444.87188720703125,
      "count": 1171296
    },
    "relative_mse": {
      "mean": 10.236139297485352,
      "std": 75.53964233398438,
      "variance": 5706.2373046875,
      "count": 1171296
    }
  },
  "test2": {
    "mse": {
      "mean": 997912256.0,
      "std": 11509534720.0,
      "variance": 1.3246938081677804e+20,
      "count": 296352
    },
    "nmse": {
      "mean": 26.98456573486328,
      "std": 57.47963333129883,
      "variance": 3303.908203125,
      "count": 296352
    },
    "mae": {
      "mean": 5504.39013671875,
      "std": 31106.4921875,
      "variance": 967613888.0,
      "count": 296352
    },
    "nmae": {
      "mean": 4.227127552032471,
      "std": 3.0192644596099854,
      "variance": 9.115957260131836,
      "count": 296352
    },
    "relative_mse": {
      "mean": 2.197180986404419,
      "std": 3.599940299987793,
      "variance": 12.959569931030273,
      "count": 296352
    }
  }
}