{
  "test1": {
    "mse": {
      "mean": 188735.125,
      "std": 8594946.0,
      "variance": 73873101946880.0,
      "count": 1183248
    },
    "nmse": {
      "mean": 0.19260525703430176,
      "std": 6.557234764099121,
      "variance": 42.9973258972168,
      "count": 1183248
    },
    "mae": {
      "mean": 125.09410095214844,
      "std": 416.0367736816406,
      "variance": 173086.59375,
      "count": 1183248
    },
    "nmae": {
      "mean": 0.27258723974227905,
      "std": 0.3439497947692871,
      "variance": 0.11830146610736847,
      "count": 1183248
    },
    "relative_mse": {
      "mean": 0.03867480158805847,
      "std": 0.5188242197036743,
      "variance": 0.2691785395145416,
      "count": 1183248
    }
  },
  "test2": {
    "mse": {
      "mean": 12988598.0,
      "std": 251050608.0,
      "variance": 6.302640739083878e+16,
      "count": 299376
    },
    "nmse": {
      "mean": 0.19388054311275482,
      "std": 1.5488884449005127,
      "variance": 2.3990554809570312,
      "count": 299376
    },
    "mae": {
      "mean": 456.6519775390625,
      "std": 3574.921875,
      "variance": 12780067.0,
      "count": 299376
    },
    "nmae": {
      "mean": 0.28647592663764954,
      "std": 0.33438313007354736,
      "variance": 0.11181208491325378,
      "count": 299376
    },
    "relative_mse": {
      "mean": 0.03432302176952362,
      "std": 0.34562352299690247,
      "variance": 0.11945562064647675,
      "count": 299376
    }
  }
}