{
  "test1": {
    "mse": {
      "mean": 0.0007372196414507926,
      "std": 0.004344431217759848,
      "variance": 1.8874083252740093e-05,
      "count": 2067000
    },
    "nmse": {
      "mean": 0.2640376389026642,
      "std": 2.6455893516540527,
      "variance": 6.999143123626709,
      "count": 2067000
    },
    "mae": {
      "mean": 0.012651856057345867,
      "std": 0.02402395009994507,
      "variance": 0.0005771502037532628,
      "count": 2067000
    },
    "nmae": {
      "mean": 0.2582090497016907,
      "std": 0.4442586302757263,
      "variance": 0.19736571609973907,
      "count": 2067000
    },
    "relative_mse": {
      "mean": 0.19466352462768555,
      "std": 2.873058319091797,
      "variance": 8.254464149475098,
      "count": 2067000
    }
  },
  "test2": {
    "mse": {
      "mean": 0.000756287423428148,
      "std": 0.004571451805531979,
      "variance": 2.089817098749336e-05,
      "count": 519000
    },
    "nmse": {
      "mean": 170156960.0,
      "std": 6554921472.0,
      "variance": 4.296699246716073e+19,
      "count": 519000
    },
    "mae": {
      "mean": 0.012743811123073101,
      "std": 0.024369709193706512,
      "variance": 0.0005938826943747699,
      "count": 519000
    },
    "nmae": {
      "mean": 418.53472900390625,
      "std": 13037.7060546875,
      "variance": 169981792.0,
      "count": 519000
    },
    "relative_mse": {
      "mean": 170156960.0,
      "std": 6554921472.0,
      "variance": 4.296699246716073e+19,
      "count": 519000
    }
  }
}