{
  "test1": {
    "mse": {
      "mean": 0.0015943271573632956,
      "std": 0.005846214480698109,
      "variance": 3.4178221540059894e-05,
      "count": 1852032
    },
    "nmse": {
      "mean": 0.8722824454307556,
      "std": 4.840893745422363,
      "variance": 23.43425178527832,
      "count": 1852032
    },
    "mae": {
      "mean": 0.024632539600133896,
      "std": 0.03142555058002472,
      "variance": 0.0009875651448965073,
      "count": 1852032
    },
    "nmae": {
      "mean": 0.5662147998809814,
      "std": 0.7427538633346558,
      "variance": 0.5516833066940308,
      "count": 1852032
    },
    "relative_mse": {
      "mean": 0.5066112279891968,
      "std": 2.676941156387329,
      "variance": 7.166013717651367,
      "count": 1852032
    }
  },
  "test2": {
    "mse": {
      "mean": 0.0017346999375149608,
      "std": 0.006794393993914127,
      "variance": 4.6163790102582425e-05,
      "count": 465024
    },
    "nmse": {
      "mean": 17709096960.0,
      "std": 1067867766784.0,
      "variance": 1.1403415457245174e+24,
      "count": 465024
    },
    "mae": {
      "mean": 0.025251993909478188,
      "std": 0.03312154486775398,
      "variance": 0.0010970368748530746,
      "count": 465024
    },
    "nmae": {
      "mean": 2867.592041015625,
      "std": 133044.640625,
      "variance": 17700874240.0,
      "count": 465024
    },
    "relative_mse": {
      "mean": 17709096960.0,
      "std": 1067867766784.0,
      "variance": 1.1403415457245174e+24,
      "count": 465024
    }
  }
}