{
  "test1": {
    "mse": {
      "mean": 0.0017283710185438395,
      "std": 0.006539827678352594,
      "variance": 4.276934851077385e-05,
      "count": 1852032
    },
    "nmse": {
      "mean": 5661017088.0,
      "std": 728754094080.0,
      "variance": 5.310825184868354e+23,
      "count": 1852032
    },
    "mae": {
      "mean": 0.02564038522541523,
      "std": 0.032725244760513306,
      "variance": 0.0010709416819736362,
      "count": 1852032
    },
    "nmae": {
      "mean": 816.32763671875,
      "std": 75235.296875,
      "variance": 5660350464.0,
      "count": 1852032
    },
    "relative_mse": {
      "mean": 5661017088.0,
      "std": 728754094080.0,
      "variance": 5.310825184868354e+23,
      "count": 1852032
    }
  },
  "test2": {
    "mse": {
      "mean": 0.0015098003204911947,
      "std": 0.0050941151566803455,
      "variance": 2.5950008421204984e-05,
      "count": 465024
    },
    "nmse": {
      "mean": 0.7814765572547913,
      "std": 3.140644073486328,
      "variance": 9.863645553588867,
      "count": 465024
    },
    "mae": {
      "mean": 0.024837737902998924,
      "std": 0.02988121472299099,
      "variance": 0.0008928870083764195,
      "count": 465024
    },
    "nmae": {
      "mean": 0.5606786608695984,
      "std": 0.6834588050842285,
      "variance": 0.46711593866348267,
      "count": 465024
    },
    "relative_mse": {
      "mean": 0.46288877725601196,
      "std": 2.2419328689575195,
      "variance": 5.026262283325195,
      "count": 465024
    }
  }
}