{
  "test1": {
    "mse": {
      "mean": 21.90549659729004,
      "std": 85.25739288330078,
      "variance": 7268.822265625,
      "count": 1062096
    },
    "nmse": {
      "mean": 0.2935793995857239,
      "std": 0.7423306107521057,
      "variance": 0.5510547161102295,
      "count": 1062096
    },
    "mae": {
      "mean": 2.4954137802124023,
      "std": 3.959596872329712,
      "variance": 15.678407669067383,
      "count": 1062096
    },
    "nmae": {
      "mean": 0.312482625246048,
      "std": 0.442644327878952,
      "variance": 0.1959340125322342,
      "count": 1062096
    },
    "relative_mse": {
      "mean": 0.8813601732254028,
      "std": 2.374866485595703,
      "variance": 5.63999080657959,
      "count": 1062096
    }
  },
  "test2": {
    "mse": {
      "mean": 17.92205810546875,
      "std": 58.6436767578125,
      "variance": 3439.080810546875,
      "count": 272832
    },
    "nmse": {
      "mean": 0.29944005608558655,
      "std": 0.7442674040794373,
      "variance": 0.5539339780807495,
      "count": 272832
    },
    "mae": {
      "mean": 2.3713841438293457,
      "std": 3.5069353580474854,
      "variance": 12.298595428466797,
      "count": 272832
    },
    "nmae": {
      "mean": 0.31782951951026917,
      "std": 0.4454485774040222,
      "variance": 0.19842444360256195,
      "count": 272832
    },
    "relative_mse": {
      "mean": 0.8929246068000793,
      "std": 2.3664255142211914,
      "variance": 5.599969863891602,
      "count": 272832
    }
  }
}