{
  "test1": {
    "mse": {
      "mean": 21.344141006469727,
      "std": 82.69493865966797,
      "variance": 6838.453125,
      "count": 1062096
    },
    "nmse": {
      "mean": 0.2866363525390625,
      "std": 0.7250604629516602,
      "variance": 0.5257126688957214,
      "count": 1062096
    },
    "mae": {
      "mean": 2.4258477687835693,
      "std": 3.93184494972229,
      "variance": 15.459403991699219,
      "count": 1062096
    },
    "nmae": {
      "mean": 0.30382078886032104,
      "std": 0.44082796573638916,
      "variance": 0.19432929158210754,
      "count": 1062096
    },
    "relative_mse": {
      "mean": 0.863986074924469,
      "std": 2.3535406589508057,
      "variance": 5.539153575897217,
      "count": 1062096
    }
  },
  "test2": {
    "mse": {
      "mean": 17.422653198242188,
      "std": 56.37397766113281,
      "variance": 3178.025634765625,
      "count": 272832
    },
    "nmse": {
      "mean": 0.29248207807540894,
      "std": 0.7248320579528809,
      "variance": 0.5253815054893494,
      "count": 272832
    },
    "mae": {
      "mean": 2.306480646133423,
      "std": 3.478908061981201,
      "variance": 12.102801322937012,
      "count": 272832
    },
    "nmae": {
      "mean": 0.30931758880615234,
      "std": 0.4436267912387848,
      "variance": 0.19680474698543549,
      "count": 272832
    },
    "relative_mse": {
      "mean": 0.8756361603736877,
      "std": 2.3330435752868652,
      "variance": 5.443092346191406,
      "count": 272832
    }
  }
}