{
  "test1": {
    "mse": {
      "mean": 352617.84375,
      "std": 9533957.0,
      "variance": 90896339042304.0,
      "count": 1171296
    },
    "nmse": {
      "mean": 54.93870162963867,
      "std": 1609.993896484375,
      "variance": 2592080.25,
      "count": 1171296
    },
    "mae": {
      "mean": 211.6043701171875,
      "std": 554.8345947265625,
      "variance": 307841.4375,
      "count": 1171296
    },
    "nmae": {
      "mean": 1.356201171875,
      "std": 7.286934852600098,
      "variance": 53.09941864013672,
      "count": 1171296
    },
    "relative_mse": {
      "mean": 1.2173372507095337,
      "std": 19.90049934387207,
      "variance": 396.0298767089844,
      "count": 1171296
    }
  },
  "test2": {
    "mse": {
      "mean": 47620844.0,
      "std": 782681536.0,
      "variance": 6.125903607947592e+17,
      "count": 296352
    },
    "nmse": {
      "mean": 2.679753303527832,
      "std": 18.17794418334961,
      "variance": 330.43768310546875,
      "count": 296352
    },
    "mae": {
      "mean": 882.7728881835938,
      "std": 6844.08935546875,
      "variance": 46841560.0,
      "count": 296352
    },
    "nmae": {
      "mean": 0.8622280359268188,
      "std": 1.391515851020813,
      "variance": 1.9363163709640503,
      "count": 296352
    },
    "relative_mse": {
      "mean": 0.16477051377296448,
      "std": 0.7343462109565735,
      "variance": 0.5392643213272095,
      "count": 296352
    }
  }
}