{
  "test1": {
    "mse": {
      "mean": 0.0007798307342454791,
      "std": 0.0045980229042470455,
      "variance": 2.1141813704161905e-05,
      "count": 2295168
    },
    "nmse": {
      "mean": 0.3288099467754364,
      "std": 7.50068998336792,
      "variance": 56.260345458984375,
      "count": 2295168
    },
    "mae": {
      "mean": 0.01288117840886116,
      "std": 0.0247771255671978,
      "variance": 0.0006139058968983591,
      "count": 2295168
    },
    "nmae": {
      "mean": 0.27027270197868347,
      "std": 0.5057297945022583,
      "variance": 0.25576260685920715,
      "count": 2295168
    },
    "relative_mse": {
      "mean": 1.0805569887161255,
      "std": 265.00006103515625,
      "variance": 70225.03125,
      "count": 2295168
    }
  },
  "test2": {
    "mse": {
      "mean": 0.0007908624247647822,
      "std": 0.0046812063083052635,
      "variance": 2.1913690943620168e-05,
      "count": 573792
    },
    "nmse": {
      "mean": 0.3057381808757782,
      "std": 2.8872368335723877,
      "variance": 8.336136817932129,
      "count": 573792
    },
    "mae": {
      "mean": 0.013037129305303097,
      "std": 0.024917777627706528,
      "variance": 0.000620895647443831,
      "count": 573792
    },
    "nmae": {
      "mean": 0.2697971761226654,
      "std": 0.48264649510383606,
      "variance": 0.23294764757156372,
      "count": 573792
    },
    "relative_mse": {
      "mean": 0.5059996247291565,
      "std": 29.79571533203125,
      "variance": 887.78466796875,
      "count": 573792
    }
  },
  "valid1": {
    "mse": {
      "mean": 0.0006062766769900918
    },
    "nmse": {
      "mean": 0.2805453836917877
    },
    "mae": {
      "mean": 0.010934943333268166
    },
    "nmae": {
      "mean": 0.23931369185447693
    },
    "relative_mse": {
      "mean": 0.17553870379924774
    }
  },
  "valid2": {
    "mse": {
      "mean": 0.0006210418650880456
    },
    "nmse": {
      "mean": 0.25089237093925476
    },
    "mae": {
      "mean": 0.01100477296859026
    },
    "nmae": {
      "mean": 0.2364964336156845
    },
    "relative_mse": {
      "mean": 0.1563635766506195
    }
  }
}