{
  "test1": {
    "mse": {
      "mean": 0.000923371349927038,
      "std": 0.004518318455666304,
      "variance": 2.041520201601088e-05,
      "count": 2298504
    },
    "nmse": {
      "mean": 0.3733994960784912,
      "std": 6.388561248779297,
      "variance": 40.813716888427734,
      "count": 2298504
    },
    "mae": {
      "mean": 0.015858929604291916,
      "std": 0.02592037245631218,
      "variance": 0.0006718657095916569,
      "count": 2298504
    },
    "nmae": {
      "mean": 0.3314273953437805,
      "std": 0.5133764147758484,
      "variance": 0.2635553777217865,
      "count": 2298504
    },
    "relative_mse": {
      "mean": 0.8472055196762085,
      "std": 209.30323791503906,
      "variance": 43807.84375,
      "count": 2298504
    }
  },
  "test2": {
    "mse": {
      "mean": 0.0009709603618830442,
      "std": 0.005062096286565065,
      "variance": 2.5624818590586074e-05,
      "count": 577128
    },
    "nmse": {
      "mean": 0.3636012077331543,
      "std": 8.127653121948242,
      "variance": 66.05874633789062,
      "count": 577128
    },
    "mae": {
      "mean": 0.01611136645078659,
      "std": 0.026671787723898888,
      "variance": 0.0007113842875696719,
      "count": 577128
    },
    "nmae": {
      "mean": 0.3287856876850128,
      "std": 0.5054712295532227,
      "variance": 0.2555011808872223,
      "count": 577128
    },
    "relative_mse": {
      "mean": 1.579804539680481,
      "std": 319.3837890625,
      "variance": 102006.0078125,
      "count": 577128
    }
  }
}