{
  "test1": {
    "mse": {
      "mean": 0.35805702209472656,
      "std": 0.7607864141464233,
      "variance": 0.5787959694862366,
      "count": 1736280
    },
    "nmse": {
      "mean": 100.25555419921875,
      "std": 142.29150390625,
      "variance": 20246.873046875,
      "count": 1736280
    },
    "mae": {
      "mean": 0.4103564918041229,
      "std": 0.4355049729347229,
      "variance": 0.1896645873785019,
      "count": 1736280
    },
    "nmae": {
      "mean": 7.7699713706970215,
      "std": 6.315306663513184,
      "variance": 39.88309860229492,
      "count": 1736280
    },
    "relative_mse": {
      "mean": 89.04762268066406,
      "std": 183.27389526367188,
      "variance": 33589.3203125,
      "count": 1736280
    }
  },
  "test2": {
    "mse": {
      "mean": 0.3331187963485718,
      "std": 0.6838233470916748,
      "variance": 0.46761438250541687,
      "count": 435960
    },
    "nmse": {
      "mean": 103.88610076904297,
      "std": 154.0606689453125,
      "variance": 23734.6875,
      "count": 435960
    },
    "mae": {
      "mean": 0.39728620648384094,
      "std": 0.4186675250530243,
      "variance": 0.17528249323368073,
      "count": 435960
    },
    "nmae": {
      "mean": 7.9017205238342285,
      "std": 6.438083171844482,
      "variance": 41.448917388916016,
      "count": 435960
    },
    "relative_mse": {
      "mean": 96.30770111083984,
      "std": 226.7289276123047,
      "variance": 51406.00390625,
      "count": 435960
    }
  }
}