{
  "test1": {
    "mse": {
      "mean": 0.000796066946350038,
      "std": 0.0045515852980315685,
      "variance": 2.0716928702313453e-05,
      "count": 2298504
    },
    "nmse": {
      "mean": 46997344.0,
      "std": 2839585024.0,
      "variance": 8.063243233527857e+18,
      "count": 2298504
    },
    "mae": {
      "mean": 0.013269204646348953,
      "std": 0.02489970251917839,
      "variance": 0.0006199951749294996,
      "count": 2298504
    },
    "nmae": {
      "mean": 133.95372009277344,
      "std": 6854.15185546875,
      "variance": 46979400.0,
      "count": 2298504
    },
    "relative_mse": {
      "mean": 46997348.0,
      "std": 2839585024.0,
      "variance": 8.063243233527857e+18,
      "count": 2298504
    }
  },
  "test2": {
    "mse": {
      "mean": 0.0008300060871988535,
      "std": 0.0050928909331560135,
      "variance": 2.5937539248843677e-05,
      "count": 577128
    },
    "nmse": {
      "mean": 0.32611921429634094,
      "std": 8.172125816345215,
      "variance": 66.78364562988281,
      "count": 577128
    },
    "mae": {
      "mean": 0.013416865840554237,
      "std": 0.025494975969195366,
      "variance": 0.0006499937735497952,
      "count": 577128
    },
    "nmae": {
      "mean": 0.2798388600349426,
      "std": 0.49780458211898804,
      "variance": 0.24780941009521484,
      "count": 577128
    },
    "relative_mse": {
      "mean": 1.5407569408416748,
      "std": 320.9993591308594,
      "variance": 103040.5859375,
      "count": 577128
    }
  }
}