{
  "test1": {
    "mse": {
      "mean": 0.0008034463971853256,
      "std": 0.004647388122975826,
      "variance": 2.1598214516416192e-05,
      "count": 2295168
    },
    "nmse": {
      "mean": 0.3404543995857239,
      "std": 7.496930122375488,
      "variance": 56.20396423339844,
      "count": 2295168
    },
    "mae": {
      "mean": 0.01334027387201786,
      "std": 0.02500966750085354,
      "variance": 0.0006254834588617086,
      "count": 2295168
    },
    "nmae": {
      "mean": 0.28292229771614075,
      "std": 0.510303258895874,
      "variance": 0.2604093849658966,
      "count": 2295168
    },
    "relative_mse": {
      "mean": 1.0874613523483276,
      "std": 264.716552734375,
      "variance": 70074.859375,
      "count": 2295168
    }
  },
  "test2": {
    "mse": {
      "mean": 0.0008157636038959026,
      "std": 0.004757781513035297,
      "variance": 2.2636486392002553e-05,
      "count": 573792
    },
    "nmse": {
      "mean": 0.31730279326438904,
      "std": 2.8984193801879883,
      "variance": 8.400835037231445,
      "count": 573792
    },
    "mae": {
      "mean": 0.013499308377504349,
      "std": 0.025170065462589264,
      "variance": 0.0006335322395898402,
      "count": 573792
    },
    "nmae": {
      "mean": 0.2814635932445526,
      "std": 0.48793548345565796,
      "variance": 0.23808103799819946,
      "count": 573792
    },
    "relative_mse": {
      "mean": 0.5148251056671143,
      "std": 29.958980560302734,
      "variance": 897.5405883789062,
      "count": 573792
    }
  },
  "valid1": {
    "mse": {
      "mean": 0.0006225173710845411
    },
    "nmse": {
      "mean": 0.28846433758735657
    },
    "mae": {
      "mean": 0.01113421842455864
    },
    "nmae": {
      "mean": 0.24584534764289856
    },
    "relative_mse": {
      "mean": 0.1803036332130432
    }
  },
  "valid2": {
    "mse": {
      "mean": 0.00063572998624295
    },
    "nmse": {
      "mean": 0.2583968937397003
    },
    "mae": {
      "mean": 0.011202855966985226
    },
    "nmae": {
      "mean": 0.2423340082168579
    },
    "relative_mse": {
      "mean": 0.16046680510044098
    }
  }
}