{
  "test1": {
    "mse": {
      "mean": 219246.0,
      "std": 9325350.0,
      "variance": 86962157387776.0,
      "count": 1254960
    },
    "nmse": {
      "mean": 0.5200758576393127,
      "std": 22.538766860961914,
      "variance": 507.9960021972656,
      "count": 1254960
    },
    "mae": {
      "mean": 127.7199478149414,
      "std": 450.4815673828125,
      "variance": 202933.640625,
      "count": 1254960
    },
    "nmae": {
      "mean": 0.3340744972229004,
      "std": 0.6391165852546692,
      "variance": 0.4084700047969818,
      "count": 1254960
    },
    "relative_mse": {
      "mean": 0.052754390984773636,
      "std": 0.913446307182312,
      "variance": 0.8343841433525085,
      "count": 1254960
    }
  },
  "test2": {
    "mse": {
      "mean": 36988260.0,
      "std": 829083968.0,
      "variance": 6.873801725082337e+17,
      "count": 317520
    },
    "nmse": {
      "mean": 0.24473507702350616,
      "std": 4.641831398010254,
      "variance": 21.546600341796875,
      "count": 317520
    },
    "mae": {
      "mean": 719.7594604492188,
      "std": 6039.056640625,
      "variance": 36470208.0,
      "count": 317520
    },
    "nmae": {
      "mean": 0.3042432367801666,
      "std": 0.390091210603714,
      "variance": 0.15217113494873047,
      "count": 317520
    },
    "relative_mse": {
      "mean": 0.049343980848789215,
      "std": 1.1832762956619263,
      "variance": 1.400142788887024,
      "count": 317520
    }
  }
}