{
  "test1": {
    "mse": {
      "mean": 193684.9375,
      "std": 9469276.0,
      "variance": 89667189866496.0,
      "count": 1171296
    },
    "nmse": {
      "mean": 0.2553848624229431,
      "std": 6.968003749847412,
      "variance": 48.553077697753906,
      "count": 1171296
    },
    "mae": {
      "mean": 119.47108459472656,
      "std": 423.570068359375,
      "variance": 179411.59375,
      "count": 1171296
    },
    "nmae": {
      "mean": 0.29864004254341125,
      "std": 0.4076750874519348,
      "variance": 0.1661989837884903,
      "count": 1171296
    },
    "relative_mse": {
      "mean": 0.04324256628751755,
      "std": 0.6419782638549805,
      "variance": 0.41213610768318176,
      "count": 1171296
    }
  },
  "test2": {
    "mse": {
      "mean": 28106108.0,
      "std": 510064224.0,
      "variance": 2.6016553083129037e+17,
      "count": 296352
    },
    "nmse": {
      "mean": 0.18016336858272552,
      "std": 0.61226886510849,
      "variance": 0.37487319111824036,
      "count": 296352
    },
    "mae": {
      "mean": 673.0130615234375,
      "std": 5258.62744140625,
      "variance": 27653164.0,
      "count": 296352
    },
    "nmae": {
      "mean": 0.2795182764530182,
      "std": 0.31942588090896606,
      "variance": 0.10203289985656738,
      "count": 296352
    },
    "relative_mse": {
      "mean": 0.029158782213926315,
      "std": 0.23816588521003723,
      "variance": 0.056722983717918396,
      "count": 296352
    }
  },
  "valid1": {
    "mse": {
      "mean": 163066.5625
    },
    "nmse": {
      "mean": 0.38741183280944824
    },
    "mae": {
      "mean": 113.32417297363281
    },
    "nmae": {
      "mean": 0.29128211736679077
    },
    "relative_mse": {
      "mean": 0.06687543541193008
    }
  },
  "valid2": {
    "mse": {
      "mean": 8045073.0
    },
    "nmse": {
      "mean": 0.17056402564048767
    },
    "mae": {
      "mean": 398.4880065917969
    },
    "nmae": {
      "mean": 0.26941558718681335
    },
    "relative_mse": {
      "mean": 0.030421840026974678
    }
  }
}