{
  "test1": {
    "mse": {
      "mean": 0.0008933774661272764,
      "std": 0.004936480429023504,
      "variance": 2.4368840968236327e-05,
      "count": 1488240
    },
    "nmse": {
      "mean": 0.36818835139274597,
      "std": 3.2274348735809326,
      "variance": 10.416336059570312,
      "count": 1488240
    },
    "mae": {
      "mean": 0.014071069657802582,
      "std": 0.026370104402303696,
      "variance": 0.0006953824777156115,
      "count": 1488240
    },
    "nmae": {
      "mean": 0.2981257140636444,
      "std": 0.5284972786903381,
      "variance": 0.27930939197540283,
      "count": 1488240
    },
    "relative_mse": {
      "mean": 0.25474730134010315,
      "std": 2.3027126789093018,
      "variance": 5.302485466003418,
      "count": 1488240
    }
  },
  "test2": {
    "mse": {
      "mean": 0.0009105896460823715,
      "std": 0.005328107159584761,
      "variance": 2.8388727514538914e-05,
      "count": 373680
    },
    "nmse": {
      "mean": 0.32297834753990173,
      "std": 2.0466010570526123,
      "variance": 4.1885762214660645,
      "count": 373680
    },
    "mae": {
      "mean": 0.014218280091881752,
      "std": 0.026616349816322327,
      "variance": 0.0007084300741553307,
      "count": 373680
    },
    "nmae": {
      "mean": 0.29460129141807556,
      "std": 0.4859921932220459,
      "variance": 0.23618842661380768,
      "count": 373680
    },
    "relative_mse": {
      "mean": 0.23561130464076996,
      "std": 1.5227338075637817,
      "variance": 2.318718194961548,
      "count": 373680
    }
  }
}