{
  "test1": {
    "mse": {
      "mean": 0.0007434154395014048,
      "std": 0.004377016797661781,
      "variance": 1.9158276700181887e-05,
      "count": 2064000
    },
    "nmse": {
      "mean": 0.2714948356151581,
      "std": 2.8545989990234375,
      "variance": 8.148736000061035,
      "count": 2064000
    },
    "mae": {
      "mean": 0.012751404196023941,
      "std": 0.024100149050354958,
      "variance": 0.0005808171699754894,
      "count": 2064000
    },
    "nmae": {
      "mean": 0.2618102431297302,
      "std": 0.4504999816417694,
      "variance": 0.20295023918151855,
      "count": 2064000
    },
    "relative_mse": {
      "mean": 0.19846592843532562,
      "std": 2.94765567779541,
      "variance": 8.688673973083496,
      "count": 2064000
    }
  },
  "test2": {
    "mse": {
      "mean": 0.0007526646368205547,
      "std": 0.004527515731751919,
      "variance": 2.0498400772339664e-05,
      "count": 516000
    },
    "nmse": {
      "mean": 0.2622891962528229,
      "std": 2.3922135829925537,
      "variance": 5.72268533706665,
      "count": 516000
    },
    "mae": {
      "mean": 0.012861526571214199,
      "std": 0.024233153089880943,
      "variance": 0.0005872456822544336,
      "count": 516000
    },
    "nmae": {
      "mean": 0.2594262361526489,
      "std": 0.4415735900402069,
      "variance": 0.1949872374534607,
      "count": 516000
    },
    "relative_mse": {
      "mean": 0.19246408343315125,
      "std": 1.377920150756836,
      "variance": 1.898663878440857,
      "count": 516000
    }
  }
}