{
  "test1": {
    "mse": {
      "mean": 0.0007405545911751688,
      "std": 0.004301836248487234,
      "variance": 1.850579610618297e-05,
      "count": 2067000
    },
    "nmse": {
      "mean": 53059208.0,
      "std": 4325318656.0,
      "variance": 1.8708379462608617e+19,
      "count": 2067000
    },
    "mae": {
      "mean": 0.012775174342095852,
      "std": 0.024028098210692406,
      "variance": 0.0005773495067842305,
      "count": 2067000
    },
    "nmae": {
      "mean": 112.77904510498047,
      "std": 7283.30224609375,
      "variance": 53046488.0,
      "count": 2067000
    },
    "relative_mse": {
      "mean": 53059208.0,
      "std": 4325318656.0,
      "variance": 1.8708379462608617e+19,
      "count": 2067000
    }
  },
  "test2": {
    "mse": {
      "mean": 0.0007575105992145836,
      "std": 0.004671948961913586,
      "variance": 2.1827107048011385e-05,
      "count": 519000
    },
    "nmse": {
      "mean": 0.24808911979198456,
      "std": 2.0263450145721436,
      "variance": 4.106074333190918,
      "count": 519000
    },
    "mae": {
      "mean": 0.012861390598118305,
      "std": 0.024333007633686066,
      "variance": 0.0005920952535234392,
      "count": 519000
    },
    "nmae": {
      "mean": 0.2570517063140869,
      "std": 0.4266304671764374,
      "variance": 0.18201355636119843,
      "count": 519000
    },
    "relative_mse": {
      "mean": 0.19040055572986603,
      "std": 1.2824194431304932,
      "variance": 1.6445995569229126,
      "count": 519000
    }
  }
}