{
  "test1": {
    "mse": {
      "mean": 18.04833221435547,
      "std": 59.518287658691406,
      "variance": 3542.4267578125,
      "count": 1080408
    },
    "nmse": {
      "mean": 0.37899264693260193,
      "std": 1.6397104263305664,
      "variance": 2.688650369644165,
      "count": 1080408
    },
    "mae": {
      "mean": 2.2951109409332275,
      "std": 3.575023889541626,
      "variance": 12.78079605102539,
      "count": 1080408
    },
    "nmae": {
      "mean": 0.32160571217536926,
      "std": 0.5249403715133667,
      "variance": 0.27556243538856506,
      "count": 1080408
    },
    "relative_mse": {
      "mean": 1.351086974143982,
      "std": 7.26132869720459,
      "variance": 52.726890563964844,
      "count": 1080408
    }
  },
  "test2": {
    "mse": {
      "mean": 26.60288429260254,
      "std": 106.59644317626953,
      "variance": 11362.8017578125,
      "count": 277536
    },
    "nmse": {
      "mean": 0.3896244466304779,
      "std": 1.7611817121505737,
      "variance": 3.1017608642578125,
      "count": 277536
    },
    "mae": {
      "mean": 2.658745288848877,
      "std": 4.4197235107421875,
      "variance": 19.53395652770996,
      "count": 277536
    },
    "nmae": {
      "mean": 0.3225073218345642,
      "std": 0.5344281792640686,
      "variance": 0.28561344742774963,
      "count": 277536
    },
    "relative_mse": {
      "mean": 1.406579852104187,
      "std": 7.517184734344482,
      "variance": 56.5080680847168,
      "count": 277536
    }
  }
}