{
  "test1": {
    "mse": {
      "mean": 3969409.75,
      "std": 153565440.0,
      "variance": 2.358234686737613e+16,
      "count": 1266912
    },
    "nmse": {
      "mean": 0.2384129911661148,
      "std": 12.6556396484375,
      "variance": 160.1652069091797,
      "count": 1266912
    },
    "mae": {
      "mean": 219.052001953125,
      "std": 1980.259033203125,
      "variance": 3921426.0,
      "count": 1266912
    },
    "nmae": {
      "mean": 0.2703879177570343,
      "std": 0.40657517313957214,
      "variance": 0.16530337929725647,
      "count": 1266912
    },
    "relative_mse": {
      "mean": 0.04041961207985878,
      "std": 0.9846476912498474,
      "variance": 0.9695310592651367,
      "count": 1266912
    }
  },
  "test2": {
    "mse": {
      "mean": 50125.41015625,
      "std": 682614.5625,
      "variance": 465962663936.0,
      "count": 320544
    },
    "nmse": {
      "mean": 0.22757399082183838,
      "std": 5.3416337966918945,
      "variance": 28.53305435180664,
      "count": 320544
    },
    "mae": {
      "mean": 79.5433120727539,
      "std": 209.28036499023438,
      "variance": 43798.26953125,
      "count": 320544
    },
    "nmae": {
      "mean": 0.27927538752555847,
      "std": 0.38675475120544434,
      "variance": 0.1495792418718338,
      "count": 320544
    },
    "relative_mse": {
      "mean": 0.02919049747288227,
      "std": 0.2956570088863373,
      "variance": 0.08741307258605957,
      "count": 320544
    }
  }
}