{
  "test1": {
    "mse": {
      "mean": 20544726.0,
      "std": 157504656.0,
      "variance": 2.480771821679411e+16,
      "count": 1254960
    },
    "nmse": {
      "mean": 200.1500244140625,
      "std": 3045.823974609375,
      "variance": 9277044.0,
      "count": 1254960
    },
    "mae": {
      "mean": 1723.1142578125,
      "std": 4192.32666015625,
      "variance": 17575602.0,
      "count": 1254960
    },
    "nmae": {
      "mean": 5.940742492675781,
      "std": 12.839688301086426,
      "variance": 164.8575897216797,
      "count": 1254960
    },
    "relative_mse": {
      "mean": 3.0226573944091797,
      "std": 13.744499206542969,
      "variance": 188.91127014160156,
      "count": 1254960
    }
  },
  "test2": {
    "mse": {
      "mean": 1238537344.0,
      "std": 13825406976.0,
      "variance": 1.911418633457888e+20,
      "count": 317520
    },
    "nmse": {
      "mean": 17.59712028503418,
      "std": 20.998586654663086,
      "variance": 440.940673828125,
      "count": 317520
    },
    "mae": {
      "mean": 6227.9716796875,
      "std": 34637.40234375,
      "variance": 1199749632.0,
      "count": 317520
    },
    "nmae": {
      "mean": 3.724285125732422,
      "std": 1.930497169494629,
      "variance": 3.7268192768096924,
      "count": 317520
    },
    "relative_mse": {
      "mean": 1.5065762996673584,
      "std": 3.100788116455078,
      "variance": 9.614886283874512,
      "count": 317520
    }
  }
}