{
  "test1": {
    "mse": {
      "mean": 486259.78125,
      "std": 9702050.0,
      "variance": 94129778327552.0,
      "count": 1129464
    },
    "nmse": {
      "mean": 48.35216522216797,
      "std": 1367.2197265625,
      "variance": 1869289.625,
      "count": 1129464
    },
    "mae": {
      "mean": 243.4853515625,
      "std": 653.4329833984375,
      "variance": 426974.65625,
      "count": 1129464
    },
    "nmae": {
      "mean": 1.3449450731277466,
      "std": 6.822264671325684,
      "variance": 46.54329299926758,
      "count": 1129464
    },
    "relative_mse": {
      "mean": 1.2077797651290894,
      "std": 19.239784240722656,
      "variance": 370.1692810058594,
      "count": 1129464
    }
  },
  "test2": {
    "mse": {
      "mean": 72610144.0,
      "std": 1122109696.0,
      "variance": 1.259130067242451e+18,
      "count": 285768
    },
    "nmse": {
      "mean": 2.7857563495635986,
      "std": 19.294513702392578,
      "variance": 372.27825927734375,
      "count": 285768
    },
    "mae": {
      "mean": 1070.9356689453125,
      "std": 8453.59375,
      "variance": 71463248.0,
      "count": 285768
    },
    "nmae": {
      "mean": 0.8865247368812561,
      "std": 1.4141534566879272,
      "variance": 1.9998301267623901,
      "count": 285768
    },
    "relative_mse": {
      "mean": 0.18018727004528046,
      "std": 0.707571804523468,
      "variance": 0.500657856464386,
      "count": 285768
    }
  }
}