{
  "test1": {
    "mse": {
      "mean": 34144016.0,
      "std": 739259200.0,
      "variance": 5.465041800475443e+17,
      "count": 1161216
    },
    "nmse": {
      "mean": 4.0211119348698317e+18,
      "std": 9.221358611161992e+19,
      "variance": Infinity,
      "count": 1161216
    },
    "mae": {
      "mean": 1158.1553955078125,
      "std": 5727.36328125,
      "variance": 32802692.0,
      "count": 1161216
    },
    "nmae": {
      "mean": 111633032.0,
      "std": 2002161280.0,
      "variance": 4.0086500700806185e+18,
      "count": 1161216
    },
    "relative_mse": {
      "mean": 4.0211119348698317e+18,
      "std": 9.221358611161992e+19,
      "variance": Infinity,
      "count": 1161216
    }
  },
  "test2": {
    "mse": {
      "mean": 4165040.75,
      "std": 24700760.0,
      "variance": 610127619031040.0,
      "count": 294840
    },
    "nmse": {
      "mean": 166.64015197753906,
      "std": 2231.034912109375,
      "variance": 4977517.0,
      "count": 294840
    },
    "mae": {
      "mean": 819.256591796875,
      "std": 1869.1868896484375,
      "variance": 3493859.75,
      "count": 294840
    },
    "nmae": {
      "mean": 3.915936231613159,
      "std": 12.300634384155273,
      "variance": 151.30560302734375,
      "count": 294840
    },
    "relative_mse": {
      "mean": 67.9864501953125,
      "std": 2469.025634765625,
      "variance": 6096087.5,
      "count": 294840
    }
  }
}