{
  "test1": {
    "mse": {
      "mean": 43910508.0,
      "std": 1036603648.0,
      "variance": 1.0745470788283924e+18,
      "count": 1134000
    },
    "nmse": {
      "mean": 307.5577697753906,
      "std": 8421.376953125,
      "variance": 70919584.0,
      "count": 1134000
    },
    "mae": {
      "mean": 1359.2701416015625,
      "std": 6485.59130859375,
      "variance": 42062896.0,
      "count": 1134000
    },
    "nmae": {
      "mean": 4.115334987640381,
      "std": 17.04763412475586,
      "variance": 290.621826171875,
      "count": 1134000
    },
    "relative_mse": {
      "mean": 7.467833995819092,
      "std": 117.59458923339844,
      "variance": 13828.4873046875,
      "count": 1134000
    }
  },
  "test2": {
    "mse": {
      "mean": 14909307.0,
      "std": 148058320.0,
      "variance": 2.192126611816448e+16,
      "count": 285768
    },
    "nmse": {
      "mean": 19.61198616027832,
      "std": 125.96515655517578,
      "variance": 15867.2197265625,
      "count": 285768
    },
    "mae": {
      "mean": 1015.1597290039062,
      "std": 3725.420654296875,
      "variance": 13878758.0,
      "count": 285768
    },
    "nmae": {
      "mean": 2.6959195137023926,
      "std": 3.5134036540985107,
      "variance": 12.34400463104248,
      "count": 285768
    },
    "relative_mse": {
      "mean": 0.9870503544807434,
      "std": 2.7540695667266846,
      "variance": 7.584898471832275,
      "count": 285768
    }
  }
}