{
  "test1": {
    "mse": {
      "mean": 16.98344612121582,
      "std": 65.54344177246094,
      "variance": 4295.94287109375,
      "count": 1127496
    },
    "nmse": {
      "mean": 1.0736898183822632,
      "std": 8.352814674377441,
      "variance": 69.76951599121094,
      "count": 1127496
    },
    "mae": {
      "mean": 2.558516025543213,
      "std": 3.230703115463257,
      "variance": 10.437443733215332,
      "count": 1127496
    },
    "nmae": {
      "mean": 0.4864957332611084,
      "std": 0.9148834347724915,
      "variance": 0.8370117545127869,
      "count": 1127496
    },
    "relative_mse": {
      "mean": 4.4133124351501465,
      "std": 40.75897216796875,
      "variance": 1661.293701171875,
      "count": 1127496
    }
  },
  "test2": {
    "mse": {
      "mean": 13.741461753845215,
      "std": 43.45580291748047,
      "variance": 1888.4068603515625,
      "count": 289632
    },
    "nmse": {
      "mean": 1.0214385986328125,
      "std": 8.471545219421387,
      "variance": 71.76708221435547,
      "count": 289632
    },
    "mae": {
      "mean": 2.42293119430542,
      "std": 2.805506467819214,
      "variance": 7.870866775512695,
      "count": 289632
    },
    "nmae": {
      "mean": 0.4839857220649719,
      "std": 0.8872408866882324,
      "variance": 0.7871963977813721,
      "count": 289632
    },
    "relative_mse": {
      "mean": 4.196948051452637,
      "std": 43.894657135009766,
      "variance": 1926.740966796875,
      "count": 289632
    }
  }
}