{
  "test1": {
    "mse": {
      "mean": 19.647249221801758,
      "std": 74.45696258544922,
      "variance": 5543.83984375,
      "count": 1127496
    },
    "nmse": {
      "mean": 1.2993865013122559,
      "std": 9.775175094604492,
      "variance": 95.55404663085938,
      "count": 1127496
    },
    "mae": {
      "mean": 2.7882237434387207,
      "std": 3.445729970932007,
      "variance": 11.873054504394531,
      "count": 1127496
    },
    "nmae": {
      "mean": 0.5378481149673462,
      "std": 1.0050402879714966,
      "variance": 1.0101059675216675,
      "count": 1127496
    },
    "relative_mse": {
      "mean": 5.386678218841553,
      "std": 48.16004180908203,
      "variance": 2319.3896484375,
      "count": 1127496
    }
  },
  "test2": {
    "mse": {
      "mean": 15.893092155456543,
      "std": 49.159366607666016,
      "variance": 2416.643310546875,
      "count": 289632
    },
    "nmse": {
      "mean": 1.243189811706543,
      "std": 9.83927059173584,
      "variance": 96.81124877929688,
      "count": 289632
    },
    "mae": {
      "mean": 2.6405274868011475,
      "std": 2.98675537109375,
      "variance": 8.920707702636719,
      "count": 289632
    },
    "nmae": {
      "mean": 0.5359067916870117,
      "std": 0.9777493476867676,
      "variance": 0.9559938311576843,
      "count": 289632
    },
    "relative_mse": {
      "mean": 5.1440887451171875,
      "std": 50.63841247558594,
      "variance": 2564.2490234375,
      "count": 289632
    }
  }
}