{
  "test1": {
    "mse": {
      "mean": 13274001.0,
      "std": 377041920.0,
      "variance": 1.4216060858898842e+17,
      "count": 1171296
    },
    "nmse": {
      "mean": 468.839599609375,
      "std": 12730.6962890625,
      "variance": 162070640.0,
      "count": 1171296
    },
    "mae": {
      "mean": 605.8921508789062,
      "std": 3592.61669921875,
      "variance": 12906895.0,
      "count": 1171296
    },
    "nmae": {
      "mean": 3.7936348915100098,
      "std": 21.31778335571289,
      "variance": 454.4479064941406,
      "count": 1171296
    },
    "relative_mse": {
      "mean": 9.66470718383789,
      "std": 149.7944793701172,
      "variance": 22438.384765625,
      "count": 1171296
    }
  },
  "test2": {
    "mse": {
      "mean": 359910.03125,
      "std": 1880198.75,
      "variance": 3535147106304.0,
      "count": 296352
    },
    "nmse": {
      "mean": 19.760820388793945,
      "std": 208.380126953125,
      "variance": 43422.28125,
      "count": 296352
    },
    "mae": {
      "mean": 317.01416015625,
      "std": 509.3251037597656,
      "variance": 259412.0625,
      "count": 296352
    },
    "nmae": {
      "mean": 2.025129795074463,
      "std": 3.9572300910949707,
      "variance": 15.659668922424316,
      "count": 296352
    },
    "relative_mse": {
      "mean": 1.7326093912124634,
      "std": 8.553915977478027,
      "variance": 73.16947937011719,
      "count": 296352
    }
  }
}