{
  "test1": {
    "mse": {
      "mean": 11.494816780090332,
      "std": 51.733917236328125,
      "variance": 2676.3984375,
      "count": 1090872
    },
    "nmse": {
      "mean": 0.24726147949695587,
      "std": 1.5108305215835571,
      "variance": 2.2826087474823,
      "count": 1090872
    },
    "mae": {
      "mean": 1.7894818782806396,
      "std": 2.8796825408935547,
      "variance": 8.292572021484375,
      "count": 1090872
    },
    "nmae": {
      "mean": 0.249127596616745,
      "std": 0.4303450882434845,
      "variance": 0.1851969063282013,
      "count": 1090872
    },
    "relative_mse": {
      "mean": 0.9166438579559326,
      "std": 6.348224639892578,
      "variance": 40.299957275390625,
      "count": 1090872
    }
  },
  "test2": {
    "mse": {
      "mean": 12.720083236694336,
      "std": 59.243412017822266,
      "variance": 3509.78173828125,
      "count": 280224
    },
    "nmse": {
      "mean": 0.2591249942779541,
      "std": 1.7366235256195068,
      "variance": 3.0158610343933105,
      "count": 280224
    },
    "mae": {
      "mean": 1.874236822128296,
      "std": 3.0343565940856934,
      "variance": 9.207319259643555,
      "count": 280224
    },
    "nmae": {
      "mean": 0.2507340908050537,
      "std": 0.44300946593284607,
      "variance": 0.19625738263130188,
      "count": 280224
    },
    "relative_mse": {
      "mean": 0.9537628889083862,
      "std": 7.017017364501953,
      "variance": 49.23853302001953,
      "count": 280224
    }
  },
  "valid1": {
    "mse": {
      "mean": 10.840790748596191
    },
    "nmse": {
      "mean": 0.13032057881355286
    },
    "mae": {
      "mean": 1.7779532670974731
    },
    "nmae": {
      "mean": 0.20675937831401825
    },
    "relative_mse": {
      "mean": 0.29468247294425964
    }
  },
  "valid2": {
    "mse": {
      "mean": 11.305848121643066
    },
    "nmse": {
      "mean": 0.12955768406391144
    },
    "mae": {
      "mean": 1.8245177268981934
    },
    "nmae": {
      "mean": 0.2056654691696167
    },
    "relative_mse": {
      "mean": 0.2938074767589569
    }
  }
}