{
  "test1": {
    "mse": {
      "mean": 0.0007456853636540473,
      "std": 0.004491319414228201,
      "variance": 2.0171950382064097e-05,
      "count": 2067000
    },
    "nmse": {
      "mean": 0.26942676305770874,
      "std": 2.9162745475769043,
      "variance": 8.504657745361328,
      "count": 2067000
    },
    "mae": {
      "mean": 0.012482456862926483,
      "std": 0.02428731508553028,
      "variance": 0.0005898736417293549,
      "count": 2067000
    },
    "nmae": {
      "mean": 0.2538152039051056,
      "std": 0.4527743458747864,
      "variance": 0.20500460267066956,
      "count": 2067000
    },
    "relative_mse": {
      "mean": 0.19902588427066803,
      "std": 2.9464218616485596,
      "variance": 8.681402206420898,
      "count": 2067000
    }
  },
  "test2": {
    "mse": {
      "mean": 0.0006871268269605935,
      "std": 0.003952279221266508,
      "variance": 1.5620509657310322e-05,
      "count": 519000
    },
    "nmse": {
      "mean": 0.24239060282707214,
      "std": 1.8625569343566895,
      "variance": 3.469118118286133,
      "count": 519000
    },
    "mae": {
      "mean": 0.01230115257203579,
      "std": 0.02314753830432892,
      "variance": 0.0005358085036277771,
      "count": 519000
    },
    "nmae": {
      "mean": 0.24837777018547058,
      "std": 0.4250871539115906,
      "variance": 0.18069908022880554,
      "count": 519000
    },
    "relative_mse": {
      "mean": 0.1732531636953354,
      "std": 1.2130627632141113,
      "variance": 1.4715213775634766,
      "count": 519000
    }
  }
}