{
  "test1": {
    "mse": {
      "mean": 0.0007263254374265671,
      "std": 0.00445304112508893,
      "variance": 1.982957292057108e-05,
      "count": 2064000
    },
    "nmse": {
      "mean": 0.2664721608161926,
      "std": 2.902690887451172,
      "variance": 8.425615310668945,
      "count": 2064000
    },
    "mae": {
      "mean": 0.012259525246918201,
      "std": 0.024000616744160652,
      "variance": 0.0005760295898653567,
      "count": 2064000
    },
    "nmae": {
      "mean": 0.2519923448562622,
      "std": 0.45052415132522583,
      "variance": 0.20297202467918396,
      "count": 2064000
    },
    "relative_mse": {
      "mean": 0.198701873421669,
      "std": 2.95778751373291,
      "variance": 8.748506546020508,
      "count": 2064000
    }
  },
  "test2": {
    "mse": {
      "mean": 0.0007739057764410973,
      "std": 0.004143979866057634,
      "variance": 1.7172567822854035e-05,
      "count": 516000
    },
    "nmse": {
      "mean": 0.2561071217060089,
      "std": 1.9619539976119995,
      "variance": 3.8492631912231445,
      "count": 516000
    },
    "mae": {
      "mean": 0.013429397717118263,
      "std": 0.024363026022911072,
      "variance": 0.00059355708071962,
      "count": 516000
    },
    "nmae": {
      "mean": 0.2591294050216675,
      "std": 0.4346942603588104,
      "variance": 0.18895910680294037,
      "count": 516000
    },
    "relative_mse": {
      "mean": 0.17395271360874176,
      "std": 1.1635771989822388,
      "variance": 1.3539119958877563,
      "count": 516000
    }
  }
}