{
  "test1": {
    "mse": {
      "mean": 0.11698783189058304,
      "std": 0.2518532872200012,
      "variance": 0.0634300708770752,
      "count": 1967784
    },
    "nmse": {
      "mean": 35.56230163574219,
      "std": 115.29214477539062,
      "variance": 13292.279296875,
      "count": 1967784
    },
    "mae": {
      "mean": 0.25394731760025024,
      "std": 0.2291257232427597,
      "variance": 0.05249859765172005,
      "count": 1967784
    },
    "nmae": {
      "mean": 4.963386058807373,
      "std": 3.3056163787841797,
      "variance": 10.927099227905273,
      "count": 1967784
    },
    "relative_mse": {
      "mean": 29.858346939086914,
      "std": 138.00502014160156,
      "variance": 19045.38671875,
      "count": 1967784
    }
  },
  "test2": {
    "mse": {
      "mean": 0.1159127876162529,
      "std": 0.21683157980442047,
      "variance": 0.04701593145728111,
      "count": 494088
    },
    "nmse": {
      "mean": 40.074344635009766,
      "std": 86.71240997314453,
      "variance": 7519.04248046875,
      "count": 494088
    },
    "mae": {
      "mean": 0.25332242250442505,
      "std": 0.2274654656648636,
      "variance": 0.05174053832888603,
      "count": 494088
    },
    "nmae": {
      "mean": 5.126863479614258,
      "std": 3.7134368419647217,
      "variance": 13.789613723754883,
      "count": 494088
    },
    "relative_mse": {
      "mean": 38.11359786987305,
      "std": 296.9034118652344,
      "variance": 88151.6328125,
      "count": 494088
    }
  }
}