{
  "test1": {
    "mse": {
      "mean": 4310393.5,
      "std": 139562112.0,
      "variance": 1.947758219807949e+16,
      "count": 1183248
    },
    "nmse": {
      "mean": 0.27193713188171387,
      "std": 6.470945358276367,
      "variance": 41.87313461303711,
      "count": 1183248
    },
    "mae": {
      "mean": 262.8031311035156,
      "std": 2059.448486328125,
      "variance": 4241327.5,
      "count": 1183248
    },
    "nmae": {
      "mean": 0.3367372453212738,
      "std": 0.39817726612091064,
      "variance": 0.1585451364517212,
      "count": 1183248
    },
    "relative_mse": {
      "mean": 0.04999618977308273,
      "std": 0.510971188545227,
      "variance": 0.26109156012535095,
      "count": 1183248
    }
  },
  "test2": {
    "mse": {
      "mean": 101509.265625,
      "std": 869199.4375,
      "variance": 755507593216.0,
      "count": 299376
    },
    "nmse": {
      "mean": 0.2579299211502075,
      "std": 1.5674198865890503,
      "variance": 2.4568052291870117,
      "count": 299376
    },
    "mae": {
      "mean": 123.61460876464844,
      "std": 293.647216796875,
      "variance": 86228.6953125,
      "count": 299376
    },
    "nmae": {
      "mean": 0.3326639235019684,
      "std": 0.3837507665157318,
      "variance": 0.14726465940475464,
      "count": 299376
    },
    "relative_mse": {
      "mean": 0.07841257750988007,
      "std": 0.749293327331543,
      "variance": 0.5614404678344727,
      "count": 299376
    }
  }
}