{
  "test1": {
    "mse": {
      "mean": 466361088.0,
      "std": 10528208896.0,
      "variance": 1.1084318336707514e+20,
      "count": 1302528
    },
    "nmse": {
      "mean": 4.183348306024459e+20,
      "std": 6.967710386489058e+21,
      "variance": Infinity,
      "count": 1302528
    },
    "mae": {
      "mean": 3985.422119140625,
      "std": 21224.455078125,
      "variance": 450477472.0,
      "count": 1302528
    },
    "nmae": {
      "mean": 1351712640.0,
      "std": 20408520704.0,
      "variance": 4.1650774134424496e+20,
      "count": 1302528
    },
    "relative_mse": {
      "mean": 4.183348306024459e+20,
      "std": 6.967710386489058e+21,
      "variance": Infinity,
      "count": 1302528
    }
  },
  "test2": {
    "mse": {
      "mean": 10477441.0,
      "std": 39965052.0,
      "variance": 1597205458714624.0,
      "count": 330720
    },
    "nmse": {
      "mean": 253340.171875,
      "std": 3029250.0,
      "variance": 9176355962880.0,
      "count": 330720
    },
    "mae": {
      "mean": 2302.63037109375,
      "std": 2274.9365234375,
      "variance": 5175335.5,
      "count": 330720
    },
    "nmae": {
      "mean": 84.56645965576172,
      "std": 496.1740417480469,
      "variance": 246188.671875,
      "count": 330720
    },
    "relative_mse": {
      "mean": 2189.5048828125,
      "std": 19700.94921875,
      "variance": 388127392.0,
      "count": 330720
    }
  }
}