{
  "test1": {
    "mse": {
      "mean": 152180112.0,
      "std": 3928627712.0,
      "variance": 1.5434116298463773e+19,
      "count": 1272000
    },
    "nmse": {
      "mean": 5256.33203125,
      "std": 147432.546875,
      "variance": 21736357888.0,
      "count": 1272000
    },
    "mae": {
      "mean": 1756.968505859375,
      "std": 12210.37109375,
      "variance": 149093168.0,
      "count": 1272000
    },
    "nmae": {
      "mean": 12.429314613342285,
      "std": 71.42719268798828,
      "variance": 5101.84375,
      "count": 1272000
    },
    "relative_mse": {
      "mean": 53.95163345336914,
      "std": 643.005615234375,
      "variance": 413456.21875,
      "count": 1272000
    }
  },
  "test2": {
    "mse": {
      "mean": 4873640.5,
      "std": 25885496.0,
      "variance": 670058921590784.0,
      "count": 320544
    },
    "nmse": {
      "mean": 9060.166015625,
      "std": 70603.015625,
      "variance": 4984785920.0,
      "count": 320544
    },
    "mae": {
      "mean": 1148.2679443359375,
      "std": 1885.5029296875,
      "variance": 3555121.25,
      "count": 320544
    },
    "nmae": {
      "mean": 21.57806396484375,
      "std": 92.70681762695312,
      "variance": 8594.5537109375,
      "count": 320544
    },
    "relative_mse": {
      "mean": 226.80223083496094,
      "std": 1954.836181640625,
      "variance": 3821384.75,
      "count": 320544
    }
  }
}