{
  "test1": {
    "mse": {
      "mean": 139764688.0,
      "std": 3434107392.0,
      "variance": 1.1793093438688199e+19,
      "count": 1266912
    },
    "nmse": {
      "mean": 6873.33740234375,
      "std": 180747.140625,
      "variance": 32669532160.0,
      "count": 1266912
    },
    "mae": {
      "mean": 1865.01513671875,
      "std": 11674.1767578125,
      "variance": 136286400.0,
      "count": 1266912
    },
    "nmae": {
      "mean": 14.193288803100586,
      "std": 81.68162536621094,
      "variance": 6671.88818359375,
      "count": 1266912
    },
    "relative_mse": {
      "mean": 70.58601379394531,
      "std": 796.2381591796875,
      "variance": 633995.1875,
      "count": 1266912
    }
  },
  "test2": {
    "mse": {
      "mean": 6481978.5,
      "std": 34843448.0,
      "variance": 1214065787535360.0,
      "count": 320544
    },
    "nmse": {
      "mean": 11862.4609375,
      "std": 87096.25,
      "variance": 7585757184.0,
      "count": 320544
    },
    "mae": {
      "mean": 1266.22998046875,
      "std": 2208.764404296875,
      "variance": 4878640.0,
      "count": 320544
    },
    "nmae": {
      "mean": 24.70248031616211,
      "std": 106.07661437988281,
      "variance": 11252.248046875,
      "count": 320544
    },
    "relative_mse": {
      "mean": 298.3938903808594,
      "std": 2418.526611328125,
      "variance": 5849271.0,
      "count": 320544
    }
  }
}