{
  "test1": {
    "mse": {
      "mean": 4401350.5,
      "std": 140640000.0,
      "variance": 1.9779608593301504e+16,
      "count": 1183248
    },
    "nmse": {
      "mean": 0.2677881121635437,
      "std": 6.34043025970459,
      "variance": 40.201053619384766,
      "count": 1183248
    },
    "mae": {
      "mean": 258.6175537109375,
      "std": 2081.9384765625,
      "variance": 4334467.5,
      "count": 1183248
    },
    "nmae": {
      "mean": 0.33805978298187256,
      "std": 0.39179548621177673,
      "variance": 0.15350370109081268,
      "count": 1183248
    },
    "relative_mse": {
      "mean": 0.061442192643880844,
      "std": 0.617117702960968,
      "variance": 0.38083428144454956,
      "count": 1183248
    }
  },
  "test2": {
    "mse": {
      "mean": 198969.234375,
      "std": 1973955.25,
      "variance": 3896499240960.0,
      "count": 299376
    },
    "nmse": {
      "mean": 0.28808915615081787,
      "std": 3.3203659057617188,
      "variance": 11.024828910827637,
      "count": 299376
    },
    "mae": {
      "mean": 151.26121520996094,
      "std": 419.62994384765625,
      "variance": 176089.28125,
      "count": 299376
    },
    "nmae": {
      "mean": 0.3376937508583069,
      "std": 0.41719546914100647,
      "variance": 0.17405205965042114,
      "count": 299376
    },
    "relative_mse": {
      "mean": 0.038334500044584274,
      "std": 0.3317365348339081,
      "variance": 0.11004912853240967,
      "count": 299376
    }
  }
}