{
  "test1": {
    "mse": {
      "mean": 11.380254745483398,
      "std": 45.762542724609375,
      "variance": 2094.210205078125,
      "count": 1090872
    },
    "nmse": {
      "mean": 0.2788488268852234,
      "std": 1.666934847831726,
      "variance": 2.7786715030670166,
      "count": 1090872
    },
    "mae": {
      "mean": 1.787471055984497,
      "std": 2.8609790802001953,
      "variance": 8.185201644897461,
      "count": 1090872
    },
    "nmae": {
      "mean": 0.2601490616798401,
      "std": 0.45953381061553955,
      "variance": 0.21117131412029266,
      "count": 1090872
    },
    "relative_mse": {
      "mean": 1.066285490989685,
      "std": 7.323687553405762,
      "variance": 53.63639831542969,
      "count": 1090872
    }
  },
  "test2": {
    "mse": {
      "mean": 16.74332046508789,
      "std": 81.00423431396484,
      "variance": 6561.685546875,
      "count": 280224
    },
    "nmse": {
      "mean": 0.279254674911499,
      "std": 1.6594451665878296,
      "variance": 2.753758192062378,
      "count": 280224
    },
    "mae": {
      "mean": 2.055320978164673,
      "std": 3.5382163524627686,
      "variance": 12.518975257873535,
      "count": 280224
    },
    "nmae": {
      "mean": 0.2550848126411438,
      "std": 0.4628027379512787,
      "variance": 0.2141863852739334,
      "count": 280224
    },
    "relative_mse": {
      "mean": 1.096961259841919,
      "std": 7.222350120544434,
      "variance": 52.1623420715332,
      "count": 280224
    }
  },
  "valid1": {
    "mse": {
      "mean": 10.245006561279297
    },
    "nmse": {
      "mean": 0.13592463731765747
    },
    "mae": {
      "mean": 1.7661229372024536
    },
    "nmae": {
      "mean": 0.21328262984752655
    },
    "relative_mse": {
      "mean": 0.30668309330940247
    }
  },
  "valid2": {
    "mse": {
      "mean": 15.025079727172852
    },
    "nmse": {
      "mean": 0.13279910385608673
    },
    "mae": {
      "mean": 2.021475315093994
    },
    "nmae": {
      "mean": 0.20780141651630402
    },
    "relative_mse": {
      "mean": 0.30747029185295105
    }
  }
}