{
  "test1": {
    "mse": {
      "mean": 0.0008271439583040774,
      "std": 0.004902941174805164,
      "variance": 2.4038834453676827e-05,
      "count": 1967784
    },
    "nmse": {
      "mean": 0.2942429184913635,
      "std": 2.5713679790496826,
      "variance": 6.611932754516602,
      "count": 1967784
    },
    "mae": {
      "mean": 0.013075475580990314,
      "std": 0.025615932419896126,
      "variance": 0.0006561759510077536,
      "count": 1967784
    },
    "nmae": {
      "mean": 0.2657180726528168,
      "std": 0.4729025363922119,
      "variance": 0.22363682091236115,
      "count": 1967784
    },
    "relative_mse": {
      "mean": 0.2129523605108261,
      "std": 3.055382251739502,
      "variance": 9.335360527038574,
      "count": 1967784
    }
  },
  "test2": {
    "mse": {
      "mean": 0.0007580819656141102,
      "std": 0.004421692807227373,
      "variance": 1.9551369405235164e-05,
      "count": 494088
    },
    "nmse": {
      "mean": 0.325760155916214,
      "std": 3.881016492843628,
      "variance": 15.062289237976074,
      "count": 494088
    },
    "mae": {
      "mean": 0.012549959123134613,
      "std": 0.024506742134690285,
      "variance": 0.0006005804752930999,
      "count": 494088
    },
    "nmae": {
      "mean": 0.2693391740322113,
      "std": 0.5032063126564026,
      "variance": 0.25321659445762634,
      "count": 494088
    },
    "relative_mse": {
      "mean": 0.22879533469676971,
      "std": 2.221191644668579,
      "variance": 4.93369197845459,
      "count": 494088
    }
  }
}