{
  "test1": {
    "mse": {
      "mean": 20.354509353637695,
      "std": 77.5556640625,
      "variance": 6014.88134765625,
      "count": 1062096
    },
    "nmse": {
      "mean": 0.29131895303726196,
      "std": 0.7393853068351746,
      "variance": 0.5466906428337097,
      "count": 1062096
    },
    "mae": {
      "mean": 2.4364750385284424,
      "std": 3.797116994857788,
      "variance": 14.418097496032715,
      "count": 1062096
    },
    "nmae": {
      "mean": 0.3124608099460602,
      "std": 0.4400990903377533,
      "variance": 0.19368721544742584,
      "count": 1062096
    },
    "relative_mse": {
      "mean": 0.8768843412399292,
      "std": 2.392474412918091,
      "variance": 5.723933696746826,
      "count": 1062096
    }
  },
  "test2": {
    "mse": {
      "mean": 22.584943771362305,
      "std": 86.15126037597656,
      "variance": 7422.0400390625,
      "count": 272832
    },
    "nmse": {
      "mean": 0.29442471265792847,
      "std": 0.7467690706253052,
      "variance": 0.5576640367507935,
      "count": 272832
    },
    "mae": {
      "mean": 2.5594427585601807,
      "std": 4.0042724609375,
      "variance": 16.034196853637695,
      "count": 272832
    },
    "nmae": {
      "mean": 0.3137113153934479,
      "std": 0.4427300691604614,
      "variance": 0.19600990414619446,
      "count": 272832
    },
    "relative_mse": {
      "mean": 0.8869112133979797,
      "std": 2.4027018547058105,
      "variance": 5.772975921630859,
      "count": 272832
    }
  }
}