{
  "test1": {
    "mse": {
      "mean": 19.99361801147461,
      "std": 76.23181915283203,
      "variance": 5811.29052734375,
      "count": 1062096
    },
    "nmse": {
      "mean": 0.28663069009780884,
      "std": 0.730553150177002,
      "variance": 0.5337079167366028,
      "count": 1062096
    },
    "mae": {
      "mean": 2.3870110511779785,
      "std": 3.7809784412384033,
      "variance": 14.295798301696777,
      "count": 1062096
    },
    "nmae": {
      "mean": 0.3063751757144928,
      "std": 0.43905001878738403,
      "variance": 0.19276493787765503,
      "count": 1062096
    },
    "relative_mse": {
      "mean": 0.8655219078063965,
      "std": 2.3980014324188232,
      "variance": 5.750411510467529,
      "count": 1062096
    }
  },
  "test2": {
    "mse": {
      "mean": 22.199565887451172,
      "std": 84.24395751953125,
      "variance": 7097.04443359375,
      "count": 272832
    },
    "nmse": {
      "mean": 0.2896278500556946,
      "std": 0.7372035980224609,
      "variance": 0.5434691309928894,
      "count": 272832
    },
    "mae": {
      "mean": 2.5095973014831543,
      "std": 3.9876670837402344,
      "variance": 15.9014892578125,
      "count": 272832
    },
    "nmae": {
      "mean": 0.3076194226741791,
      "std": 0.4415859282016754,
      "variance": 0.1949981153011322,
      "count": 272832
    },
    "relative_mse": {
      "mean": 0.8750545382499695,
      "std": 2.401019334793091,
      "variance": 5.764894008636475,
      "count": 272832
    }
  }
}