{
  "test1": {
    "mse": {
      "mean": 0.15457890927791595,
      "std": 0.3508842885494232,
      "variance": 0.1231197938323021,
      "count": 2199288
    },
    "nmse": {
      "mean": 55.58641052246094,
      "std": 170.2572784423828,
      "variance": 28987.541015625,
      "count": 2199288
    },
    "mae": {
      "mean": 0.2721468210220337,
      "std": 0.28375163674354553,
      "variance": 0.08051499724388123,
      "count": 2199288
    },
    "nmae": {
      "mean": 5.562833786010742,
      "std": 4.9639997482299805,
      "variance": 24.641292572021484,
      "count": 2199288
    },
    "relative_mse": {
      "mean": 40.5045166015625,
      "std": 170.20489501953125,
      "variance": 28969.705078125,
      "count": 2199288
    }
  },
  "test2": {
    "mse": {
      "mean": 0.1540221869945526,
      "std": 0.45339176058769226,
      "variance": 0.20556408166885376,
      "count": 552216
    },
    "nmse": {
      "mean": 46.66948318481445,
      "std": 92.57198333740234,
      "variance": 8569.572265625,
      "count": 552216
    },
    "mae": {
      "mean": 0.2618957757949829,
      "std": 0.2922888696193695,
      "variance": 0.08543279021978378,
      "count": 552216
    },
    "nmae": {
      "mean": 5.127726078033447,
      "std": 4.513968467712402,
      "variance": 20.37590980529785,
      "count": 552216
    },
    "relative_mse": {
      "mean": 37.58316421508789,
      "std": 100.4522705078125,
      "variance": 10090.658203125,
      "count": 552216
    }
  }
}