{
  "test1": {
    "mse": {
      "mean": 355368544.0,
      "std": 7372398080.0,
      "variance": 5.435225065482774e+19,
      "count": 1129464
    },
    "nmse": {
      "mean": 80.27676391601562,
      "std": 1024.8182373046875,
      "variance": 1050252.5,
      "count": 1129464
    },
    "mae": {
      "mean": 3039.314697265625,
      "std": 18604.59765625,
      "variance": 346131072.0,
      "count": 1129464
    },
    "nmae": {
      "mean": 4.849793434143066,
      "std": 7.533675670623779,
      "variance": 56.75626754760742,
      "count": 1129464
    },
    "relative_mse": {
      "mean": 1.8699952363967896,
      "std": 5.2545166015625,
      "variance": 27.60994529724121,
      "count": 1129464
    }
  },
  "test2": {
    "mse": {
      "mean": 6366095.5,
      "std": 23524866.0,
      "variance": 553419286773760.0,
      "count": 285768
    },
    "nmse": {
      "mean": 19.081867218017578,
      "std": 30.374338150024414,
      "variance": 922.6004638671875,
      "count": 285768
    },
    "mae": {
      "mean": 1312.620849609375,
      "std": 2154.79052734375,
      "variance": 4643122.0,
      "count": 285768
    },
    "nmae": {
      "mean": 3.8081161975860596,
      "std": 2.140120506286621,
      "variance": 4.580116271972656,
      "count": 285768
    },
    "relative_mse": {
      "mean": 1.5738818645477295,
      "std": 2.362926959991455,
      "variance": 5.583423614501953,
      "count": 285768
    }
  }
}