{
  "test1": {
    "mse": {
      "mean": 0.0009163495851680636,
      "std": 0.005382882431149483,
      "variance": 2.8975424356758595e-05,
      "count": 2199288
    },
    "nmse": {
      "mean": 0.3687613904476166,
      "std": 7.933085918426514,
      "variance": 62.93385696411133,
      "count": 2199288
    },
    "mae": {
      "mean": 0.013764362782239914,
      "std": 0.026960931718349457,
      "variance": 0.0007268919143825769,
      "count": 2199288
    },
    "nmae": {
      "mean": 0.28654685616493225,
      "std": 0.5353991985321045,
      "variance": 0.2866522967815399,
      "count": 2199288
    },
    "relative_mse": {
      "mean": 0.24453064799308777,
      "std": 3.9033079147338867,
      "variance": 15.23581314086914,
      "count": 2199288
    }
  },
  "test2": {
    "mse": {
      "mean": 0.0008300964254885912,
      "std": 0.00479970034211874,
      "variance": 2.3037124265101738e-05,
      "count": 552216
    },
    "nmse": {
      "mean": 0.38823163509368896,
      "std": 5.006351470947266,
      "variance": 25.063554763793945,
      "count": 552216
    },
    "mae": {
      "mean": 0.013161045499145985,
      "std": 0.025629736483097076,
      "variance": 0.000656883348710835,
      "count": 552216
    },
    "nmae": {
      "mean": 0.2893691062927246,
      "std": 0.5518125891685486,
      "variance": 0.3044971227645874,
      "count": 552216
    },
    "relative_mse": {
      "mean": 0.262855589389801,
      "std": 2.8237454891204834,
      "variance": 7.973538398742676,
      "count": 552216
    }
  }
}