{
  "test1": {
    "mse": {
      "mean": 0.0009228845592588186,
      "std": 0.005110486410558224,
      "variance": 2.611707168398425e-05,
      "count": 1488240
    },
    "nmse": {
      "mean": 0.358890563249588,
      "std": 2.591033935546875,
      "variance": 6.713456153869629,
      "count": 1488240
    },
    "mae": {
      "mean": 0.014628248289227486,
      "std": 0.02662515640258789,
      "variance": 0.0007088989368639886,
      "count": 1488240
    },
    "nmae": {
      "mean": 0.30847465991973877,
      "std": 0.513550341129303,
      "variance": 0.26373395323753357,
      "count": 1488240
    },
    "relative_mse": {
      "mean": 0.2515479624271393,
      "std": 2.097439765930176,
      "variance": 4.3992533683776855,
      "count": 1488240
    }
  },
  "test2": {
    "mse": {
      "mean": 0.0008473258349113166,
      "std": 0.004517438355833292,
      "variance": 2.0407249394338578e-05,
      "count": 373680
    },
    "nmse": {
      "mean": 0.39790868759155273,
      "std": 4.2981085777282715,
      "variance": 18.473737716674805,
      "count": 373680
    },
    "mae": {
      "mean": 0.014094443060457706,
      "std": 0.02546904981136322,
      "variance": 0.0006486725178547204,
      "count": 373680
    },
    "nmae": {
      "mean": 0.31417402625083923,
      "std": 0.5469948649406433,
      "variance": 0.29920336604118347,
      "count": 373680
    },
    "relative_mse": {
      "mean": 0.2675723433494568,
      "std": 2.3199968338012695,
      "variance": 5.38238525390625,
      "count": 373680
    }
  }
}