{
  "test1": {
    "mse": {
      "mean": 0.0008100803242996335,
      "std": 0.004803135991096497,
      "variance": 2.3070117094903253e-05,
      "count": 2298504
    },
    "nmse": {
      "mean": 0.3330667018890381,
      "std": 7.442769527435303,
      "variance": 55.394813537597656,
      "count": 2298504
    },
    "mae": {
      "mean": 0.013108359649777412,
      "std": 0.02526363544166088,
      "variance": 0.0006382512510754168,
      "count": 2298504
    },
    "nmae": {
      "mean": 0.2730383574962616,
      "std": 0.5084454417228699,
      "variance": 0.25851672887802124,
      "count": 2298504
    },
    "relative_mse": {
      "mean": 1.1227633953094482,
      "std": 265.10992431640625,
      "variance": 70283.2734375,
      "count": 2298504
    }
  },
  "test2": {
    "mse": {
      "mean": 0.0007023369544185698,
      "std": 0.0039963629096746445,
      "variance": 1.597091613803059e-05,
      "count": 577128
    },
    "nmse": {
      "mean": 0.31305018067359924,
      "std": 3.4780845642089844,
      "variance": 12.097071647644043,
      "count": 577128
    },
    "mae": {
      "mean": 0.012322185561060905,
      "std": 0.023462751880288124,
      "variance": 0.0005505006993189454,
      "count": 577128
    },
    "nmae": {
      "mean": 0.27354899048805237,
      "std": 0.4880790114402771,
      "variance": 0.23822112381458282,
      "count": 577128
    },
    "relative_mse": {
      "mean": 0.34651410579681396,
      "std": 23.059078216552734,
      "variance": 531.7211303710938,
      "count": 577128
    }
  }
}