{
  "test1": {
    "mse": {
      "mean": 0.0007848342065699399,
      "std": 0.004686183761805296,
      "variance": 2.1960318917990662e-05,
      "count": 2295168
    },
    "nmse": {
      "mean": 0.32315585017204285,
      "std": 5.274750232696533,
      "variance": 27.822988510131836,
      "count": 2295168
    },
    "mae": {
      "mean": 0.012866441160440445,
      "std": 0.0248855147510767,
      "variance": 0.0006192888831719756,
      "count": 2295168
    },
    "nmae": {
      "mean": 0.27214446663856506,
      "std": 0.4990924298763275,
      "variance": 0.24909326434135437,
      "count": 2295168
    },
    "relative_mse": {
      "mean": 0.7344552874565125,
      "std": 163.75352478027344,
      "variance": 26815.21484375,
      "count": 2295168
    }
  },
  "test2": {
    "mse": {
      "mean": 0.0008011022582650185,
      "std": 0.00447767274454236,
      "variance": 2.00495524040889e-05,
      "count": 573792
    },
    "nmse": {
      "mean": 0.3491833209991455,
      "std": 11.059782981872559,
      "variance": 122.31879425048828,
      "count": 573792
    },
    "mae": {
      "mean": 0.013402890413999557,
      "std": 0.024929197505116463,
      "variance": 0.0006214649183675647,
      "count": 573792
    },
    "nmae": {
      "mean": 0.2769513726234436,
      "std": 0.521997332572937,
      "variance": 0.272481232881546,
      "count": 573792
    },
    "relative_mse": {
      "mean": 1.9029508829116821,
      "std": 417.9356994628906,
      "variance": 174670.25,
      "count": 573792
    }
  }
}