{
  "test1": {
    "mse": {
      "mean": 0.0008110759081318974,
      "std": 0.004787384066730738,
      "variance": 2.2919048205949366e-05,
      "count": 1967784
    },
    "nmse": {
      "mean": 0.2958657443523407,
      "std": 2.616910457611084,
      "variance": 6.848220348358154,
      "count": 1967784
    },
    "mae": {
      "mean": 0.012940329499542713,
      "std": 0.025369742885231972,
      "variance": 0.0006436238181777298,
      "count": 1967784
    },
    "nmae": {
      "mean": 0.26568275690078735,
      "std": 0.4746350347995758,
      "variance": 0.22527840733528137,
      "count": 1967784
    },
    "relative_mse": {
      "mean": 0.21501678228378296,
      "std": 3.1244380474090576,
      "variance": 9.762113571166992,
      "count": 1967784
    }
  },
  "test2": {
    "mse": {
      "mean": 0.0008272117120213807,
      "std": 0.004998258780688047,
      "variance": 2.4982591639854945e-05,
      "count": 494088
    },
    "nmse": {
      "mean": 0.32211577892303467,
      "std": 3.7999706268310547,
      "variance": 14.439776420593262,
      "count": 494088
    },
    "mae": {
      "mean": 0.01303198840469122,
      "std": 0.025639403611421585,
      "variance": 0.0006573790451511741,
      "count": 494088
    },
    "nmae": {
      "mean": 0.2699890732765198,
      "std": 0.4992210566997528,
      "variance": 0.24922168254852295,
      "count": 494088
    },
    "relative_mse": {
      "mean": 0.22312207520008087,
      "std": 2.030592203140259,
      "variance": 4.123304843902588,
      "count": 494088
    }
  }
}