{
  "test1": {
    "mse": {
      "mean": 0.0008230334497056901,
      "std": 0.004892171826213598,
      "variance": 2.3933345801196992e-05,
      "count": 1736280
    },
    "nmse": {
      "mean": 0.3338122069835663,
      "std": 3.401695966720581,
      "variance": 11.57153606414795,
      "count": 1736280
    },
    "mae": {
      "mean": 0.013211533427238464,
      "std": 0.02546544186770916,
      "variance": 0.0006484887562692165,
      "count": 1736280
    },
    "nmae": {
      "mean": 0.28109148144721985,
      "std": 0.5047769546508789,
      "variance": 0.2547997832298279,
      "count": 1736280
    },
    "relative_mse": {
      "mean": 0.23456990718841553,
      "std": 3.6560661792755127,
      "variance": 13.366820335388184,
      "count": 1736280
    }
  },
  "test2": {
    "mse": {
      "mean": 0.0007814691052772105,
      "std": 0.004326642490923405,
      "variance": 1.8719834770308807e-05,
      "count": 435960
    },
    "nmse": {
      "mean": 0.2945932149887085,
      "std": 2.025726079940796,
      "variance": 4.103566646575928,
      "count": 435960
    },
    "mae": {
      "mean": 0.01325192116200924,
      "std": 0.024614136666059494,
      "variance": 0.0006058557191863656,
      "count": 435960
    },
    "nmae": {
      "mean": 0.2773119807243347,
      "std": 0.46657395362854004,
      "variance": 0.21769124269485474,
      "count": 435960
    },
    "relative_mse": {
      "mean": 0.1968175172805786,
      "std": 1.26679527759552,
      "variance": 1.604770302772522,
      "count": 435960
    }
  }
}