{
  "test1": {
    "mse": {
      "mean": 0.0008038016385398805,
      "std": 0.004828357603400946,
      "variance": 2.3313035853789188e-05,
      "count": 1733760
    },
    "nmse": {
      "mean": 0.3291308283805847,
      "std": 3.381286859512329,
      "variance": 11.433101654052734,
      "count": 1733760
    },
    "mae": {
      "mean": 0.013026236556470394,
      "std": 0.025181714445352554,
      "variance": 0.0006341187981888652,
      "count": 1733760
    },
    "nmae": {
      "mean": 0.2790773808956146,
      "std": 0.5012451410293579,
      "variance": 0.25124669075012207,
      "count": 1733760
    },
    "relative_mse": {
      "mean": 0.2344018816947937,
      "std": 3.6968607902526855,
      "variance": 13.666779518127441,
      "count": 1733760
    }
  },
  "test2": {
    "mse": {
      "mean": 0.000877876824233681,
      "std": 0.004620282910764217,
      "variance": 2.1347013898775913e-05,
      "count": 433440
    },
    "nmse": {
      "mean": 0.3132440447807312,
      "std": 2.2854785919189453,
      "variance": 5.22341251373291,
      "count": 433440
    },
    "mae": {
      "mean": 0.01444297842681408,
      "std": 0.025870392099022865,
      "variance": 0.000669277214910835,
      "count": 433440
    },
    "nmae": {
      "mean": 0.28835901618003845,
      "std": 0.47968026995658875,
      "variance": 0.23009315133094788,
      "count": 433440
    },
    "relative_mse": {
      "mean": 0.197553351521492,
      "std": 1.2375593185424805,
      "variance": 1.5315529108047485,
      "count": 433440
    }
  }
}