{
  "test1": {
    "mse": {
      "mean": 19.23728370666504,
      "std": 58.92546463012695,
      "variance": 3472.210205078125,
      "count": 1043784
    },
    "nmse": {
      "mean": 0.3371949791908264,
      "std": 0.8807388544082642,
      "variance": 0.7757008671760559,
      "count": 1043784
    },
    "mae": {
      "mean": 2.3923985958099365,
      "std": 3.6760997772216797,
      "variance": 13.513710021972656,
      "count": 1043784
    },
    "nmae": {
      "mean": 0.32464733719825745,
      "std": 0.4814552068710327,
      "variance": 0.23179911077022552,
      "count": 1043784
    },
    "relative_mse": {
      "mean": 1.0512707233428955,
      "std": 3.186833143234253,
      "variance": 10.155904769897461,
      "count": 1043784
    }
  },
  "test2": {
    "mse": {
      "mean": 29.25107765197754,
      "std": 111.07850646972656,
      "variance": 12338.435546875,
      "count": 268128
    },
    "nmse": {
      "mean": 0.3485504686832428,
      "std": 0.945024311542511,
      "variance": 0.8930709362030029,
      "count": 268128
    },
    "mae": {
      "mean": 2.7918941974639893,
      "std": 4.632105827331543,
      "variance": 21.456401824951172,
      "count": 268128
    },
    "nmae": {
      "mean": 0.3265947699546814,
      "std": 0.4918193817138672,
      "variance": 0.24188631772994995,
      "count": 268128
    },
    "relative_mse": {
      "mean": 1.1153607368469238,
      "std": 3.461460590362549,
      "variance": 11.981708526611328,
      "count": 268128
    }
  },
  "valid1": {
    "mse": {
      "mean": 14.97768497467041
    },
    "nmse": {
      "mean": 0.17763562500476837
    },
    "mae": {
      "mean": 2.1824264526367188
    },
    "nmae": {
      "mean": 0.25120267271995544
    },
    "relative_mse": {
      "mean": 0.3394417464733124
    }
  },
  "valid2": {
    "mse": {
      "mean": 21.42281723022461
    },
    "nmse": {
      "mean": 0.1775900423526764
    },
    "mae": {
      "mean": 2.5021440982818604
    },
    "nmae": {
      "mean": 0.24987471103668213
    },
    "relative_mse": {
      "mean": 0.34585365653038025
    }
  }
}