{
  "test1": {
    "mse": {
      "mean": 16860370.0,
      "std": 558185152.0,
      "variance": 3.115706715471872e+17,
      "count": 1254960
    },
    "nmse": {
      "mean": 275.9728088378906,
      "std": 8115.59814453125,
      "variance": 65862932.0,
      "count": 1254960
    },
    "mae": {
      "mean": 530.4781494140625,
      "std": 4071.727294921875,
      "variance": 16578963.0,
      "count": 1254960
    },
    "nmae": {
      "mean": 2.744109630584717,
      "std": 16.384220123291016,
      "variance": 268.4426574707031,
      "count": 1254960
    },
    "relative_mse": {
      "mean": 4.19548225402832,
      "std": 65.23702239990234,
      "variance": 4255.86962890625,
      "count": 1254960
    }
  },
  "test2": {
    "mse": {
      "mean": 208792.640625,
      "std": 1184645.625,
      "variance": 1403385151488.0,
      "count": 317520
    },
    "nmse": {
      "mean": 12.227195739746094,
      "std": 151.37237548828125,
      "variance": 22913.59765625,
      "count": 317520
    },
    "mae": {
      "mean": 240.36160278320312,
      "std": 388.611572265625,
      "variance": 151018.953125,
      "count": 317520
    },
    "nmae": {
      "mean": 1.47133207321167,
      "std": 3.1721251010894775,
      "variance": 10.0623779296875,
      "count": 317520
    },
    "relative_mse": {
      "mean": 0.7853643298149109,
      "std": 3.931713104248047,
      "variance": 15.458368301391602,
      "count": 317520
    }
  }
}