{
  "test1": {
    "mse": {
      "mean": 254672.65625,
      "std": 3073096.75,
      "variance": 9443923197952.0,
      "count": 1129464
    },
    "nmse": {
      "mean": 0.3104931712150574,
      "std": 7.203530311584473,
      "variance": 51.89085006713867,
      "count": 1129464
    },
    "mae": {
      "mean": 163.02642822265625,
      "std": 477.59295654296875,
      "variance": 228095.046875,
      "count": 1129464
    },
    "nmae": {
      "mean": 0.3413342237472534,
      "std": 0.44043630361557007,
      "variance": 0.19398413598537445,
      "count": 1129464
    },
    "relative_mse": {
      "mean": 0.0554572232067585,
      "std": 0.8107830882072449,
      "variance": 0.6573692560195923,
      "count": 1129464
    }
  },
  "test2": {
    "mse": {
      "mean": 54046100.0,
      "std": 926817728.0,
      "variance": 8.589910540183142e+17,
      "count": 285768
    },
    "nmse": {
      "mean": 0.4179550111293793,
      "std": 5.763442516326904,
      "variance": 33.21726989746094,
      "count": 285768
    },
    "mae": {
      "mean": 814.6788940429688,
      "std": 7306.32568359375,
      "variance": 53382396.0,
      "count": 285768
    },
    "nmae": {
      "mean": 0.35321494936943054,
      "std": 0.5414741039276123,
      "variance": 0.2931942343711853,
      "count": 285768
    },
    "relative_mse": {
      "mean": 0.050703294575214386,
      "std": 0.6655589938163757,
      "variance": 0.4429687559604645,
      "count": 285768
    }
  },
  "valid1": {
    "mse": {
      "mean": 258493.109375
    },
    "nmse": {
      "mean": 0.45395150780677795
    },
    "mae": {
      "mean": 151.71937561035156
    },
    "nmae": {
      "mean": 0.34116849303245544
    },
    "relative_mse": {
      "mean": 0.055625077337026596
    }
  },
  "valid2": {
    "mse": {
      "mean": 15034769.0
    },
    "nmse": {
      "mean": 0.34092220664024353
    },
    "mae": {
      "mean": 429.5254821777344
    },
    "nmae": {
      "mean": 0.3397735059261322
    },
    "relative_mse": {
      "mean": 0.03810030221939087
    }
  }
}