{
  "test1": {
    "mse": {
      "mean": 348159264.0,
      "std": 7273370624.0,
      "variance": 5.2901915652954e+19,
      "count": 1171296
    },
    "nmse": {
      "mean": 76.164306640625,
      "std": 1042.3055419921875,
      "variance": 1086400.75,
      "count": 1171296
    },
    "mae": {
      "mean": 3013.882080078125,
      "std": 18414.009765625,
      "variance": 339075776.0,
      "count": 1171296
    },
    "nmae": {
      "mean": 4.690235137939453,
      "std": 7.359755516052246,
      "variance": 54.16599655151367,
      "count": 1171296
    },
    "relative_mse": {
      "mean": 1.9192522764205933,
      "std": 5.515675067901611,
      "variance": 30.42266845703125,
      "count": 1171296
    }
  },
  "test2": {
    "mse": {
      "mean": 6904847.5,
      "std": 25051596.0,
      "variance": 627582500339712.0,
      "count": 296352
    },
    "nmse": {
      "mean": 52.40372848510742,
      "std": 348.7051086425781,
      "variance": 121595.2421875,
      "count": 296352
    },
    "mae": {
      "mean": 1347.3104248046875,
      "std": 2256.0146484375,
      "variance": 5089602.5,
      "count": 296352
    },
    "nmae": {
      "mean": 4.701257228851318,
      "std": 5.504716873168945,
      "variance": 30.301908493041992,
      "count": 296352
    },
    "relative_mse": {
      "mean": 1.6157875061035156,
      "std": 2.177000045776367,
      "variance": 4.7393293380737305,
      "count": 296352
    }
  }
}