{
  "test1": {
    "mse": {
      "mean": 0.0009195542079396546,
      "std": 0.005114449188113213,
      "variance": 2.6157589672948234e-05,
      "count": 1488240
    },
    "nmse": {
      "mean": 0.35631296038627625,
      "std": 2.6165874004364014,
      "variance": 6.846529006958008,
      "count": 1488240
    },
    "mae": {
      "mean": 0.014509428292512894,
      "std": 0.02662762999534607,
      "variance": 0.0007090307190082967,
      "count": 1488240
    },
    "nmae": {
      "mean": 0.30372828245162964,
      "std": 0.5138697624206543,
      "variance": 0.2640621066093445,
      "count": 1488240
    },
    "relative_mse": {
      "mean": 0.2503673732280731,
      "std": 2.1357004642486572,
      "variance": 4.561216831207275,
      "count": 1488240
    }
  },
  "test2": {
    "mse": {
      "mean": 0.0008434172486886382,
      "std": 0.004544184077531099,
      "variance": 2.064960790448822e-05,
      "count": 373680
    },
    "nmse": {
      "mean": 0.39179304242134094,
      "std": 4.321737766265869,
      "variance": 18.677417755126953,
      "count": 373680
    },
    "mae": {
      "mean": 0.0139451390132308,
      "std": 0.02547450363636017,
      "variance": 0.0006489502848125994,
      "count": 373680
    },
    "nmae": {
      "mean": 0.3063799738883972,
      "std": 0.5458244681358337,
      "variance": 0.29792436957359314,
      "count": 373680
    },
    "relative_mse": {
      "mean": 0.26454484462738037,
      "std": 2.346036195755005,
      "variance": 5.503885746002197,
      "count": 373680
    }
  }
}