{
  "test1": {
    "mse": {
      "mean": 0.000735911016818136,
      "std": 0.004383937921375036,
      "variance": 1.9218912711949088e-05,
      "count": 2064000
    },
    "nmse": {
      "mean": 0.26714110374450684,
      "std": 2.845773935317993,
      "variance": 8.098428726196289,
      "count": 2064000
    },
    "mae": {
      "mean": 0.012533286586403847,
      "std": 0.024058839306235313,
      "variance": 0.000578827690333128,
      "count": 2064000
    },
    "nmae": {
      "mean": 0.2554938495159149,
      "std": 0.4492928087711334,
      "variance": 0.20186401903629303,
      "count": 2064000
    },
    "relative_mse": {
      "mean": 0.19565503299236298,
      "std": 2.935514211654663,
      "variance": 8.617243766784668,
      "count": 2064000
    }
  },
  "test2": {
    "mse": {
      "mean": 0.0007456877501681447,
      "std": 0.004508565180003643,
      "variance": 2.0327159290900454e-05,
      "count": 516000
    },
    "nmse": {
      "mean": 0.2587130665779114,
      "std": 2.368485927581787,
      "variance": 5.6097259521484375,
      "count": 516000
    },
    "mae": {
      "mean": 0.012679994106292725,
      "std": 0.02418481931090355,
      "variance": 0.0005849054432474077,
      "count": 516000
    },
    "nmae": {
      "mean": 0.2547864019870758,
      "std": 0.440223753452301,
      "variance": 0.19379694759845734,
      "count": 516000
    },
    "relative_mse": {
      "mean": 0.19007234275341034,
      "std": 1.375457763671875,
      "variance": 1.891884207725525,
      "count": 516000
    }
  },
  "valid1": {
    "mse": {
      "mean": 0.0005403886316344142
    },
    "nmse": {
      "mean": 0.22785262763500214
    },
    "mae": {
      "mean": 0.010111724026501179
    },
    "nmae": {
      "mean": 0.21821174025535583
    },
    "relative_mse": {
      "mean": 0.15842734277248383
    }
  },
  "valid2": {
    "mse": {
      "mean": 0.0005487165763042867
    },
    "nmse": {
      "mean": 0.21386311948299408
    },
    "mae": {
      "mean": 0.010134438052773476
    },
    "nmae": {
      "mean": 0.2143506556749344
    },
    "relative_mse": {
      "mean": 0.13755792379379272
    }
  }
}