{
  "test1": {
    "mse": {
      "mean": 0.0007327386410906911,
      "std": 0.004301140550523996,
      "variance": 1.8499807993066497e-05,
      "count": 2067000
    },
    "nmse": {
      "mean": 0.2693382799625397,
      "std": 2.8840761184692383,
      "variance": 8.31789493560791,
      "count": 2067000
    },
    "mae": {
      "mean": 0.01257647667080164,
      "std": 0.023970207199454308,
      "variance": 0.0005745708476752043,
      "count": 2067000
    },
    "nmae": {
      "mean": 0.25624966621398926,
      "std": 0.45130300521850586,
      "variance": 0.20367439091205597,
      "count": 2067000
    },
    "relative_mse": {
      "mean": 0.19588328897953033,
      "std": 2.940718650817871,
      "variance": 8.647826194763184,
      "count": 2067000
    }
  },
  "test2": {
    "mse": {
      "mean": 0.0007485749083571136,
      "std": 0.004665884654968977,
      "variance": 2.1770478269900195e-05,
      "count": 519000
    },
    "nmse": {
      "mean": 0.24479542672634125,
      "std": 2.012768507003784,
      "variance": 4.051236629486084,
      "count": 519000
    },
    "mae": {
      "mean": 0.012637034058570862,
      "std": 0.024266855791211128,
      "variance": 0.0005888803279958665,
      "count": 519000
    },
    "nmae": {
      "mean": 0.25235283374786377,
      "std": 0.42557430267333984,
      "variance": 0.18111348152160645,
      "count": 519000
    },
    "relative_mse": {
      "mean": 0.1875801682472229,
      "std": 1.280536413192749,
      "variance": 1.6397736072540283,
      "count": 519000
    }
  }
}