{
  "test1": {
    "mse": {
      "mean": 0.0008141804719343781,
      "std": 0.004853347782045603,
      "variance": 2.3554985091323033e-05,
      "count": 1852032
    },
    "nmse": {
      "mean": 0.285646915435791,
      "std": 2.5257139205932617,
      "variance": 6.37923002243042,
      "count": 1852032
    },
    "mae": {
      "mean": 0.013046422973275185,
      "std": 0.025376589968800545,
      "variance": 0.0006439713179133832,
      "count": 1852032
    },
    "nmae": {
      "mean": 0.2623016834259033,
      "std": 0.46566590666770935,
      "variance": 0.21684473752975464,
      "count": 1852032
    },
    "relative_mse": {
      "mean": 0.20960593223571777,
      "std": 1.768120288848877,
      "variance": 3.126249313354492,
      "count": 1852032
    }
  },
  "test2": {
    "mse": {
      "mean": 0.0007062550284899771,
      "std": 0.004032557364553213,
      "variance": 1.6261519704130478e-05,
      "count": 465024
    },
    "nmse": {
      "mean": 0.30066055059432983,
      "std": 3.475165367126465,
      "variance": 12.076774597167969,
      "count": 465024
    },
    "mae": {
      "mean": 0.012221484445035458,
      "std": 0.023598523810505867,
      "variance": 0.0005568903870880604,
      "count": 465024
    },
    "nmae": {
      "mean": 0.26473018527030945,
      "std": 0.4801858961582184,
      "variance": 0.23057851195335388,
      "count": 465024
    },
    "relative_mse": {
      "mean": 0.197110116481781,
      "std": 1.756282925605774,
      "variance": 3.0845298767089844,
      "count": 465024
    }
  }
}