{
  "test1": {
    "mse": {
      "mean": 11.089303016662598,
      "std": 49.16872024536133,
      "variance": 2417.562744140625,
      "count": 1090872
    },
    "nmse": {
      "mean": 0.22258634865283966,
      "std": 1.1857483386993408,
      "variance": 1.4059990644454956,
      "count": 1090872
    },
    "mae": {
      "mean": 1.7871267795562744,
      "std": 2.809890031814575,
      "variance": 7.895481586456299,
      "count": 1090872
    },
    "nmae": {
      "mean": 0.24678777158260345,
      "std": 0.4020971953868866,
      "variance": 0.1616821438074112,
      "count": 1090872
    },
    "relative_mse": {
      "mean": 0.8140081763267517,
      "std": 4.873189926147461,
      "variance": 23.747982025146484,
      "count": 1090872
    }
  },
  "test2": {
    "mse": {
      "mean": 12.111262321472168,
      "std": 54.1875,
      "variance": 2936.28515625,
      "count": 280224
    },
    "nmse": {
      "mean": 0.23290809988975525,
      "std": 1.3744614124298096,
      "variance": 1.8891441822052002,
      "count": 280224
    },
    "mae": {
      "mean": 1.8648788928985596,
      "std": 2.9382801055908203,
      "variance": 8.633489608764648,
      "count": 280224
    },
    "nmae": {
      "mean": 0.2476041167974472,
      "std": 0.41424667835235596,
      "variance": 0.17160029709339142,
      "count": 280224
    },
    "relative_mse": {
      "mean": 0.8470816016197205,
      "std": 5.447123050689697,
      "variance": 29.6711483001709,
      "count": 280224
    }
  }
}