{
  "test1": {
    "mse": {
      "mean": 0.001769940136000514,
      "std": 0.007067627739161253,
      "variance": 4.9951366236200556e-05,
      "count": 1488240
    },
    "nmse": {
      "mean": 0.8419333696365356,
      "std": 4.392517566680908,
      "variance": 19.29421043395996,
      "count": 1488240
    },
    "mae": {
      "mean": 0.025238171219825745,
      "std": 0.033659692853689194,
      "variance": 0.0011329748667776585,
      "count": 1488240
    },
    "nmae": {
      "mean": 0.5719558000564575,
      "std": 0.7174955606460571,
      "variance": 0.5147998929023743,
      "count": 1488240
    },
    "relative_mse": {
      "mean": 0.5053696036338806,
      "std": 2.797156572341919,
      "variance": 7.824085235595703,
      "count": 1488240
    }
  },
  "test2": {
    "mse": {
      "mean": 0.0015529654920101166,
      "std": 0.0054361578077077866,
      "variance": 2.955181298602838e-05,
      "count": 373680
    },
    "nmse": {
      "mean": 0.7285670638084412,
      "std": 2.6177194118499756,
      "variance": 6.852455139160156,
      "count": 373680
    },
    "mae": {
      "mean": 0.024726226925849915,
      "std": 0.030685164034366608,
      "variance": 0.0009415792883373797,
      "count": 373680
    },
    "nmae": {
      "mean": 0.554376482963562,
      "std": 0.6490252017974854,
      "variance": 0.4212337136268616,
      "count": 373680
    },
    "relative_mse": {
      "mean": 0.42295053601264954,
      "std": 1.7432464361190796,
      "variance": 3.038908004760742,
      "count": 373680
    }
  }
}