{
  "test1": {
    "mse": {
      "mean": 0.0007279895362444222,
      "std": 0.004325276240706444,
      "variance": 1.870801679615397e-05,
      "count": 2067000
    },
    "nmse": {
      "mean": 0.26000526547431946,
      "std": 2.640369415283203,
      "variance": 6.971550464630127,
      "count": 2067000
    },
    "mae": {
      "mean": 0.012445029802620411,
      "std": 0.02393973059952259,
      "variance": 0.00057311070850119,
      "count": 2067000
    },
    "nmae": {
      "mean": 0.2526189386844635,
      "std": 0.4429321885108948,
      "variance": 0.19618892669677734,
      "count": 2067000
    },
    "relative_mse": {
      "mean": 0.19179537892341614,
      "std": 2.871264696121216,
      "variance": 8.244160652160645,
      "count": 2067000
    }
  },
  "test2": {
    "mse": {
      "mean": 0.0007484070956707001,
      "std": 0.004581624176353216,
      "variance": 2.0991277779103257e-05,
      "count": 519000
    },
    "nmse": {
      "mean": 0.2780763506889343,
      "std": 3.1073780059814453,
      "variance": 9.655797958374023,
      "count": 519000
    },
    "mae": {
      "mean": 0.012541759759187698,
      "std": 0.024312781170010567,
      "variance": 0.0005911113694310188,
      "count": 519000
    },
    "nmae": {
      "mean": 0.256216824054718,
      "std": 0.46090054512023926,
      "variance": 0.21242929995059967,
      "count": 519000
    },
    "relative_mse": {
      "mean": 0.19993726909160614,
      "std": 1.7759116888046265,
      "variance": 3.153862476348877,
      "count": 519000
    }
  }
}