{
  "test1": {
    "mse": {
      "mean": 0.10494180023670197,
      "std": 0.2781822085380554,
      "variance": 0.07738533616065979,
      "count": 2199288
    },
    "nmse": {
      "mean": 31.118215560913086,
      "std": 71.95645141601562,
      "variance": 5177.73095703125,
      "count": 2199288
    },
    "mae": {
      "mean": 0.20512917637825012,
      "std": 0.250726580619812,
      "variance": 0.06286381930112839,
      "count": 2199288
    },
    "nmae": {
      "mean": 3.947439432144165,
      "std": 3.941565990447998,
      "variance": 15.535943031311035,
      "count": 2199288
    },
    "relative_mse": {
      "mean": 25.646583557128906,
      "std": 118.18811798095703,
      "variance": 13968.431640625,
      "count": 2199288
    }
  },
  "test2": {
    "mse": {
      "mean": 0.09496341645717621,
      "std": 0.2331511676311493,
      "variance": 0.05435946583747864,
      "count": 552216
    },
    "nmse": {
      "mean": 31.66012954711914,
      "std": 57.676795959472656,
      "variance": 3326.612548828125,
      "count": 552216
    },
    "mae": {
      "mean": 0.1971931904554367,
      "std": 0.23680847883224487,
      "variance": 0.05607825517654419,
      "count": 552216
    },
    "nmae": {
      "mean": 3.993603467941284,
      "std": 3.963743209838867,
      "variance": 15.711259841918945,
      "count": 552216
    },
    "relative_mse": {
      "mean": 25.910295486450195,
      "std": 69.62528991699219,
      "variance": 4847.68115234375,
      "count": 552216
    }
  }
}