{
  "test1": {
    "mse": {
      "mean": 0.0008311848505400121,
      "std": 0.004892345983535051,
      "variance": 2.393504837527871e-05,
      "count": 1736280
    },
    "nmse": {
      "mean": 0.3187685012817383,
      "std": 2.931758403778076,
      "variance": 8.595207214355469,
      "count": 1736280
    },
    "mae": {
      "mean": 0.01335974782705307,
      "std": 0.02554803155362606,
      "variance": 0.0006527019431814551,
      "count": 1736280
    },
    "nmae": {
      "mean": 0.2787172198295593,
      "std": 0.4910042881965637,
      "variance": 0.2410852164030075,
      "count": 1736280
    },
    "relative_mse": {
      "mean": 0.22462962567806244,
      "std": 3.55771541595459,
      "variance": 12.657340049743652,
      "count": 1736280
    }
  },
  "test2": {
    "mse": {
      "mean": 0.0007630473701283336,
      "std": 0.004305157344788313,
      "variance": 1.8534377886680886e-05,
      "count": 435960
    },
    "nmse": {
      "mean": 0.3568378984928131,
      "std": 4.115994453430176,
      "variance": 16.941408157348633,
      "count": 435960
    },
    "mae": {
      "mean": 0.01288794819265604,
      "std": 0.024432523176074028,
      "variance": 0.0005969482008367777,
      "count": 435960
    },
    "nmae": {
      "mean": 0.28590697050094604,
      "std": 0.5244950652122498,
      "variance": 0.2750950753688812,
      "count": 435960
    },
    "relative_mse": {
      "mean": 0.23925137519836426,
      "std": 2.2839009761810303,
      "variance": 5.216203689575195,
      "count": 435960
    }
  }
}