{
  "test1": {
    "mse": {
      "mean": 9473468.0,
      "std": 413002336.0,
      "variance": 1.7057093248876544e+17,
      "count": 1254960
    },
    "nmse": {
      "mean": 0.3190014660358429,
      "std": 8.9956693649292,
      "variance": 80.92206573486328,
      "count": 1254960
    },
    "mae": {
      "mean": 279.99871826171875,
      "std": 3065.1376953125,
      "variance": 9395069.0,
      "count": 1254960
    },
    "nmae": {
      "mean": 0.3238603174686432,
      "std": 0.4627266526222229,
      "variance": 0.2141159474849701,
      "count": 1254960
    },
    "relative_mse": {
      "mean": 0.0470014326274395,
      "std": 0.898156464099884,
      "variance": 0.8066850304603577,
      "count": 1254960
    }
  },
  "test2": {
    "mse": {
      "mean": 88716.75,
      "std": 815911.8125,
      "variance": 665712132096.0,
      "count": 317520
    },
    "nmse": {
      "mean": 1.035866618156433,
      "std": 41.36418533325195,
      "variance": 1710.9959716796875,
      "count": 317520
    },
    "mae": {
      "mean": 113.87296295166016,
      "std": 275.22662353515625,
      "variance": 75749.6953125,
      "count": 317520
    },
    "nmae": {
      "mean": 0.34182190895080566,
      "std": 0.9586575627326965,
      "variance": 0.9190243482589722,
      "count": 317520
    },
    "relative_mse": {
      "mean": 0.06898972392082214,
      "std": 1.1314053535461426,
      "variance": 1.2800781726837158,
      "count": 317520
    }
  }
}