{
  "test1": {
    "mse": {
      "mean": 0.0008046802249737084,
      "std": 0.004650503396987915,
      "variance": 2.1627180103678256e-05,
      "count": 1736280
    },
    "nmse": {
      "mean": 0.3190305531024933,
      "std": 2.8679232597351074,
      "variance": 8.224984169006348,
      "count": 1736280
    },
    "mae": {
      "mean": 0.013140091672539711,
      "std": 0.02513997256755829,
      "variance": 0.0006320182583294809,
      "count": 1736280
    },
    "nmae": {
      "mean": 0.27809303998947144,
      "std": 0.4916246831417084,
      "variance": 0.24169480800628662,
      "count": 1736280
    },
    "relative_mse": {
      "mean": 0.22418802976608276,
      "std": 3.5792391300201416,
      "variance": 12.810952186584473,
      "count": 1736280
    }
  },
  "test2": {
    "mse": {
      "mean": 0.0008408222929574549,
      "std": 0.005173761863261461,
      "variance": 2.676780968613457e-05,
      "count": 435960
    },
    "nmse": {
      "mean": 0.34740346670150757,
      "std": 4.209449768066406,
      "variance": 17.719465255737305,
      "count": 435960
    },
    "mae": {
      "mean": 0.013312671333551407,
      "std": 0.025760339573025703,
      "variance": 0.0006635950994677842,
      "count": 435960
    },
    "nmae": {
      "mean": 0.28254929184913635,
      "std": 0.517271101474762,
      "variance": 0.267569363117218,
      "count": 435960
    },
    "relative_mse": {
      "mean": 0.23391005396842957,
      "std": 2.133556604385376,
      "variance": 4.552063465118408,
      "count": 435960
    }
  }
}