{
  "test1": {
    "mse": {
      "mean": 3976108.5,
      "std": 154977568.0,
      "variance": 2.40180476772352e+16,
      "count": 1266912
    },
    "nmse": {
      "mean": 0.23517100512981415,
      "std": 12.447782516479492,
      "variance": 154.94728088378906,
      "count": 1266912
    },
    "mae": {
      "mean": 210.2255401611328,
      "std": 1982.9053955078125,
      "variance": 3931914.0,
      "count": 1266912
    },
    "nmae": {
      "mean": 0.2723254859447479,
      "std": 0.4012603163719177,
      "variance": 0.16100983321666718,
      "count": 1266912
    },
    "relative_mse": {
      "mean": 0.04224888235330582,
      "std": 0.9914348721504211,
      "variance": 0.982943058013916,
      "count": 1266912
    }
  },
  "test2": {
    "mse": {
      "mean": 138722.9375,
      "std": 1648387.5,
      "variance": 2717181280256.0,
      "count": 320544
    },
    "nmse": {
      "mean": 0.24235942959785461,
      "std": 6.73393440246582,
      "variance": 45.34587478637695,
      "count": 320544
    },
    "mae": {
      "mean": 117.04924011230469,
      "std": 353.5851135253906,
      "variance": 125022.421875,
      "count": 320544
    },
    "nmae": {
      "mean": 0.2740077078342438,
      "std": 0.4089978337287903,
      "variance": 0.1672792285680771,
      "count": 320544
    },
    "relative_mse": {
      "mean": 0.022931871935725212,
      "std": 0.24546323716640472,
      "variance": 0.060252197086811066,
      "count": 320544
    }
  }
}