{
  "test1": {
    "mse": {
      "mean": 19.657100677490234,
      "std": 70.15734100341797,
      "variance": 4922.052734375,
      "count": 1043784
    },
    "nmse": {
      "mean": 0.3064116835594177,
      "std": 0.7732565999031067,
      "variance": 0.5979257822036743,
      "count": 1043784
    },
    "mae": {
      "mean": 2.393094778060913,
      "std": 3.732318162918091,
      "variance": 13.930198669433594,
      "count": 1043784
    },
    "nmae": {
      "mean": 0.315460741519928,
      "std": 0.4548584520816803,
      "variance": 0.20689621567726135,
      "count": 1043784
    },
    "relative_mse": {
      "mean": 0.9477609395980835,
      "std": 2.7238752841949463,
      "variance": 7.419496536254883,
      "count": 1043784
    }
  },
  "test2": {
    "mse": {
      "mean": 21.657039642333984,
      "std": 73.8283462524414,
      "variance": 5450.62548828125,
      "count": 268128
    },
    "nmse": {
      "mean": 0.3156651258468628,
      "std": 0.8115680813789368,
      "variance": 0.6586427688598633,
      "count": 268128
    },
    "mae": {
      "mean": 2.5241596698760986,
      "std": 3.9096877574920654,
      "variance": 15.28565788269043,
      "count": 268128
    },
    "nmae": {
      "mean": 0.31897464394569397,
      "std": 0.4625152349472046,
      "variance": 0.21392035484313965,
      "count": 268128
    },
    "relative_mse": {
      "mean": 0.9895800948143005,
      "std": 2.9440925121307373,
      "variance": 8.667679786682129,
      "count": 268128
    }
  },
  "valid1": {
    "mse": {
      "mean": 16.00480079650879
    },
    "nmse": {
      "mean": 0.17621777951717377
    },
    "mae": {
      "mean": 2.2076666355133057
    },
    "nmae": {
      "mean": 0.24819350242614746
    },
    "relative_mse": {
      "mean": 0.33794093132019043
    }
  },
  "valid2": {
    "mse": {
      "mean": 16.982526779174805
    },
    "nmse": {
      "mean": 0.1774970293045044
    },
    "mae": {
      "mean": 2.28261137008667
    },
    "nmae": {
      "mean": 0.24877716600894928
    },
    "relative_mse": {
      "mean": 0.34300583600997925
    }
  }
}