{
  "test1": {
    "mse": {
      "mean": 18.550695419311523,
      "std": 58.06145095825195,
      "variance": 3371.1318359375,
      "count": 1043784
    },
    "nmse": {
      "mean": 0.3139265775680542,
      "std": 0.7805520296096802,
      "variance": 0.6092614531517029,
      "count": 1043784
    },
    "mae": {
      "mean": 2.396575450897217,
      "std": 3.578704357147217,
      "variance": 12.807124137878418,
      "count": 1043784
    },
    "nmae": {
      "mean": 0.32318317890167236,
      "std": 0.45768898725509644,
      "variance": 0.2094792127609253,
      "count": 1043784
    },
    "relative_mse": {
      "mean": 0.9677575826644897,
      "std": 2.762939929962158,
      "variance": 7.63383674621582,
      "count": 1043784
    }
  },
  "test2": {
    "mse": {
      "mean": 27.98338508605957,
      "std": 108.20870971679688,
      "variance": 11709.125,
      "count": 268128
    },
    "nmse": {
      "mean": 0.32310426235198975,
      "std": 0.8257191181182861,
      "variance": 0.681812047958374,
      "count": 268128
    },
    "mae": {
      "mean": 2.794093132019043,
      "std": 4.491817951202393,
      "variance": 20.176427841186523,
      "count": 268128
    },
    "nmae": {
      "mean": 0.3255986273288727,
      "std": 0.46592894196510315,
      "variance": 0.21708978712558746,
      "count": 268128
    },
    "relative_mse": {
      "mean": 1.0217421054840088,
      "std": 2.9709272384643555,
      "variance": 8.826408386230469,
      "count": 268128
    }
  }
}