{
  "test1": {
    "mse": {
      "mean": 0.0007926551625132561,
      "std": 0.004600308835506439,
      "variance": 2.1162841221666895e-05,
      "count": 1852032
    },
    "nmse": {
      "mean": 99435616.0,
      "std": 10633437184.0,
      "variance": 1.1306997588829825e+20,
      "count": 1852032
    },
    "mae": {
      "mean": 0.013148208148777485,
      "std": 0.024895377457141876,
      "variance": 0.0006197798065841198,
      "count": 1852032
    },
    "nmae": {
      "mean": 116.3432846069336,
      "std": 9971.0615234375,
      "variance": 99422080.0,
      "count": 1852032
    },
    "relative_mse": {
      "mean": 99435616.0,
      "std": 10633437184.0,
      "variance": 1.1306997588829825e+20,
      "count": 1852032
    }
  },
  "test2": {
    "mse": {
      "mean": 0.0008131423965096474,
      "std": 0.005045954138040543,
      "variance": 2.546165524108801e-05,
      "count": 465024
    },
    "nmse": {
      "mean": 0.27445828914642334,
      "std": 2.0864923000335693,
      "variance": 4.353449821472168,
      "count": 465024
    },
    "mae": {
      "mean": 0.013206962496042252,
      "std": 0.025272881612181664,
      "variance": 0.0006387185421772301,
      "count": 465024
    },
    "nmae": {
      "mean": 0.2708899676799774,
      "std": 0.44841599464416504,
      "variance": 0.2010769098997116,
      "count": 465024
    },
    "relative_mse": {
      "mean": 0.20424915850162506,
      "std": 1.3729925155639648,
      "variance": 1.8851083517074585,
      "count": 465024
    }
  }
}