{
  "test1": {
    "mse": {
      "mean": 23.013471603393555,
      "std": 83.74339294433594,
      "variance": 7012.9560546875,
      "count": 1062096
    },
    "nmse": {
      "mean": 0.31879138946533203,
      "std": 0.7895931601524353,
      "variance": 0.6234573721885681,
      "count": 1062096
    },
    "mae": {
      "mean": 2.661616802215576,
      "std": 3.9911489486694336,
      "variance": 15.929268836975098,
      "count": 1062096
    },
    "nmae": {
      "mean": 0.33538007736206055,
      "std": 0.4542153477668762,
      "variance": 0.20631158351898193,
      "count": 1062096
    },
    "relative_mse": {
      "mean": 0.9610306024551392,
      "std": 2.6400835514068604,
      "variance": 6.970041275024414,
      "count": 1062096
    }
  },
  "test2": {
    "mse": {
      "mean": 18.928918838500977,
      "std": 58.57915496826172,
      "variance": 3431.517578125,
      "count": 272832
    },
    "nmse": {
      "mean": 0.3220668435096741,
      "std": 0.7855150103569031,
      "variance": 0.6170337796211243,
      "count": 272832
    },
    "mae": {
      "mean": 2.510403871536255,
      "std": 3.553419828414917,
      "variance": 12.626792907714844,
      "count": 272832
    },
    "nmae": {
      "mean": 0.33658331632614136,
      "std": 0.45692285895347595,
      "variance": 0.2087785005569458,
      "count": 272832
    },
    "relative_mse": {
      "mean": 0.9633815288543701,
      "std": 2.5840370655059814,
      "variance": 6.677248001098633,
      "count": 272832
    }
  }
}