{
  "test1": {
    "mse": {
      "mean": 22.06913948059082,
      "std": 82.26851654052734,
      "variance": 6768.10888671875,
      "count": 1062096
    },
    "nmse": {
      "mean": 0.305540531873703,
      "std": 0.7863401174545288,
      "variance": 0.6183307766914368,
      "count": 1062096
    },
    "mae": {
      "mean": 2.517552614212036,
      "std": 3.966240882873535,
      "variance": 15.731066703796387,
      "count": 1062096
    },
    "nmae": {
      "mean": 0.31623825430870056,
      "std": 0.4533584415912628,
      "variance": 0.20553387701511383,
      "count": 1062096
    },
    "relative_mse": {
      "mean": 0.9193892478942871,
      "std": 2.6193630695343018,
      "variance": 6.861063003540039,
      "count": 1062096
    }
  },
  "test2": {
    "mse": {
      "mean": 18.208942413330078,
      "std": 57.52098846435547,
      "variance": 3308.664306640625,
      "count": 272832
    },
    "nmse": {
      "mean": 0.30997881293296814,
      "std": 0.780892550945282,
      "variance": 0.6097932457923889,
      "count": 272832
    },
    "mae": {
      "mean": 2.3791654109954834,
      "std": 3.5423882007598877,
      "variance": 12.548514366149902,
      "count": 272832
    },
    "nmae": {
      "mean": 0.3192417323589325,
      "std": 0.45613986253738403,
      "variance": 0.20806355774402618,
      "count": 272832
    },
    "relative_mse": {
      "mean": 0.9254403114318848,
      "std": 2.559098720550537,
      "variance": 6.548985958099365,
      "count": 272832
    }
  }
}