{
  "test1": {
    "mse": {
      "mean": 0.0019659774843603373,
      "std": 0.007587244268506765,
      "variance": 5.756627433584072e-05,
      "count": 1488240
    },
    "nmse": {
      "mean": 0.8920009732246399,
      "std": 3.6932082176208496,
      "variance": 13.639786720275879,
      "count": 1488240
    },
    "mae": {
      "mean": 0.02704896219074726,
      "std": 0.03513305261731148,
      "variance": 0.0012343312846496701,
      "count": 1488240
    },
    "nmae": {
      "mean": 0.6039809584617615,
      "std": 0.7260908484458923,
      "variance": 0.5272079110145569,
      "count": 1488240
    },
    "relative_mse": {
      "mean": 0.540741503238678,
      "std": 2.7461256980895996,
      "variance": 7.541205883026123,
      "count": 1488240
    }
  },
  "test2": {
    "mse": {
      "mean": 0.0017218104330822825,
      "std": 0.006125263869762421,
      "variance": 3.751885378733277e-05,
      "count": 373680
    },
    "nmse": {
      "mean": 1.281623363494873,
      "std": 7.666903972625732,
      "variance": 58.78141784667969,
      "count": 373680
    },
    "mae": {
      "mean": 0.025809766724705696,
      "std": 0.03249102085828781,
      "variance": 0.0010556664783507586,
      "count": 373680
    },
    "nmae": {
      "mean": 0.6684670448303223,
      "std": 0.9136602878570557,
      "variance": 0.8347750902175903,
      "count": 373680
    },
    "relative_mse": {
      "mean": 0.6436476111412048,
      "std": 3.300921678543091,
      "variance": 10.89608383178711,
      "count": 373680
    }
  }
}