{
  "test1": {
    "mse": {
      "mean": 19.449678421020508,
      "std": 71.60710144042969,
      "variance": 5127.57666015625,
      "count": 1080408
    },
    "nmse": {
      "mean": 0.3705313801765442,
      "std": 1.5672931671142578,
      "variance": 2.4564077854156494,
      "count": 1080408
    },
    "mae": {
      "mean": 2.3036551475524902,
      "std": 3.7606985569000244,
      "variance": 14.142853736877441,
      "count": 1080408
    },
    "nmae": {
      "mean": 0.3150291442871094,
      "std": 0.5208531618118286,
      "variance": 0.2712880074977875,
      "count": 1080408
    },
    "relative_mse": {
      "mean": 1.3106831312179565,
      "std": 6.829018592834473,
      "variance": 46.635498046875,
      "count": 1080408
    }
  },
  "test2": {
    "mse": {
      "mean": 21.536334991455078,
      "std": 78.675048828125,
      "variance": 6189.76318359375,
      "count": 277536
    },
    "nmse": {
      "mean": 0.3883143663406372,
      "std": 1.7548340559005737,
      "variance": 3.0794427394866943,
      "count": 277536
    },
    "mae": {
      "mean": 2.4254443645477295,
      "std": 3.9564573764801025,
      "variance": 15.653555870056152,
      "count": 277536
    },
    "nmae": {
      "mean": 0.3184245228767395,
      "std": 0.535649299621582,
      "variance": 0.2869201898574829,
      "count": 277536
    },
    "relative_mse": {
      "mean": 1.3664263486862183,
      "std": 7.439528942108154,
      "variance": 55.34659194946289,
      "count": 277536
    }
  }
}