{
  "test1": {
    "mse": {
      "mean": 0.0009204725502058864,
      "std": 0.0052002305164933205,
      "variance": 2.704239886952564e-05,
      "count": 1488240
    },
    "nmse": {
      "mean": 0.35698264837265015,
      "std": 2.802417278289795,
      "variance": 7.853542327880859,
      "count": 1488240
    },
    "mae": {
      "mean": 0.014243097975850105,
      "std": 0.02678818255662918,
      "variance": 0.0007176067447289824,
      "count": 1488240
    },
    "nmae": {
      "mean": 0.2970100939273834,
      "std": 0.5184280872344971,
      "variance": 0.26876765489578247,
      "count": 1488240
    },
    "relative_mse": {
      "mean": 0.25667497515678406,
      "std": 2.2547318935394287,
      "variance": 5.083816051483154,
      "count": 1488240
    }
  },
  "test2": {
    "mse": {
      "mean": 0.0007896802853792906,
      "std": 0.004228390287607908,
      "variance": 1.7879283404909074e-05,
      "count": 373680
    },
    "nmse": {
      "mean": 0.371509850025177,
      "std": 3.8766937255859375,
      "variance": 15.028754234313965,
      "count": 373680
    },
    "mae": {
      "mean": 0.013347310945391655,
      "std": 0.024729125201702118,
      "variance": 0.0006115296273492277,
      "count": 373680
    },
    "nmae": {
      "mean": 0.29995882511138916,
      "std": 0.5305982828140259,
      "variance": 0.2815345227718353,
      "count": 373680
    },
    "relative_mse": {
      "mean": 0.2292691469192505,
      "std": 1.8719528913497925,
      "variance": 3.5042073726654053,
      "count": 373680
    }
  }
}