{
  "test1": {
    "mse": {
      "mean": 0.0007866190280765295,
      "std": 0.0046273088082671165,
      "variance": 2.1411984562291764e-05,
      "count": 2295168
    },
    "nmse": {
      "mean": 0.3331168591976166,
      "std": 7.506667137145996,
      "variance": 56.35005187988281,
      "count": 2295168
    },
    "mae": {
      "mean": 0.012985492125153542,
      "std": 0.02485952526330948,
      "variance": 0.0006179960328154266,
      "count": 2295168
    },
    "nmae": {
      "mean": 0.2736816108226776,
      "std": 0.5081488490104675,
      "variance": 0.2582152485847473,
      "count": 2295168
    },
    "relative_mse": {
      "mean": 1.0848305225372314,
      "std": 265.1416931152344,
      "variance": 70300.1171875,
      "count": 2295168
    }
  },
  "test2": {
    "mse": {
      "mean": 0.0007983004325069487,
      "std": 0.0047272127121686935,
      "variance": 2.2346541300066747e-05,
      "count": 573792
    },
    "nmse": {
      "mean": 0.3100629150867462,
      "std": 2.897710084915161,
      "variance": 8.396723747253418,
      "count": 573792
    },
    "mae": {
      "mean": 0.013152703642845154,
      "std": 0.025006135925650597,
      "variance": 0.0006253068568184972,
      "count": 573792
    },
    "nmae": {
      "mean": 0.27327853441238403,
      "std": 0.48516157269477844,
      "variance": 0.23538175225257874,
      "count": 573792
    },
    "relative_mse": {
      "mean": 0.5105701684951782,
      "std": 29.90808868408203,
      "variance": 894.4937744140625,
      "count": 573792
    }
  }
}