{
  "test1": {
    "mse": {
      "mean": 0.0007802117033861578,
      "std": 0.004530944861471653,
      "variance": 2.0529461835394613e-05,
      "count": 2298504
    },
    "nmse": {
      "mean": 0.3299224078655243,
      "std": 6.441599369049072,
      "variance": 41.49420166015625,
      "count": 2298504
    },
    "mae": {
      "mean": 0.012985089793801308,
      "std": 0.024730529636144638,
      "variance": 0.0006115990690886974,
      "count": 2298504
    },
    "nmae": {
      "mean": 0.2740183472633362,
      "std": 0.5048131942749023,
      "variance": 0.25483638048171997,
      "count": 2298504
    },
    "relative_mse": {
      "mean": 0.819155216217041,
      "std": 210.752685546875,
      "variance": 44416.6953125,
      "count": 2298504
    }
  },
  "test2": {
    "mse": {
      "mean": 0.0008127772598527372,
      "std": 0.005031079053878784,
      "variance": 2.5311757781310007e-05,
      "count": 577128
    },
    "nmse": {
      "mean": 0.3190583884716034,
      "std": 8.194332122802734,
      "variance": 67.14707946777344,
      "count": 577128
    },
    "mae": {
      "mean": 0.01311258040368557,
      "std": 0.02531476691365242,
      "variance": 0.0006408374756574631,
      "count": 577128
    },
    "nmae": {
      "mean": 0.2711382210254669,
      "std": 0.4955224096775055,
      "variance": 0.2455424666404724,
      "count": 577128
    },
    "relative_mse": {
      "mean": 1.5557948350906372,
      "std": 321.87371826171875,
      "variance": 103602.6953125,
      "count": 577128
    }
  }
}