{
  "test1": {
    "mse": {
      "mean": 22359354.0,
      "std": 158896192.0,
      "variance": 2.524799960927437e+16,
      "count": 1254960
    },
    "nmse": {
      "mean": 225.0161590576172,
      "std": 3556.6884765625,
      "variance": 12650033.0,
      "count": 1254960
    },
    "mae": {
      "mean": 1917.4122314453125,
      "std": 4322.37060546875,
      "variance": 18682886.0,
      "count": 1254960
    },
    "nmae": {
      "mean": 5.964034557342529,
      "std": 13.763954162597656,
      "variance": 189.44642639160156,
      "count": 1254960
    },
    "relative_mse": {
      "mean": 3.3716444969177246,
      "std": 16.780963897705078,
      "variance": 281.60076904296875,
      "count": 1254960
    }
  },
  "test2": {
    "mse": {
      "mean": 1229574272.0,
      "std": 13801811968.0,
      "variance": 1.9049000248409902e+20,
      "count": 317520
    },
    "nmse": {
      "mean": 35.37059020996094,
      "std": 116.08705139160156,
      "variance": 13476.2041015625,
      "count": 317520
    },
    "mae": {
      "mean": 5519.62353515625,
      "std": 34628.13671875,
      "variance": 1199107840.0,
      "count": 317520
    },
    "nmae": {
      "mean": 4.644645690917969,
      "std": 3.7145471572875977,
      "variance": 13.797860145568848,
      "count": 317520
    },
    "relative_mse": {
      "mean": 1.77072012424469,
      "std": 1.7139136791229248,
      "variance": 2.9375,
      "count": 317520
    }
  }
}