{
  "test1": {
    "mse": {
      "mean": 8111989.0,
      "std": 282120032.0,
      "variance": 7.959171399942144e+16,
      "count": 1171296
    },
    "nmse": {
      "mean": 0.4093529284000397,
      "std": 6.9910688400268555,
      "variance": 48.87504577636719,
      "count": 1171296
    },
    "mae": {
      "mean": 323.5715026855469,
      "std": 2829.7158203125,
      "variance": 8007291.0,
      "count": 1171296
    },
    "nmae": {
      "mean": 0.403942734003067,
      "std": 0.49616849422454834,
      "variance": 0.24618317186832428,
      "count": 1171296
    },
    "relative_mse": {
      "mean": 0.08026987314224243,
      "std": 0.8661419153213501,
      "variance": 0.7502018809318542,
      "count": 1171296
    }
  },
  "test2": {
    "mse": {
      "mean": 90805.25,
      "std": 1084147.875,
      "variance": 1175376756736.0,
      "count": 296352
    },
    "nmse": {
      "mean": 0.4168316721916199,
      "std": 1.9836883544921875,
      "variance": 3.9350192546844482,
      "count": 296352
    },
    "mae": {
      "mean": 116.13481140136719,
      "std": 278.0610656738281,
      "variance": 77317.9609375,
      "count": 296352
    },
    "nmae": {
      "mean": 0.4114815294742584,
      "std": 0.4975084066390991,
      "variance": 0.24751462042331696,
      "count": 296352
    },
    "relative_mse": {
      "mean": 0.062487225979566574,
      "std": 0.4103991687297821,
      "variance": 0.1684274673461914,
      "count": 296352
    }
  }
}