{
  "test1": {
    "mse": {
      "mean": 18.043949127197266,
      "std": 59.34773254394531,
      "variance": 3522.1533203125,
      "count": 1080408
    },
    "nmse": {
      "mean": 0.37934842705726624,
      "std": 1.6396307945251465,
      "variance": 2.6883890628814697,
      "count": 1080408
    },
    "mae": {
      "mean": 2.291109561920166,
      "std": 3.5769777297973633,
      "variance": 12.794770240783691,
      "count": 1080408
    },
    "nmae": {
      "mean": 0.3211478292942047,
      "std": 0.5255591869354248,
      "variance": 0.2762124836444855,
      "count": 1080408
    },
    "relative_mse": {
      "mean": 1.353583574295044,
      "std": 7.267560005187988,
      "variance": 52.81743240356445,
      "count": 1080408
    }
  },
  "test2": {
    "mse": {
      "mean": 26.603609085083008,
      "std": 106.3306884765625,
      "variance": 11306.21484375,
      "count": 277536
    },
    "nmse": {
      "mean": 0.39020422101020813,
      "std": 1.7625197172164917,
      "variance": 3.106475591659546,
      "count": 277536
    },
    "mae": {
      "mean": 2.6544501781463623,
      "std": 4.422386646270752,
      "variance": 19.557504653930664,
      "count": 277536
    },
    "nmae": {
      "mean": 0.3220949172973633,
      "std": 0.5352187156677246,
      "variance": 0.2864590883255005,
      "count": 277536
    },
    "relative_mse": {
      "mean": 1.4103236198425293,
      "std": 7.5350823402404785,
      "variance": 56.7774658203125,
      "count": 277536
    }
  }
}