{
  "test1": {
    "mse": {
      "mean": 3521770.0,
      "std": 124493360.0,
      "variance": 1.5498597793529856e+16,
      "count": 1183248
    },
    "nmse": {
      "mean": 0.16194021701812744,
      "std": 6.527093887329102,
      "variance": 42.60295104980469,
      "count": 1183248
    },
    "mae": {
      "mean": 210.05474853515625,
      "std": 1864.844970703125,
      "variance": 3477647.0,
      "count": 1183248
    },
    "nmae": {
      "mean": 0.2457846999168396,
      "std": 0.3186379075050354,
      "variance": 0.10153011232614517,
      "count": 1183248
    },
    "relative_mse": {
      "mean": 0.0314042828977108,
      "std": 0.4759446680545807,
      "variance": 0.22652332484722137,
      "count": 1183248
    }
  },
  "test2": {
    "mse": {
      "mean": 47903.77734375,
      "std": 690759.375,
      "variance": 477148512256.0,
      "count": 299376
    },
    "nmse": {
      "mean": 0.17233195900917053,
      "std": 1.4542855024337769,
      "variance": 2.114946126937866,
      "count": 299376
    },
    "mae": {
      "mean": 75.68486785888672,
      "std": 205.366943359375,
      "variance": 42175.578125,
      "count": 299376
    },
    "nmae": {
      "mean": 0.2548609972000122,
      "std": 0.32768556475639343,
      "variance": 0.10737781971693039,
      "count": 299376
    },
    "relative_mse": {
      "mean": 0.026080410927534103,
      "std": 0.3028615415096283,
      "variance": 0.09172511100769043,
      "count": 299376
    }
  }
}