{
  "test1": {
    "mse": {
      "mean": 8102697.5,
      "std": 281956128.0,
      "variance": 7.949925194347315e+16,
      "count": 1171296
    },
    "nmse": {
      "mean": 0.40532246232032776,
      "std": 6.988559722900391,
      "variance": 48.839969635009766,
      "count": 1171296
    },
    "mae": {
      "mean": 323.075439453125,
      "std": 2828.130126953125,
      "variance": 7998320.5,
      "count": 1171296
    },
    "nmae": {
      "mean": 0.40234363079071045,
      "std": 0.49339842796325684,
      "variance": 0.24344201385974884,
      "count": 1171296
    },
    "relative_mse": {
      "mean": 0.07959822565317154,
      "std": 0.8586151003837585,
      "variance": 0.7372198700904846,
      "count": 1171296
    }
  },
  "test2": {
    "mse": {
      "mean": 90669.640625,
      "std": 1084449.25,
      "variance": 1176030019584.0,
      "count": 296352
    },
    "nmse": {
      "mean": 0.4124700725078583,
      "std": 1.9746638536453247,
      "variance": 3.8992972373962402,
      "count": 296352
    },
    "mae": {
      "mean": 115.93315887451172,
      "std": 277.90130615234375,
      "variance": 77229.1328125,
      "count": 296352
    },
    "nmae": {
      "mean": 0.4096865952014923,
      "std": 0.49459779262542725,
      "variance": 0.2446269690990448,
      "count": 296352
    },
    "relative_mse": {
      "mean": 0.06201199069619179,
      "std": 0.40908312797546387,
      "variance": 0.16734899580478668,
      "count": 296352
    }
  }
}