{
  "test1": {
    "mse": {
      "mean": 0.0007837729062885046,
      "std": 0.00465252622961998,
      "variance": 2.1645999368047342e-05,
      "count": 1852032
    },
    "nmse": {
      "mean": 0.28141120076179504,
      "std": 2.3185791969299316,
      "variance": 5.375809192657471,
      "count": 1852032
    },
    "mae": {
      "mean": 0.012757288292050362,
      "std": 0.02492036297917366,
      "variance": 0.0006210245192050934,
      "count": 1852032
    },
    "nmae": {
      "mean": 0.26002025604248047,
      "std": 0.4623858630657196,
      "variance": 0.21380069851875305,
      "count": 1852032
    },
    "relative_mse": {
      "mean": 0.20373763144016266,
      "std": 1.7030333280563354,
      "variance": 2.900322675704956,
      "count": 1852032
    }
  },
  "test2": {
    "mse": {
      "mean": 0.000809515651781112,
      "std": 0.0049161603674292564,
      "variance": 2.4168633899535052e-05,
      "count": 465024
    },
    "nmse": {
      "mean": 0.31125402450561523,
      "std": 4.0005083084106445,
      "variance": 16.004066467285156,
      "count": 465024
    },
    "mae": {
      "mean": 0.012890184298157692,
      "std": 0.02536451816558838,
      "variance": 0.0006433587404899299,
      "count": 465024
    },
    "nmae": {
      "mean": 0.2642141282558441,
      "std": 0.49137043952941895,
      "variance": 0.2414449155330658,
      "count": 465024
    },
    "relative_mse": {
      "mean": 0.2170056402683258,
      "std": 2.004737377166748,
      "variance": 4.018972396850586,
      "count": 465024
    }
  }
}