{
  "test1": {
    "mse": {
      "mean": 0.000906254630535841,
      "std": 0.00514644430950284,
      "variance": 2.6485888156457804e-05,
      "count": 1488240
    },
    "nmse": {
      "mean": 0.36879846453666687,
      "std": 3.2627222537994385,
      "variance": 10.645356178283691,
      "count": 1488240
    },
    "mae": {
      "mean": 0.01402291376143694,
      "std": 0.02663855254650116,
      "variance": 0.0007096124463714659,
      "count": 1488240
    },
    "nmae": {
      "mean": 0.29687926173210144,
      "std": 0.5297746658325195,
      "variance": 0.2806611955165863,
      "count": 1488240
    },
    "relative_mse": {
      "mean": 0.25918805599212646,
      "std": 2.3370323181152344,
      "variance": 5.4617204666137695,
      "count": 1488240
    }
  },
  "test2": {
    "mse": {
      "mean": 0.0008639770676381886,
      "std": 0.0045899380929768085,
      "variance": 2.1067531633889303e-05,
      "count": 373680
    },
    "nmse": {
      "mean": 0.32505181431770325,
      "std": 1.927679419517517,
      "variance": 3.7159478664398193,
      "count": 373680
    },
    "mae": {
      "mean": 0.014186148531734943,
      "std": 0.025743545964360237,
      "variance": 0.000662730191834271,
      "count": 373680
    },
    "nmae": {
      "mean": 0.2966999411582947,
      "std": 0.48684799671173096,
      "variance": 0.23702096939086914,
      "count": 373680
    },
    "relative_mse": {
      "mean": 0.22046880424022675,
      "std": 1.3567081689834595,
      "variance": 1.8406572341918945,
      "count": 373680
    }
  }
}