{
  "test1": {
    "mse": {
      "mean": 17189436.0,
      "std": 444843808.0,
      "variance": 1.978860139582587e+17,
      "count": 1266912
    },
    "nmse": {
      "mean": 250.55548095703125,
      "std": 8499.822265625,
      "variance": 72246976.0,
      "count": 1266912
    },
    "mae": {
      "mean": 518.6047973632812,
      "std": 4113.45166015625,
      "variance": 16920484.0,
      "count": 1266912
    },
    "nmae": {
      "mean": 2.5565476417541504,
      "std": 15.621125221252441,
      "variance": 244.01954650878906,
      "count": 1266912
    },
    "relative_mse": {
      "mean": 2.6296348571777344,
      "std": 37.7481689453125,
      "variance": 1424.92431640625,
      "count": 1266912
    }
  },
  "test2": {
    "mse": {
      "mean": 401725.46875,
      "std": 3256181.5,
      "variance": 10602717118464.0,
      "count": 320544
    },
    "nmse": {
      "mean": 434.4543151855469,
      "std": 4127.28466796875,
      "variance": 17034480.0,
      "count": 320544
    },
    "mae": {
      "mean": 280.42578125,
      "std": 568.4072875976562,
      "variance": 323086.84375,
      "count": 320544
    },
    "nmae": {
      "mean": 4.362143039703369,
      "std": 20.382003784179688,
      "variance": 415.4260559082031,
      "count": 320544
    },
    "relative_mse": {
      "mean": 10.973315238952637,
      "std": 114.5704116821289,
      "variance": 13126.37890625,
      "count": 320544
    }
  },
  "valid1": {
    "mse": {
      "mean": 4502163.0
    },
    "nmse": {
      "mean": 625.4387817382812
    },
    "mae": {
      "mean": 389.5924987792969
    },
    "nmae": {
      "mean": 3.2328367233276367
    },
    "relative_mse": {
      "mean": 2.306729555130005
    }
  },
  "valid2": {
    "mse": {
      "mean": 336443.5
    },
    "nmse": {
      "mean": 512.3491821289062
    },
    "mae": {
      "mean": 275.8580017089844
    },
    "nmae": {
      "mean": 4.378007411956787
    },
    "relative_mse": {
      "mean": 10.81214714050293
    }
  }
}