{
  "test1": {
    "mse": {
      "mean": 237942.203125,
      "std": 9814678.0,
      "variance": 96327904002048.0,
      "count": 1171296
    },
    "nmse": {
      "mean": 0.23970645666122437,
      "std": 6.685943603515625,
      "variance": 44.70184326171875,
      "count": 1171296
    },
    "mae": {
      "mean": 140.55364990234375,
      "std": 467.1047668457031,
      "variance": 218186.875,
      "count": 1171296
    },
    "nmae": {
      "mean": 0.29511260986328125,
      "std": 0.3906596899032593,
      "variance": 0.1526150107383728,
      "count": 1171296
    },
    "relative_mse": {
      "mean": 0.04252714663743973,
      "std": 0.6169984936714172,
      "variance": 0.3806871473789215,
      "count": 1171296
    }
  },
  "test2": {
    "mse": {
      "mean": 29012798.0,
      "std": 521602528.0,
      "variance": 2.720692044908462e+17,
      "count": 296352
    },
    "nmse": {
      "mean": 0.25054165720939636,
      "std": 3.8687262535095215,
      "variance": 14.967042922973633,
      "count": 296352
    },
    "mae": {
      "mean": 610.2156372070312,
      "std": 5351.67578125,
      "variance": 28640434.0,
      "count": 296352
    },
    "nmae": {
      "mean": 0.30290719866752625,
      "std": 0.3984832763671875,
      "variance": 0.15878891944885254,
      "count": 296352
    },
    "relative_mse": {
      "mean": 0.033307623118162155,
      "std": 0.4717962443828583,
      "variance": 0.22259169816970825,
      "count": 296352
    }
  },
  "valid1": {
    "mse": {
      "mean": 184291.625
    },
    "nmse": {
      "mean": 0.3792288303375244
    },
    "mae": {
      "mean": 126.67327880859375
    },
    "nmae": {
      "mean": 0.28469938039779663
    },
    "relative_mse": {
      "mean": 0.06700407713651657
    }
  },
  "valid2": {
    "mse": {
      "mean": 7994627.5
    },
    "nmse": {
      "mean": 0.19975432753562927
    },
    "mae": {
      "mean": 336.6568908691406
    },
    "nmae": {
      "mean": 0.2851491868495941
    },
    "relative_mse": {
      "mean": 0.029087552800774574
    }
  }
}