{
  "test1": {
    "mse": {
      "mean": 0.0008141823345795274,
      "std": 0.004808805882930756,
      "variance": 2.3124614017433487e-05,
      "count": 1964928
    },
    "nmse": {
      "mean": 0.30081015825271606,
      "std": 2.830249071121216,
      "variance": 8.010310173034668,
      "count": 1964928
    },
    "mae": {
      "mean": 0.012933976016938686,
      "std": 0.02543412335216999,
      "variance": 0.0006468946812674403,
      "count": 1964928
    },
    "nmae": {
      "mean": 0.2664162218570709,
      "std": 0.47940853238105774,
      "variance": 0.22983254492282867,
      "count": 1964928
    },
    "relative_mse": {
      "mean": 0.2162478119134903,
      "std": 3.1286661624908447,
      "variance": 9.788552284240723,
      "count": 1964928
    }
  },
  "test2": {
    "mse": {
      "mean": 0.0008249664097093046,
      "std": 0.004908568225800991,
      "variance": 2.4094042601063848e-05,
      "count": 491232
    },
    "nmse": {
      "mean": 0.3031625747680664,
      "std": 3.097618579864502,
      "variance": 9.595240592956543,
      "count": 491232
    },
    "mae": {
      "mean": 0.013098003342747688,
      "std": 0.02556185983121395,
      "variance": 0.0006534087006002665,
      "count": 491232
    },
    "nmae": {
      "mean": 0.2661477327346802,
      "std": 0.4820040762424469,
      "variance": 0.23232793807983398,
      "count": 491232
    },
    "relative_mse": {
      "mean": 0.21659965813159943,
      "std": 1.7139307260513306,
      "variance": 2.93755841255188,
      "count": 491232
    }
  },
  "valid1": {
    "mse": {
      "mean": 0.0005918192327953875
    },
    "nmse": {
      "mean": 0.28452637791633606
    },
    "mae": {
      "mean": 0.01050049252808094
    },
    "nmae": {
      "mean": 0.22905229032039642
    },
    "relative_mse": {
      "mean": 0.18126560747623444
    }
  },
  "valid2": {
    "mse": {
      "mean": 0.0006079997401684523
    },
    "nmse": {
      "mean": 0.23873625695705414
    },
    "mae": {
      "mean": 0.01054109912365675
    },
    "nmae": {
      "mean": 0.22375048696994781
    },
    "relative_mse": {
      "mean": 0.15226531028747559
    }
  }
}