{
  "test1": {
    "mse": {
      "mean": 0.0008084453293122351,
      "std": 0.0047445641830563545,
      "variance": 2.251088881166652e-05,
      "count": 1967784
    },
    "nmse": {
      "mean": 0.3057670593261719,
      "std": 3.0358262062072754,
      "variance": 9.216240882873535,
      "count": 1967784
    },
    "mae": {
      "mean": 0.01286268513649702,
      "std": 0.025357380509376526,
      "variance": 0.0006429966888390481,
      "count": 1967784
    },
    "nmae": {
      "mean": 0.2651921808719635,
      "std": 0.4852217733860016,
      "variance": 0.23544016480445862,
      "count": 1967784
    },
    "relative_mse": {
      "mean": 0.21848136186599731,
      "std": 3.1846725940704346,
      "variance": 10.142139434814453,
      "count": 1967784
    }
  },
  "test2": {
    "mse": {
      "mean": 0.0008279980393126607,
      "std": 0.005140446126461029,
      "variance": 2.642418803588953e-05,
      "count": 494088
    },
    "nmse": {
      "mean": 0.2777242660522461,
      "std": 2.198209762573242,
      "variance": 4.832126140594482,
      "count": 494088
    },
    "mae": {
      "mean": 0.012952673248946667,
      "std": 0.025694867596030235,
      "variance": 0.0006602262728847563,
      "count": 494088
    },
    "nmae": {
      "mean": 0.26172253489494324,
      "std": 0.45741185545921326,
      "variance": 0.209225594997406,
      "count": 494088
    },
    "relative_mse": {
      "mean": 0.20689299702644348,
      "std": 1.4282114505767822,
      "variance": 2.039788007736206,
      "count": 494088
    }
  }
}