{
  "test1": {
    "mse": {
      "mean": 193041.4375,
      "std": 8362102.5,
      "variance": 69924756127744.0,
      "count": 1266912
    },
    "nmse": {
      "mean": 0.2645096480846405,
      "std": 12.924745559692383,
      "variance": 167.04904174804688,
      "count": 1266912
    },
    "mae": {
      "mean": 126.33934783935547,
      "std": 420.8085021972656,
      "variance": 177079.796875,
      "count": 1266912
    },
    "nmae": {
      "mean": 0.28515979647636414,
      "std": 0.4280111491680145,
      "variance": 0.18319354951381683,
      "count": 1266912
    },
    "relative_mse": {
      "mean": 0.044382184743881226,
      "std": 0.9999444484710693,
      "variance": 0.9998888373374939,
      "count": 1266912
    }
  },
  "test2": {
    "mse": {
      "mean": 13439392.0,
      "std": 281170496.0,
      "variance": 7.905683595224678e+16,
      "count": 320544
    },
    "nmse": {
      "mean": 0.22414186596870422,
      "std": 2.186081886291504,
      "variance": 4.77895450592041,
      "count": 320544
    },
    "mae": {
      "mean": 455.7050476074219,
      "std": 3637.5439453125,
      "variance": 13231725.0,
      "count": 320544
    },
    "nmae": {
      "mean": 0.2976989448070526,
      "std": 0.36812660098075867,
      "variance": 0.1355171948671341,
      "count": 320544
    },
    "relative_mse": {
      "mean": 0.03887404501438141,
      "std": 0.37417861819267273,
      "variance": 0.14000962674617767,
      "count": 320544
    }
  },
  "valid1": {
    "mse": {
      "mean": 143969.21875
    },
    "nmse": {
      "mean": 0.30568504333496094
    },
    "mae": {
      "mean": 113.63062286376953
    },
    "nmae": {
      "mean": 0.2726415693759918
    },
    "relative_mse": {
      "mean": 0.04939248040318489
    }
  },
  "valid2": {
    "mse": {
      "mean": 4232531.0
    },
    "nmse": {
      "mean": 0.19347497820854187
    },
    "mae": {
      "mean": 288.0189514160156
    },
    "nmae": {
      "mean": 0.2801903784275055
    },
    "relative_mse": {
      "mean": 0.03416822478175163
    }
  }
}