{
  "test1": {
    "mse": {
      "mean": 525797.1875,
      "std": 9734670.0,
      "variance": 94763797708800.0,
      "count": 1254960
    },
    "nmse": {
      "mean": 132.69497680664062,
      "std": 3455.107177734375,
      "variance": 11937765.0,
      "count": 1254960
    },
    "mae": {
      "mean": 242.3748016357422,
      "std": 683.4117431640625,
      "variance": 467051.625,
      "count": 1254960
    },
    "nmae": {
      "mean": 1.8313994407653809,
      "std": 11.372817039489746,
      "variance": 129.34095764160156,
      "count": 1254960
    },
    "relative_mse": {
      "mean": 2.1934895515441895,
      "std": 30.415363311767578,
      "variance": 925.0943603515625,
      "count": 1254960
    }
  },
  "test2": {
    "mse": {
      "mean": 56239616.0,
      "std": 987929856.0,
      "variance": 9.760054107732705e+17,
      "count": 317520
    },
    "nmse": {
      "mean": 4.0266642570495605,
      "std": 34.143863677978516,
      "variance": 1165.8033447265625,
      "count": 317520
    },
    "mae": {
      "mean": 999.8042602539062,
      "std": 7432.36181640625,
      "variance": 55240004.0,
      "count": 317520
    },
    "nmae": {
      "mean": 0.9538111686706543,
      "std": 1.765476942062378,
      "variance": 3.1169087886810303,
      "count": 317520
    },
    "relative_mse": {
      "mean": 0.19500377774238586,
      "std": 0.7556304931640625,
      "variance": 0.570977509021759,
      "count": 317520
    }
  }
}