{
  "test1": {
    "mse": {
      "mean": 9525533.0,
      "std": 417620992.0,
      "variance": 1.7440730035676774e+17,
      "count": 1254960
    },
    "nmse": {
      "mean": 0.49571844935417175,
      "std": 22.576679229736328,
      "variance": 509.7064514160156,
      "count": 1254960
    },
    "mae": {
      "mean": 285.69134521484375,
      "std": 3073.09521484375,
      "variance": 9443914.0,
      "count": 1254960
    },
    "nmae": {
      "mean": 0.32917505502700806,
      "std": 0.6223843097686768,
      "variance": 0.38736221194267273,
      "count": 1254960
    },
    "relative_mse": {
      "mean": 0.05513604357838631,
      "std": 1.0290751457214355,
      "variance": 1.0589957237243652,
      "count": 1254960
    }
  },
  "test2": {
    "mse": {
      "mean": 78436.2421875,
      "std": 1014246.0,
      "variance": 1028694999040.0,
      "count": 317520
    },
    "nmse": {
      "mean": 0.34589990973472595,
      "std": 3.1706655025482178,
      "variance": 10.053120613098145,
      "count": 317520
    },
    "mae": {
      "mean": 96.82445526123047,
      "std": 262.79510498046875,
      "variance": 69061.265625,
      "count": 317520
    },
    "nmae": {
      "mean": 0.33219024538993835,
      "std": 0.48533448576927185,
      "variance": 0.23554956912994385,
      "count": 317520
    },
    "relative_mse": {
      "mean": 0.03830541670322418,
      "std": 0.3548056185245514,
      "variance": 0.12588702142238617,
      "count": 317520
    }
  }
}