{
  "test1": {
    "mse": {
      "mean": 6942547.0,
      "std": 242097584.0,
      "variance": 5.861123684512563e+16,
      "count": 1134000
    },
    "nmse": {
      "mean": 0.24199756979942322,
      "std": 2.3818068504333496,
      "variance": 5.673004150390625,
      "count": 1134000
    },
    "mae": {
      "mean": 261.1744079589844,
      "std": 2621.895263671875,
      "variance": 6874334.5,
      "count": 1134000
    },
    "nmae": {
      "mean": 0.30735576152801514,
      "std": 0.38409632444381714,
      "variance": 0.1475299745798111,
      "count": 1134000
    },
    "relative_mse": {
      "mean": 0.04366959631443024,
      "std": 0.5694451332092285,
      "variance": 0.32426777482032776,
      "count": 1134000
    }
  },
  "test2": {
    "mse": {
      "mean": 1594528.875,
      "std": 31309412.0,
      "variance": 980279309107200.0,
      "count": 285768
    },
    "nmse": {
      "mean": 0.2498687207698822,
      "std": 2.5507047176361084,
      "variance": 6.506093978881836,
      "count": 285768
    },
    "mae": {
      "mean": 193.0955352783203,
      "std": 1247.8953857421875,
      "variance": 1557242.875,
      "count": 285768
    },
    "nmae": {
      "mean": 0.31713494658470154,
      "std": 0.3863860070705414,
      "variance": 0.1492941528558731,
      "count": 285768
    },
    "relative_mse": {
      "mean": 0.034480828791856766,
      "std": 0.42794811725616455,
      "variance": 0.1831395924091339,
      "count": 285768
    }
  }
}