{
  "test1": {
    "mse": {
      "mean": 236256.40625,
      "std": 9788650.0,
      "variance": 95817675309056.0,
      "count": 1129464
    },
    "nmse": {
      "mean": 0.23260270059108734,
      "std": 2.3812501430511475,
      "variance": 5.670352935791016,
      "count": 1129464
    },
    "mae": {
      "mean": 142.16436767578125,
      "std": 464.8071594238281,
      "variance": 216045.703125,
      "count": 1129464
    },
    "nmae": {
      "mean": 0.29772916436195374,
      "std": 0.379420667886734,
      "variance": 0.14396004378795624,
      "count": 1129464
    },
    "relative_mse": {
      "mean": 0.04111097753047943,
      "std": 0.5574095249176025,
      "variance": 0.31070539355278015,
      "count": 1129464
    }
  },
  "test2": {
    "mse": {
      "mean": 27204952.0,
      "std": 482344064.0,
      "variance": 2.326557842640732e+17,
      "count": 285768
    },
    "nmse": {
      "mean": 0.23887602984905243,
      "std": 2.502687692642212,
      "variance": 6.263444900512695,
      "count": 285768
    },
    "mae": {
      "mean": 615.4896240234375,
      "std": 5179.39453125,
      "variance": 26826126.0,
      "count": 285768
    },
    "nmae": {
      "mean": 0.30697447061538696,
      "std": 0.380319207906723,
      "variance": 0.1446426957845688,
      "count": 285768
    },
    "relative_mse": {
      "mean": 0.03398815169930458,
      "std": 0.42269477248191833,
      "variance": 0.17867086827754974,
      "count": 285768
    }
  }
}