{
  "test1": {
    "mse": {
      "mean": 45009304.0,
      "std": 1903583744.0,
      "variance": 3.62363105972532e+18,
      "count": 1161216
    },
    "nmse": {
      "mean": 296241174937600.0,
      "std": 5.954820114061722e+16,
      "variance": 3.5459882539400843e+33,
      "count": 1161216
    },
    "mae": {
      "mean": 567.1644897460938,
      "std": 6684.88037109375,
      "variance": 44687628.0,
      "count": 1161216
    },
    "nmae": {
      "mean": 110229.765625,
      "std": 17211306.0,
      "variance": 296229028233216.0,
      "count": 1161216
    },
    "relative_mse": {
      "mean": 296241174937600.0,
      "std": 5.954820114061722e+16,
      "variance": 3.5459882539400843e+33,
      "count": 1161216
    }
  },
  "test2": {
    "mse": {
      "mean": 598772.1875,
      "std": 7764740.5,
      "variance": 60291199008768.0,
      "count": 294840
    },
    "nmse": {
      "mean": 2.567664861679077,
      "std": 213.79983520507812,
      "variance": 45710.3671875,
      "count": 294840
    },
    "mae": {
      "mean": 229.31903076171875,
      "std": 739.0432739257812,
      "variance": 546184.9375,
      "count": 294840
    },
    "nmae": {
      "mean": 0.5226487517356873,
      "std": 1.5147618055343628,
      "variance": 2.2945034503936768,
      "count": 294840
    },
    "relative_mse": {
      "mean": 2.558433771133423,
      "std": 256.6779479980469,
      "variance": 65883.5625,
      "count": 294840
    }
  }
}