{
  "test1": {
    "mse": {
      "mean": 10.583076477050781,
      "std": 43.92293930053711,
      "variance": 1929.224609375,
      "count": 1090872
    },
    "nmse": {
      "mean": 0.24626675248146057,
      "std": 1.5359079837799072,
      "variance": 2.359013319015503,
      "count": 1090872
    },
    "mae": {
      "mean": 1.7330700159072876,
      "std": 2.7530972957611084,
      "variance": 7.579545497894287,
      "count": 1090872
    },
    "nmae": {
      "mean": 0.246778205037117,
      "std": 0.4305429756641388,
      "variance": 0.18536725640296936,
      "count": 1090872
    },
    "relative_mse": {
      "mean": 0.9075158834457397,
      "std": 6.39341402053833,
      "variance": 40.8757438659668,
      "count": 1090872
    }
  },
  "test2": {
    "mse": {
      "mean": 15.465242385864258,
      "std": 79.02979278564453,
      "variance": 6245.70751953125,
      "count": 280224
    },
    "nmse": {
      "mean": 0.24643731117248535,
      "std": 1.5337671041488647,
      "variance": 2.3524417877197266,
      "count": 280224
    },
    "mae": {
      "mean": 1.9888988733291626,
      "std": 3.392568826675415,
      "variance": 11.509522438049316,
      "count": 280224
    },
    "nmae": {
      "mean": 0.24490073323249817,
      "std": 0.43181124329566956,
      "variance": 0.186460942029953,
      "count": 280224
    },
    "relative_mse": {
      "mean": 0.9232744574546814,
      "std": 6.2368388175964355,
      "variance": 38.89815902709961,
      "count": 280224
    }
  },
  "valid1": {
    "mse": {
      "mean": 10.057816505432129
    },
    "nmse": {
      "mean": 0.13162775337696075
    },
    "mae": {
      "mean": 1.7724058628082275
    },
    "nmae": {
      "mean": 0.21142755448818207
    },
    "relative_mse": {
      "mean": 0.29603737592697144
    }
  },
  "valid2": {
    "mse": {
      "mean": 14.698273658752441
    },
    "nmse": {
      "mean": 0.13019710779190063
    },
    "mae": {
      "mean": 2.0321624279022217
    },
    "nmae": {
      "mean": 0.2083960920572281
    },
    "relative_mse": {
      "mean": 0.2997629940509796
    }
  }
}