{
  "test1": {
    "mse": {
      "mean": 0.0014170353533700109,
      "std": 0.005609865300357342,
      "variance": 3.147059032926336e-05,
      "count": 1967784
    },
    "nmse": {
      "mean": 4607392768.0,
      "std": 522257989632.0,
      "variance": 2.7275339574428284e+23,
      "count": 1967784
    },
    "mae": {
      "mean": 0.022676685824990273,
      "std": 0.030046680942177773,
      "variance": 0.0009028030326589942,
      "count": 1967784
    },
    "nmae": {
      "mean": 863.5852661132812,
      "std": 67872.28125,
      "variance": 4606646784.0,
      "count": 1967784
    },
    "relative_mse": {
      "mean": 4607392768.0,
      "std": 522257989632.0,
      "variance": 2.7275339574428284e+23,
      "count": 1967784
    }
  },
  "test2": {
    "mse": {
      "mean": 0.0014973292127251625,
      "std": 0.00615234300494194,
      "variance": 3.785132503253408e-05,
      "count": 494088
    },
    "nmse": {
      "mean": 0.588800847530365,
      "std": 2.6445493698120117,
      "variance": 6.993641376495361,
      "count": 494088
    },
    "mae": {
      "mean": 0.022657183930277824,
      "std": 0.031368475407361984,
      "variance": 0.0009839811827987432,
      "count": 494088
    },
    "nmae": {
      "mean": 0.4850413203239441,
      "std": 0.5945888161659241,
      "variance": 0.35353586077690125,
      "count": 494088
    },
    "relative_mse": {
      "mean": 0.4003809094429016,
      "std": 1.856957197189331,
      "variance": 3.4482901096343994,
      "count": 494088
    }
  }
}