{
  "test1": {
    "mse": {
      "mean": 0.001447570393793285,
      "std": 0.005731075536459684,
      "variance": 3.284522608737461e-05,
      "count": 1964928
    },
    "nmse": {
      "mean": 0.7563031911849976,
      "std": 4.3045125007629395,
      "variance": 18.528825759887695,
      "count": 1964928
    },
    "mae": {
      "mean": 0.023016389459371567,
      "std": 0.030295480042696,
      "variance": 0.0009178161271847785,
      "count": 1964928
    },
    "nmae": {
      "mean": 0.5289350152015686,
      "std": 0.6903122663497925,
      "variance": 0.4765309989452362,
      "count": 1964928
    },
    "relative_mse": {
      "mean": 0.45904335379600525,
      "std": 3.3776748180389404,
      "variance": 11.408687591552734,
      "count": 1964928
    }
  },
  "test2": {
    "mse": {
      "mean": 0.001372667495161295,
      "std": 0.00553212221711874,
      "variance": 3.06043766613584e-05,
      "count": 491232
    },
    "nmse": {
      "mean": 0.62539142370224,
      "std": 3.5032896995544434,
      "variance": 12.273038864135742,
      "count": 491232
    },
    "mae": {
      "mean": 0.022519374266266823,
      "std": 0.02942015416920185,
      "variance": 0.000865545473061502,
      "count": 491232
    },
    "nmae": {
      "mean": 0.4953220784664154,
      "std": 0.6164798736572266,
      "variance": 0.380047470331192,
      "count": 491232
    },
    "relative_mse": {
      "mean": 0.38482803106307983,
      "std": 1.939842939376831,
      "variance": 3.762990951538086,
      "count": 491232
    }
  }
}