{
  "test1": {
    "mse": {
      "mean": 0.0008102216525003314,
      "std": 0.004872564692050219,
      "variance": 2.3741888071526773e-05,
      "count": 1964928
    },
    "nmse": {
      "mean": 0.30734574794769287,
      "std": 3.0240488052368164,
      "variance": 9.14487075805664,
      "count": 1964928
    },
    "mae": {
      "mean": 0.01296444982290268,
      "std": 0.025340573862195015,
      "variance": 0.0006421446450985968,
      "count": 1964928
    },
    "nmae": {
      "mean": 0.2716507911682129,
      "std": 0.4832717180252075,
      "variance": 0.23355156183242798,
      "count": 1964928
    },
    "relative_mse": {
      "mean": 0.22382046282291412,
      "std": 3.206902027130127,
      "variance": 10.284220695495605,
      "count": 1964928
    }
  },
  "test2": {
    "mse": {
      "mean": 0.000873379991389811,
      "std": 0.004569973796606064,
      "variance": 2.0884661353193223e-05,
      "count": 491232
    },
    "nmse": {
      "mean": 0.2946804463863373,
      "std": 2.1934094429016113,
      "variance": 4.811045169830322,
      "count": 491232
    },
    "mae": {
      "mean": 0.014260301366448402,
      "std": 0.02588481828570366,
      "variance": 0.0006700238445773721,
      "count": 491232
    },
    "nmae": {
      "mean": 0.2787957191467285,
      "std": 0.4657825827598572,
      "variance": 0.21695342659950256,
      "count": 491232
    },
    "relative_mse": {
      "mean": 0.19552217423915863,
      "std": 1.257641315460205,
      "variance": 1.5816617012023926,
      "count": 491232
    }
  },
  "valid1": {
    "mse": {
      "mean": 0.0005859315278939903
    },
    "nmse": {
      "mean": 0.28411829471588135
    },
    "mae": {
      "mean": 0.010417098179459572
    },
    "nmae": {
      "mean": 0.23162922263145447
    },
    "relative_mse": {
      "mean": 0.1833251565694809
    }
  },
  "valid2": {
    "mse": {
      "mean": 0.000655477459076792
    },
    "nmse": {
      "mean": 0.25527673959732056
    },
    "mae": {
      "mean": 0.011720986105501652
    },
    "nmae": {
      "mean": 0.2421424239873886
    },
    "relative_mse": {
      "mean": 0.1504659503698349
    }
  }
}