{
  "test1": {
    "mse": {
      "mean": 0.0008308276883326471,
      "std": 0.004928384907543659,
      "variance": 2.428897460049484e-05,
      "count": 1967784
    },
    "nmse": {
      "mean": 99090992.0,
      "std": 10117099520.0,
      "variance": 1.023557012685513e+20,
      "count": 1967784
    },
    "mae": {
      "mean": 0.013154003769159317,
      "std": 0.025647610425949097,
      "variance": 0.0006577999447472394,
      "count": 1967784
    },
    "nmae": {
      "mean": 129.21726989746094,
      "std": 9953.607421875,
      "variance": 99074288.0,
      "count": 1967784
    },
    "relative_mse": {
      "mean": 99090992.0,
      "std": 10117099520.0,
      "variance": 1.023557012685513e+20,
      "count": 1967784
    }
  },
  "test2": {
    "mse": {
      "mean": 0.0007734818500466645,
      "std": 0.004368133842945099,
      "variance": 1.908059130073525e-05,
      "count": 494088
    },
    "nmse": {
      "mean": 0.2804776728153229,
      "std": 2.1277904510498047,
      "variance": 4.527492046356201,
      "count": 494088
    },
    "mae": {
      "mean": 0.012987591326236725,
      "std": 0.024592770263552666,
      "variance": 0.0006048043142072856,
      "count": 494088
    },
    "nmae": {
      "mean": 0.267780601978302,
      "std": 0.45691490173339844,
      "variance": 0.2087712287902832,
      "count": 494088
    },
    "relative_mse": {
      "mean": 0.19436171650886536,
      "std": 1.328153371810913,
      "variance": 1.7639912366867065,
      "count": 494088
    }
  }
}