{
  "test1": {
    "mse": {
      "mean": 19.7230224609375,
      "std": 62.30416488647461,
      "variance": 3881.80908203125,
      "count": 1043784
    },
    "nmse": {
      "mean": 0.34678271412849426,
      "std": 0.9642806053161621,
      "variance": 0.929837167263031,
      "count": 1043784
    },
    "mae": {
      "mean": 2.462597608566284,
      "std": 3.6957592964172363,
      "variance": 13.658637046813965,
      "count": 1043784
    },
    "nmae": {
      "mean": 0.3322261869907379,
      "std": 0.48621854186058044,
      "variance": 0.23640847206115723,
      "count": 1043784
    },
    "relative_mse": {
      "mean": 1.0745177268981934,
      "std": 3.4331235885620117,
      "variance": 11.786337852478027,
      "count": 1043784
    }
  },
  "test2": {
    "mse": {
      "mean": 30.084333419799805,
      "std": 115.85478973388672,
      "variance": 13422.33203125,
      "count": 268128
    },
    "nmse": {
      "mean": 0.35289692878723145,
      "std": 1.0125733613967896,
      "variance": 1.0253047943115234,
      "count": 268128
    },
    "mae": {
      "mean": 2.8818185329437256,
      "std": 4.66684627532959,
      "variance": 21.779455184936523,
      "count": 268128
    },
    "nmae": {
      "mean": 0.3334026336669922,
      "std": 0.4916702210903168,
      "variance": 0.24173961579799652,
      "count": 268128
    },
    "relative_mse": {
      "mean": 1.1348578929901123,
      "std": 3.761153221130371,
      "variance": 14.146272659301758,
      "count": 268128
    }
  }
}