{
  "test1": {
    "mse": {
      "mean": 19014786.0,
      "std": 132399192.0,
      "variance": 1.7529545020145664e+16,
      "count": 1183248
    },
    "nmse": {
      "mean": 660.13427734375,
      "std": 10744.29296875,
      "variance": 115439840.0,
      "count": 1183248
    },
    "mae": {
      "mean": 1898.3892822265625,
      "std": 3925.672607421875,
      "variance": 15410906.0,
      "count": 1183248
    },
    "nmae": {
      "mean": 8.201098442077637,
      "std": 24.349050521850586,
      "variance": 592.8762817382812,
      "count": 1183248
    },
    "relative_mse": {
      "mean": 12.618090629577637,
      "std": 97.04782104492188,
      "variance": 9418.279296875,
      "count": 1183248
    }
  },
  "test2": {
    "mse": {
      "mean": 1041459520.0,
      "std": 12003068928.0,
      "variance": 1.44073652924605e+20,
      "count": 299376
    },
    "nmse": {
      "mean": 64.68900299072266,
      "std": 220.7018585205078,
      "variance": 48709.3125,
      "count": 299376
    },
    "mae": {
      "mean": 5074.0869140625,
      "std": 31870.25390625,
      "variance": 1015713088.0,
      "count": 299376
    },
    "nmae": {
      "mean": 5.958737850189209,
      "std": 5.402078151702881,
      "variance": 29.182451248168945,
      "count": 299376
    },
    "relative_mse": {
      "mean": 3.304270029067993,
      "std": 3.7308847904205322,
      "variance": 13.919501304626465,
      "count": 299376
    }
  },
  "valid1": {
    "mse": {
      "mean": 15590280.0
    },
    "nmse": {
      "mean": 1106.8631591796875
    },
    "mae": {
      "mean": 1738.244384765625
    },
    "nmae": {
      "mean": 8.639933586120605
    },
    "relative_mse": {
      "mean": 11.970731735229492
    }
  },
  "valid2": {
    "mse": {
      "mean": 392679680.0
    },
    "nmse": {
      "mean": 101.55691528320312
    },
    "mae": {
      "mean": 3894.254638671875
    },
    "nmae": {
      "mean": 5.835612773895264
    },
    "relative_mse": {
      "mean": 3.2705390453338623
    }
  }
}