{
  "test1": {
    "mse": {
      "mean": 0.0007958603673614562,
      "std": 0.004617991391569376,
      "variance": 2.132584631908685e-05,
      "count": 2298504
    },
    "nmse": {
      "mean": 0.33069753646850586,
      "std": 7.261133670806885,
      "variance": 52.724063873291016,
      "count": 2298504
    },
    "mae": {
      "mean": 0.013165789656341076,
      "std": 0.02495039626955986,
      "variance": 0.0006225223187357187,
      "count": 2298504
    },
    "nmae": {
      "mean": 0.27907243371009827,
      "std": 0.5028082132339478,
      "variance": 0.2528161108493805,
      "count": 2298504
    },
    "relative_mse": {
      "mean": 0.9917516112327576,
      "std": 259.4758605957031,
      "variance": 67327.7265625,
      "count": 2298504
    }
  },
  "test2": {
    "mse": {
      "mean": 0.0008262693299911916,
      "std": 0.00493264477699995,
      "variance": 2.4330982341780327e-05,
      "count": 577128
    },
    "nmse": {
      "mean": 197562224.0,
      "std": 5518805504.0,
      "variance": 3.0457210961209065e+19,
      "count": 577128
    },
    "mae": {
      "mean": 0.013273075222969055,
      "std": 0.025496955960989,
      "variance": 0.0006500948220491409,
      "count": 577128
    },
    "nmae": {
      "mean": 573.9737548828125,
      "std": 14043.958984375,
      "variance": 197232784.0,
      "count": 577128
    },
    "relative_mse": {
      "mean": 197562224.0,
      "std": 5518805504.0,
      "variance": 3.0457210961209065e+19,
      "count": 577128
    }
  }
}