{
  "test1": {
    "mse": {
      "mean": 3982488.5,
      "std": 155063040.0,
      "variance": 2.404454762545152e+16,
      "count": 1266912
    },
    "nmse": {
      "mean": 0.2351907640695572,
      "std": 12.44699764251709,
      "variance": 154.92776489257812,
      "count": 1266912
    },
    "mae": {
      "mean": 210.39926147460938,
      "std": 1984.4951171875,
      "variance": 3938221.0,
      "count": 1266912
    },
    "nmae": {
      "mean": 0.27239179611206055,
      "std": 0.40123990178108215,
      "variance": 0.16099345684051514,
      "count": 1266912
    },
    "relative_mse": {
      "mean": 0.042249567806720734,
      "std": 0.9911718368530273,
      "variance": 0.9824216365814209,
      "count": 1266912
    }
  },
  "test2": {
    "mse": {
      "mean": 138791.890625,
      "std": 1647197.5,
      "variance": 2713259606016.0,
      "count": 320544
    },
    "nmse": {
      "mean": 0.24241292476654053,
      "std": 6.733917713165283,
      "variance": 45.345645904541016,
      "count": 320544
    },
    "mae": {
      "mean": 117.12452697753906,
      "std": 353.65765380859375,
      "variance": 125073.7421875,
      "count": 320544
    },
    "nmae": {
      "mean": 0.27408865094184875,
      "std": 0.4090089499950409,
      "variance": 0.16728833317756653,
      "count": 320544
    },
    "relative_mse": {
      "mean": 0.02293958142399788,
      "std": 0.24568906426429749,
      "variance": 0.06036311760544777,
      "count": 320544
    }
  }
}