{
  "test1": {
    "mse": {
      "mean": 0.0008886420982889831,
      "std": 0.004917742684483528,
      "variance": 2.4184193534892984e-05,
      "count": 1488240
    },
    "nmse": {
      "mean": 0.3533167243003845,
      "std": 2.6656367778778076,
      "variance": 7.105619430541992,
      "count": 1488240
    },
    "mae": {
      "mean": 0.014053399674594402,
      "std": 0.026289619505405426,
      "variance": 0.0006911440868861973,
      "count": 1488240
    },
    "nmae": {
      "mean": 0.29693588614463806,
      "std": 0.514923095703125,
      "variance": 0.26514580845832825,
      "count": 1488240
    },
    "relative_mse": {
      "mean": 0.24929386377334595,
      "std": 2.1304333209991455,
      "variance": 4.538745880126953,
      "count": 1488240
    }
  },
  "test2": {
    "mse": {
      "mean": 0.0009260291699320078,
      "std": 0.005500488448888063,
      "variance": 3.0255374440457672e-05,
      "count": 373680
    },
    "nmse": {
      "mean": 0.3869389295578003,
      "std": 4.215324401855469,
      "variance": 17.768959045410156,
      "count": 373680
    },
    "mae": {
      "mean": 0.014209672808647156,
      "std": 0.026909371837973595,
      "variance": 0.0007241143030114472,
      "count": 373680
    },
    "nmae": {
      "mean": 0.3020722568035126,
      "std": 0.5437750816345215,
      "variance": 0.2956913113594055,
      "count": 373680
    },
    "relative_mse": {
      "mean": 0.2629733085632324,
      "std": 2.4309730529785156,
      "variance": 5.9096293449401855,
      "count": 373680
    }
  }
}