{
  "test1": {
    "mse": {
      "mean": 13.535356521606445,
      "std": 56.393184661865234,
      "variance": 3180.191162109375,
      "count": 1090872
    },
    "nmse": {
      "mean": 0.2989638149738312,
      "std": 1.8760755062103271,
      "variance": 3.5196595191955566,
      "count": 1090872
    },
    "mae": {
      "mean": 1.9983054399490356,
      "std": 3.08903431892395,
      "variance": 9.542132377624512,
      "count": 1090872
    },
    "nmae": {
      "mean": 0.2762489914894104,
      "std": 0.4718583822250366,
      "variance": 0.22265031933784485,
      "count": 1090872
    },
    "relative_mse": {
      "mean": 1.1581709384918213,
      "std": 8.26894760131836,
      "variance": 68.37549591064453,
      "count": 1090872
    }
  },
  "test2": {
    "mse": {
      "mean": 10.937430381774902,
      "std": 37.88681411743164,
      "variance": 1435.4107666015625,
      "count": 280224
    },
    "nmse": {
      "mean": 0.293143093585968,
      "std": 1.6673883199691772,
      "variance": 2.7801835536956787,
      "count": 280224
    },
    "mae": {
      "mean": 1.8847535848617554,
      "std": 2.7175605297088623,
      "variance": 7.385135173797607,
      "count": 280224
    },
    "nmae": {
      "mean": 0.2771231532096863,
      "std": 0.46512994170188904,
      "variance": 0.2163458615541458,
      "count": 280224
    },
    "relative_mse": {
      "mean": 1.1285016536712646,
      "std": 7.375753879547119,
      "variance": 54.4017448425293,
      "count": 280224
    }
  },
  "valid1": {
    "mse": {
      "mean": 12.681867599487305
    },
    "nmse": {
      "mean": 0.14575916528701782
    },
    "mae": {
      "mean": 2.0234274864196777
    },
    "nmae": {
      "mean": 0.23246750235557556
    },
    "relative_mse": {
      "mean": 0.32713237404823303
    }
  },
  "valid2": {
    "mse": {
      "mean": 10.030974388122559
    },
    "nmse": {
      "mean": 0.1451079398393631
    },
    "mae": {
      "mean": 1.9096887111663818
    },
    "nmae": {
      "mean": 0.23183368146419525
    },
    "relative_mse": {
      "mean": 0.3186854124069214
    }
  }
}