{
  "test1": {
    "mse": {
      "mean": 0.0008088538306765258,
      "std": 0.004745560232549906,
      "variance": 2.2520342099596746e-05,
      "count": 1967784
    },
    "nmse": {
      "mean": 0.3059321641921997,
      "std": 3.0363166332244873,
      "variance": 9.219219207763672,
      "count": 1967784
    },
    "mae": {
      "mean": 0.012876070104539394,
      "std": 0.025358641520142555,
      "variance": 0.000643060717266053,
      "count": 1967784
    },
    "nmae": {
      "mean": 0.2654745876789093,
      "std": 0.4852375090122223,
      "variance": 0.23545542359352112,
      "count": 1967784
    },
    "relative_mse": {
      "mean": 0.21859031915664673,
      "std": 3.185664415359497,
      "variance": 10.148458480834961,
      "count": 1967784
    }
  },
  "test2": {
    "mse": {
      "mean": 0.000828442454803735,
      "std": 0.005141105502843857,
      "variance": 2.6430967409396544e-05,
      "count": 494088
    },
    "nmse": {
      "mean": 0.27788814902305603,
      "std": 2.19858717918396,
      "variance": 4.833785057067871,
      "count": 494088
    },
    "mae": {
      "mean": 0.012967610731720924,
      "std": 0.025695983320474625,
      "variance": 0.0006602835492230952,
      "count": 494088
    },
    "nmae": {
      "mean": 0.2620293200016022,
      "std": 0.4574153423309326,
      "variance": 0.20922879874706268,
      "count": 494088
    },
    "relative_mse": {
      "mean": 0.2070087045431137,
      "std": 1.4286216497421265,
      "variance": 2.0409598350524902,
      "count": 494088
    }
  }
}