{
  "test1": {
    "mse": {
      "mean": 0.0008144949097186327,
      "std": 0.004809693433344364,
      "variance": 2.313315235369373e-05,
      "count": 1964928
    },
    "nmse": {
      "mean": 0.30095282196998596,
      "std": 2.8309295177459717,
      "variance": 8.014162063598633,
      "count": 1964928
    },
    "mae": {
      "mean": 0.012948405928909779,
      "std": 0.025432923808693886,
      "variance": 0.0006468336214311421,
      "count": 1964928
    },
    "nmae": {
      "mean": 0.2667209506034851,
      "std": 0.47938790917396545,
      "variance": 0.22981277108192444,
      "count": 1964928
    },
    "relative_mse": {
      "mean": 0.2163364291191101,
      "std": 3.1294660568237305,
      "variance": 9.793558120727539,
      "count": 1964928
    }
  },
  "test2": {
    "mse": {
      "mean": 0.0008253156556747854,
      "std": 0.004908277187496424,
      "variance": 2.4091184968710877e-05,
      "count": 491232
    },
    "nmse": {
      "mean": 0.30329445004463196,
      "std": 3.0963656902313232,
      "variance": 9.587480545043945,
      "count": 491232
    },
    "mae": {
      "mean": 0.013112994842231274,
      "std": 0.025561004877090454,
      "variance": 0.0006533649866469204,
      "count": 491232
    },
    "nmae": {
      "mean": 0.26645949482917786,
      "std": 0.4819686710834503,
      "variance": 0.23229379951953888,
      "count": 491232
    },
    "relative_mse": {
      "mean": 0.21669401228427887,
      "std": 1.7139928340911865,
      "variance": 2.9377715587615967,
      "count": 491232
    }
  },
  "valid1": {
    "mse": {
      "mean": 0.0005922638811171055
    },
    "nmse": {
      "mean": 0.2847244143486023
    },
    "mae": {
      "mean": 0.010523824952542782
    },
    "nmae": {
      "mean": 0.229570209980011
    },
    "relative_mse": {
      "mean": 0.1814015954732895
    }
  },
  "valid2": {
    "mse": {
      "mean": 0.0006084282649680972
    },
    "nmse": {
      "mean": 0.23891772329807281
    },
    "mae": {
      "mean": 0.0105653777718544
    },
    "nmae": {
      "mean": 0.22427694499492645
    },
    "relative_mse": {
      "mean": 0.15237636864185333
    }
  }
}