{
  "test1": {
    "mse": {
      "mean": 17.78772735595703,
      "std": 57.81285858154297,
      "variance": 3342.326416015625,
      "count": 1080408
    },
    "nmse": {
      "mean": 0.35113540291786194,
      "std": 1.3482216596603394,
      "variance": 1.8177016973495483,
      "count": 1080408
    },
    "mae": {
      "mean": 2.2915902137756348,
      "std": 3.5406696796417236,
      "variance": 12.536340713500977,
      "count": 1080408
    },
    "nmae": {
      "mean": 0.3190055787563324,
      "std": 0.4993704855442047,
      "variance": 0.24937087297439575,
      "count": 1080408
    },
    "relative_mse": {
      "mean": 1.22117280960083,
      "std": 5.860035419464111,
      "variance": 34.34001541137695,
      "count": 1080408
    }
  },
  "test2": {
    "mse": {
      "mean": 26.26308822631836,
      "std": 103.9767074584961,
      "variance": 10811.15625,
      "count": 277536
    },
    "nmse": {
      "mean": 0.360695481300354,
      "std": 1.421979308128357,
      "variance": 2.0220251083374023,
      "count": 277536
    },
    "mae": {
      "mean": 2.6578993797302246,
      "std": 4.381627559661865,
      "variance": 19.198659896850586,
      "count": 277536
    },
    "nmae": {
      "mean": 0.32050827145576477,
      "std": 0.5079073905944824,
      "variance": 0.2579699456691742,
      "count": 277536
    },
    "relative_mse": {
      "mean": 1.2725986242294312,
      "std": 6.0098419189453125,
      "variance": 36.11819839477539,
      "count": 277536
    }
  },
  "valid1": {
    "mse": {
      "mean": 14.755338668823242
    },
    "nmse": {
      "mean": 0.182451993227005
    },
    "mae": {
      "mean": 2.1644535064697266
    },
    "nmae": {
      "mean": 0.25385162234306335
    },
    "relative_mse": {
      "mean": 0.37859562039375305
    }
  },
  "valid2": {
    "mse": {
      "mean": 21.35951042175293
    },
    "nmse": {
      "mean": 0.18288876116275787
    },
    "mae": {
      "mean": 2.4893808364868164
    },
    "nmae": {
      "mean": 0.2524234354496002
    },
    "relative_mse": {
      "mean": 0.387159138917923
    }
  }
}