{
  "test1": {
    "mse": {
      "mean": 0.0009170064004138112,
      "std": 0.005385244730859995,
      "variance": 2.900086110457778e-05,
      "count": 2199288
    },
    "nmse": {
      "mean": 0.36900943517684937,
      "std": 7.932574272155762,
      "variance": 62.92573165893555,
      "count": 2199288
    },
    "mae": {
      "mean": 0.013778883963823318,
      "std": 0.02696569822728634,
      "variance": 0.000727148842997849,
      "count": 2199288
    },
    "nmae": {
      "mean": 0.28690460324287415,
      "std": 0.5354392528533936,
      "variance": 0.2866951525211334,
      "count": 2199288
    },
    "relative_mse": {
      "mean": 0.2447120100259781,
      "std": 3.9036056995391846,
      "variance": 15.238137245178223,
      "count": 2199288
    }
  },
  "test2": {
    "mse": {
      "mean": 0.0008307259995490313,
      "std": 0.004801033530384302,
      "variance": 2.3049920855555683e-05,
      "count": 552216
    },
    "nmse": {
      "mean": 0.3885113596916199,
      "std": 5.006722927093506,
      "variance": 25.06727409362793,
      "count": 552216
    },
    "mae": {
      "mean": 0.013175423257052898,
      "std": 0.025634631514549255,
      "variance": 0.0006571342819370329,
      "count": 552216
    },
    "nmae": {
      "mean": 0.2897408902645111,
      "std": 0.5518709421157837,
      "variance": 0.3045615255832672,
      "count": 552216
    },
    "relative_mse": {
      "mean": 0.26305943727493286,
      "std": 2.824735164642334,
      "variance": 7.979129314422607,
      "count": 552216
    }
  }
}