{
  "test1": {
    "mse": {
      "mean": 4240673.5,
      "std": 149823264.0,
      "variance": 2.244701091738419e+16,
      "count": 1266912
    },
    "nmse": {
      "mean": 0.32475394010543823,
      "std": 12.837690353393555,
      "variance": 164.80628967285156,
      "count": 1266912
    },
    "mae": {
      "mean": 263.19219970703125,
      "std": 2042.4013671875,
      "variance": 4171403.25,
      "count": 1266912
    },
    "nmae": {
      "mean": 0.34186795353889465,
      "std": 0.45593881607055664,
      "variance": 0.20788021385669708,
      "count": 1266912
    },
    "relative_mse": {
      "mean": 0.061704736202955246,
      "std": 1.0784043073654175,
      "variance": 1.1629558801651,
      "count": 1266912
    }
  },
  "test2": {
    "mse": {
      "mean": 66612.796875,
      "std": 750081.1875,
      "variance": 562621775872.0,
      "count": 320544
    },
    "nmse": {
      "mean": 0.31143856048583984,
      "std": 5.369960784912109,
      "variance": 28.836477279663086,
      "count": 320544
    },
    "mae": {
      "mean": 100.49638366699219,
      "std": 237.72520446777344,
      "variance": 56513.2734375,
      "count": 320544
    },
    "nmae": {
      "mean": 0.34857016801834106,
      "std": 0.43581804633140564,
      "variance": 0.18993736803531647,
      "count": 320544
    },
    "relative_mse": {
      "mean": 0.04557819291949272,
      "std": 0.3466416895389557,
      "variance": 0.12016045302152634,
      "count": 320544
    }
  }
}