{
  "test1": {
    "mse": {
      "mean": 0.0007845204090699553,
      "std": 0.0046562873758375645,
      "variance": 2.168100945709739e-05,
      "count": 2295168
    },
    "nmse": {
      "mean": 0.32103514671325684,
      "std": 5.257516384124756,
      "variance": 27.641477584838867,
      "count": 2295168
    },
    "mae": {
      "mean": 0.012946665287017822,
      "std": 0.024837559089064598,
      "variance": 0.0006169042899273336,
      "count": 2295168
    },
    "nmae": {
      "mean": 0.27244603633880615,
      "std": 0.4967980682849884,
      "variance": 0.24680833518505096,
      "count": 2295168
    },
    "relative_mse": {
      "mean": 0.7316743731498718,
      "std": 163.5115966796875,
      "variance": 26736.041015625,
      "count": 2295168
    }
  },
  "test2": {
    "mse": {
      "mean": 0.0008019596571102738,
      "std": 0.004451770801097155,
      "variance": 1.981826608243864e-05,
      "count": 573792
    },
    "nmse": {
      "mean": 0.3472086787223816,
      "std": 11.046318054199219,
      "variance": 122.0211410522461,
      "count": 573792
    },
    "mae": {
      "mean": 0.013493417762219906,
      "std": 0.024897536262869835,
      "variance": 0.000619887316133827,
      "count": 573792
    },
    "nmae": {
      "mean": 0.2772984504699707,
      "std": 0.5199175477027893,
      "variance": 0.2703142762184143,
      "count": 573792
    },
    "relative_mse": {
      "mean": 1.899801254272461,
      "std": 417.5843811035156,
      "variance": 174376.71875,
      "count": 573792
    }
  },
  "valid1": {
    "mse": {
      "mean": 0.0006062519969418645
    },
    "nmse": {
      "mean": 0.2601742446422577
    },
    "mae": {
      "mean": 0.010788743384182453
    },
    "nmae": {
      "mean": 0.23628385365009308
    },
    "relative_mse": {
      "mean": 0.16324558854103088
    }
  },
  "valid2": {
    "mse": {
      "mean": 0.00062981789233163
    },
    "nmse": {
      "mean": 0.33366674184799194
    },
    "mae": {
      "mean": 0.011347082443535328
    },
    "nmae": {
      "mean": 0.24125047028064728
    },
    "relative_mse": {
      "mean": 0.20739777386188507
    }
  }
}