{
  "test1": {
    "mse": {
      "mean": 0.000897101650480181,
      "std": 0.004775379318743944,
      "variance": 2.2804246327723376e-05,
      "count": 2298504
    },
    "nmse": {
      "mean": 0.3560764491558075,
      "std": 7.404929161071777,
      "variance": 54.83297348022461,
      "count": 2298504
    },
    "mae": {
      "mean": 0.014881000854074955,
      "std": 0.025993412360548973,
      "variance": 0.000675657473038882,
      "count": 2298504
    },
    "nmae": {
      "mean": 0.3050987720489502,
      "std": 0.5128266215324402,
      "variance": 0.26299113035202026,
      "count": 2298504
    },
    "relative_mse": {
      "mean": 1.1393853425979614,
      "std": 263.5954284667969,
      "variance": 69482.546875,
      "count": 2298504
    }
  },
  "test2": {
    "mse": {
      "mean": 0.0007769196527078748,
      "std": 0.003965495619922876,
      "variance": 1.572515429870691e-05,
      "count": 577128
    },
    "nmse": {
      "mean": 0.3363770544528961,
      "std": 3.4638421535491943,
      "variance": 11.998201370239258,
      "count": 577128
    },
    "mae": {
      "mean": 0.013934314250946045,
      "std": 0.024140309542417526,
      "variance": 0.0005827544955536723,
      "count": 577128
    },
    "nmae": {
      "mean": 0.30419448018074036,
      "std": 0.493804395198822,
      "variance": 0.24384278059005737,
      "count": 577128
    },
    "relative_mse": {
      "mean": 0.36518019437789917,
      "std": 22.54550552368164,
      "variance": 508.2998352050781,
      "count": 577128
    }
  }
}