{
  "test1": {
    "mse": {
      "mean": 51859420.0,
      "std": 1154606592.0,
      "variance": 1.3331163421144515e+18,
      "count": 1161216
    },
    "nmse": {
      "mean": 1.4234885563118256e+19,
      "std": 2.7961187624762212e+20,
      "variance": Infinity,
      "count": 1161216
    },
    "mae": {
      "mean": 1372.0443115234375,
      "std": 7069.43505859375,
      "variance": 49976912.0,
      "count": 1161216
    },
    "nmae": {
      "mean": 227236352.0,
      "std": 3766065408.0,
      "variance": 1.4183249198543012e+19,
      "count": 1161216
    },
    "relative_mse": {
      "mean": 1.4234885563118256e+19,
      "std": 2.7961187624762212e+20,
      "variance": Infinity,
      "count": 1161216
    }
  },
  "test2": {
    "mse": {
      "mean": 2941088.75,
      "std": 14559621.0,
      "variance": 211982573633536.0,
      "count": 294840
    },
    "nmse": {
      "mean": 5256.81787109375,
      "std": 65413.84375,
      "variance": 4278971136.0,
      "count": 294840
    },
    "mae": {
      "mean": 805.3552856445312,
      "std": 1514.09765625,
      "variance": 2292491.5,
      "count": 294840
    },
    "nmae": {
      "mean": 12.228446006774902,
      "std": 71.46525573730469,
      "variance": 5107.2822265625,
      "count": 294840
    },
    "relative_mse": {
      "mean": 80.90058135986328,
      "std": 819.8790283203125,
      "variance": 672201.625,
      "count": 294840
    }
  }
}