{
  "test1": {
    "mse": {
      "mean": 48115968.0,
      "std": 1089271168.0,
      "variance": 1.1865117222743572e+18,
      "count": 1129464
    },
    "nmse": {
      "mean": 219.36892700195312,
      "std": 10319.826171875,
      "variance": 106498824.0,
      "count": 1129464
    },
    "mae": {
      "mean": 939.8423461914062,
      "std": 6872.60205078125,
      "variance": 47232660.0,
      "count": 1129464
    },
    "nmae": {
      "mean": 3.105333089828491,
      "std": 14.481913566589355,
      "variance": 209.725830078125,
      "count": 1129464
    },
    "relative_mse": {
      "mean": 4.875937461853027,
      "std": 76.1990737915039,
      "variance": 5806.29833984375,
      "count": 1129464
    }
  },
  "test2": {
    "mse": {
      "mean": 1781535.875,
      "std": 11275183.0,
      "variance": 127129740115968.0,
      "count": 285768
    },
    "nmse": {
      "mean": 890.95166015625,
      "std": 10512.091796875,
      "variance": 110504072.0,
      "count": 285768
    },
    "mae": {
      "mean": 541.9671630859375,
      "std": 1219.757080078125,
      "variance": 1487807.375,
      "count": 285768
    },
    "nmae": {
      "mean": 5.746147155761719,
      "std": 29.29050064086914,
      "variance": 857.9334716796875,
      "count": 285768
    },
    "relative_mse": {
      "mean": 23.10223388671875,
      "std": 282.1368408203125,
      "variance": 79601.1875,
      "count": 285768
    }
  }
}