{
  "test1": {
    "mse": {
      "mean": 78138640.0,
      "std": 1765955840.0,
      "variance": 3.1186000803203645e+18,
      "count": 1134000
    },
    "nmse": {
      "mean": 1811.5469970703125,
      "std": 63056.5859375,
      "variance": 3976133120.0,
      "count": 1134000
    },
    "mae": {
      "mean": 1524.13916015625,
      "std": 8707.2177734375,
      "variance": 75815640.0,
      "count": 1134000
    },
    "nmae": {
      "mean": 9.079108238220215,
      "std": 41.58264923095703,
      "variance": 1729.1168212890625,
      "count": 1134000
    },
    "relative_mse": {
      "mean": 39.89741134643555,
      "std": 469.2978820800781,
      "variance": 220240.5,
      "count": 1134000
    }
  },
  "test2": {
    "mse": {
      "mean": 4979273.5,
      "std": 26460596.0,
      "variance": 700163152674816.0,
      "count": 285768
    },
    "nmse": {
      "mean": 7536.27099609375,
      "std": 64802.88671875,
      "variance": 4199414016.0,
      "count": 285768
    },
    "mae": {
      "mean": 1033.7781982421875,
      "std": 1977.517578125,
      "variance": 3910575.75,
      "count": 285768
    },
    "nmae": {
      "mean": 17.9635009765625,
      "std": 84.93282318115234,
      "variance": 7213.583984375,
      "count": 285768
    },
    "relative_mse": {
      "mean": 195.6726531982422,
      "std": 1740.3316650390625,
      "variance": 3028754.5,
      "count": 285768
    }
  }
}