{
  "test1": {
    "mse": {
      "mean": 20.17379379272461,
      "std": 75.3216781616211,
      "variance": 5673.35498046875,
      "count": 1080408
    },
    "nmse": {
      "mean": 0.3414282500743866,
      "std": 1.2644708156585693,
      "variance": 1.598886489868164,
      "count": 1080408
    },
    "mae": {
      "mean": 2.3523108959198,
      "std": 3.8262810707092285,
      "variance": 14.640426635742188,
      "count": 1080408
    },
    "nmae": {
      "mean": 0.31223180890083313,
      "std": 0.4939023554325104,
      "variance": 0.24393953382968903,
      "count": 1080408
    },
    "relative_mse": {
      "mean": 1.185323715209961,
      "std": 5.453187942504883,
      "variance": 29.73725700378418,
      "count": 1080408
    }
  },
  "test2": {
    "mse": {
      "mean": 16.430116653442383,
      "std": 49.2996826171875,
      "variance": 2430.458740234375,
      "count": 277536
    },
    "nmse": {
      "mean": 0.35419201850891113,
      "std": 1.3207241296768188,
      "variance": 1.7443121671676636,
      "count": 277536
    },
    "mae": {
      "mean": 2.2319042682647705,
      "std": 3.3835959434509277,
      "variance": 11.448721885681152,
      "count": 277536
    },
    "nmae": {
      "mean": 0.31749364733695984,
      "std": 0.5033783316612244,
      "variance": 0.25338977575302124,
      "count": 277536
    },
    "relative_mse": {
      "mean": 1.2235503196716309,
      "std": 5.646225452423096,
      "variance": 31.879863739013672,
      "count": 277536
    }
  }
}