{
  "test1": {
    "mse": {
      "mean": 8338942.5,
      "std": 310672288.0,
      "variance": 9.651726957989069e+16,
      "count": 1171296
    },
    "nmse": {
      "mean": 0.39051997661590576,
      "std": 6.6674933433532715,
      "variance": 44.455467224121094,
      "count": 1171296
    },
    "mae": {
      "mean": 314.4781494140625,
      "std": 2870.548095703125,
      "variance": 8240046.5,
      "count": 1171296
    },
    "nmae": {
      "mean": 0.4027860462665558,
      "std": 0.47779011726379395,
      "variance": 0.22828340530395508,
      "count": 1171296
    },
    "relative_mse": {
      "mean": 0.06918630003929138,
      "std": 0.712411642074585,
      "variance": 0.5075303316116333,
      "count": 1171296
    }
  },
  "test2": {
    "mse": {
      "mean": 180852.765625,
      "std": 1434207.625,
      "variance": 2056951431168.0,
      "count": 296352
    },
    "nmse": {
      "mean": 0.4248879849910736,
      "std": 4.097296237945557,
      "variance": 16.787837982177734,
      "count": 296352
    },
    "mae": {
      "mean": 155.49618530273438,
      "std": 395.8203125,
      "variance": 156673.71875,
      "count": 296352
    },
    "nmae": {
      "mean": 0.41206198930740356,
      "std": 0.5050672292709351,
      "variance": 0.25509291887283325,
      "count": 296352
    },
    "relative_mse": {
      "mean": 0.09631446748971939,
      "std": 0.8603030443191528,
      "variance": 0.7401213645935059,
      "count": 296352
    }
  }
}