{
  "test1": {
    "mse": {
      "mean": 0.0008061524131335318,
      "std": 0.004827776458114386,
      "variance": 2.3307426090468653e-05,
      "count": 1852032
    },
    "nmse": {
      "mean": 69215712.0,
      "std": 8321586176.0,
      "variance": 6.924879922579741e+19,
      "count": 1852032
    },
    "mae": {
      "mean": 0.013025829568505287,
      "std": 0.025228556245565414,
      "variance": 0.0006364801083691418,
      "count": 1852032
    },
    "nmae": {
      "mean": 91.40738677978516,
      "std": 8319.095703125,
      "variance": 69207360.0,
      "count": 1852032
    },
    "relative_mse": {
      "mean": 69215712.0,
      "std": 8321586176.0,
      "variance": 6.924879922579741e+19,
      "count": 1852032
    }
  },
  "test2": {
    "mse": {
      "mean": 0.0007455954910255969,
      "std": 0.004248856566846371,
      "variance": 1.805278043320868e-05,
      "count": 465024
    },
    "nmse": {
      "mean": 0.26643282175064087,
      "std": 1.8210299015045166,
      "variance": 3.316149950027466,
      "count": 465024
    },
    "mae": {
      "mean": 0.012867252342402935,
      "std": 0.024083798751235008,
      "variance": 0.0005800293874926865,
      "count": 465024
    },
    "nmae": {
      "mean": 0.2651295065879822,
      "std": 0.44287601113319397,
      "variance": 0.1961391717195511,
      "count": 465024
    },
    "relative_mse": {
      "mean": 0.18816335499286652,
      "std": 1.291359305381775,
      "variance": 1.6676088571548462,
      "count": 465024
    }
  }
}