{
  "test1": {
    "mse": {
      "mean": 19.650365829467773,
      "std": 70.10338592529297,
      "variance": 4914.48486328125,
      "count": 1043784
    },
    "nmse": {
      "mean": 0.30640360713005066,
      "std": 0.7736360430717468,
      "variance": 0.5985127091407776,
      "count": 1043784
    },
    "mae": {
      "mean": 2.391537666320801,
      "std": 3.7324137687683105,
      "variance": 13.930912971496582,
      "count": 1043784
    },
    "nmae": {
      "mean": 0.31526169180870056,
      "std": 0.4549875557422638,
      "variance": 0.20701368153095245,
      "count": 1043784
    },
    "relative_mse": {
      "mean": 0.947918713092804,
      "std": 2.7271435260772705,
      "variance": 7.437312126159668,
      "count": 1043784
    }
  },
  "test2": {
    "mse": {
      "mean": 21.64545249938965,
      "std": 73.7550048828125,
      "variance": 5439.80078125,
      "count": 268128
    },
    "nmse": {
      "mean": 0.3155647814273834,
      "std": 0.8114844560623169,
      "variance": 0.6585069894790649,
      "count": 268128
    },
    "mae": {
      "mean": 2.522353172302246,
      "std": 3.9093713760375977,
      "variance": 15.283185005187988,
      "count": 268128
    },
    "nmae": {
      "mean": 0.31874963641166687,
      "std": 0.46256178617477417,
      "variance": 0.21396341919898987,
      "count": 268128
    },
    "relative_mse": {
      "mean": 0.9894299507141113,
      "std": 2.945011615753174,
      "variance": 8.673093795776367,
      "count": 268128
    }
  },
  "valid1": {
    "mse": {
      "mean": 16.000286102294922
    },
    "nmse": {
      "mean": 0.17614363133907318
    },
    "mae": {
      "mean": 2.2067601680755615
    },
    "nmae": {
      "mean": 0.24808961153030396
    },
    "relative_mse": {
      "mean": 0.3377721607685089
    }
  },
  "valid2": {
    "mse": {
      "mean": 16.982301712036133
    },
    "nmse": {
      "mean": 0.17744556069374084
    },
    "mae": {
      "mean": 2.2818195819854736
    },
    "nmae": {
      "mean": 0.24869002401828766
    },
    "relative_mse": {
      "mean": 0.34288090467453003
    }
  }
}