{
  "test1": {
    "mse": {
      "mean": 7665872.5,
      "std": 261591392.0,
      "variance": 6.843006036475904e+16,
      "count": 1171296
    },
    "nmse": {
      "mean": 0.23641136288642883,
      "std": 6.679330348968506,
      "variance": 44.61345291137695,
      "count": 1171296
    },
    "mae": {
      "mean": 269.5031433105469,
      "std": 2755.58349609375,
      "variance": 7593240.5,
      "count": 1171296
    },
    "nmae": {
      "mean": 0.29586103558540344,
      "std": 0.3858466148376465,
      "variance": 0.1488776057958603,
      "count": 1171296
    },
    "relative_mse": {
      "mean": 0.036714259535074234,
      "std": 0.5509443879127502,
      "variance": 0.3035397529602051,
      "count": 1171296
    }
  },
  "test2": {
    "mse": {
      "mean": 77999.7421875,
      "std": 793441.75,
      "variance": 629549826048.0,
      "count": 296352
    },
    "nmse": {
      "mean": 0.2572793662548065,
      "std": 3.919875144958496,
      "variance": 15.3654203414917,
      "count": 296352
    },
    "mae": {
      "mean": 107.34844970703125,
      "std": 257.82952880859375,
      "variance": 66476.0625,
      "count": 296352
    },
    "nmae": {
      "mean": 0.29546257853507996,
      "std": 0.4122878313064575,
      "variance": 0.16998125612735748,
      "count": 296352
    },
    "relative_mse": {
      "mean": 0.05519132688641548,
      "std": 0.725516676902771,
      "variance": 0.5263744592666626,
      "count": 296352
    }
  }
}