{
  "test1": {
    "mse": {
      "mean": 13.703657150268555,
      "std": 54.49937057495117,
      "variance": 2970.181396484375,
      "count": 1127496
    },
    "nmse": {
      "mean": 1.0172613859176636,
      "std": 9.023571968078613,
      "variance": 81.42484283447266,
      "count": 1127496
    },
    "mae": {
      "mean": 2.1477015018463135,
      "std": 3.015134572982788,
      "variance": 9.091035842895508,
      "count": 1127496
    },
    "nmae": {
      "mean": 0.43356257677078247,
      "std": 0.9106507897377014,
      "variance": 0.8292848467826843,
      "count": 1127496
    },
    "relative_mse": {
      "mean": 4.254000186920166,
      "std": 45.4173698425293,
      "variance": 2062.737548828125,
      "count": 1127496
    }
  },
  "test2": {
    "mse": {
      "mean": 14.921146392822266,
      "std": 59.236263275146484,
      "variance": 3508.93505859375,
      "count": 289632
    },
    "nmse": {
      "mean": 0.8987594842910767,
      "std": 7.537487506866455,
      "variance": 56.813720703125,
      "count": 289632
    },
    "mae": {
      "mean": 2.2361655235290527,
      "std": 3.1497159004211426,
      "variance": 9.920710563659668,
      "count": 289632
    },
    "nmae": {
      "mean": 0.417356014251709,
      "std": 0.8512188196182251,
      "variance": 0.7245734333992004,
      "count": 289632
    },
    "relative_mse": {
      "mean": 3.61090350151062,
      "std": 35.03971481323242,
      "variance": 1227.781494140625,
      "count": 289632
    }
  }
}