{
  "test1": {
    "mse": {
      "mean": 0.0014696377329528332,
      "std": 0.005925222299993038,
      "variance": 3.5108263546135277e-05,
      "count": 1967784
    },
    "nmse": {
      "mean": 5061379584.0,
      "std": 540617736192.0,
      "variance": 2.9226752895847622e+23,
      "count": 1967784
    },
    "mae": {
      "mean": 0.023082995787262917,
      "std": 0.030607402324676514,
      "variance": 0.0009368130122311413,
      "count": 1967784
    },
    "nmae": {
      "mean": 916.3316650390625,
      "std": 71137.4765625,
      "variance": 5060539904.0,
      "count": 1967784
    },
    "relative_mse": {
      "mean": 5061379584.0,
      "std": 540617736192.0,
      "variance": 2.9226752895847622e+23,
      "count": 1967784
    }
  },
  "test2": {
    "mse": {
      "mean": 0.0013000386534258723,
      "std": 0.004938967991620302,
      "variance": 2.4393402782152407e-05,
      "count": 494088
    },
    "nmse": {
      "mean": 1.0052871704101562,
      "std": 6.697055816650391,
      "variance": 44.850555419921875,
      "count": 494088
    },
    "mae": {
      "mean": 0.022122221067547798,
      "std": 0.028471844270825386,
      "variance": 0.0008106458699330688,
      "count": 494088
    },
    "nmae": {
      "mean": 0.5726311206817627,
      "std": 0.823031485080719,
      "variance": 0.6773808002471924,
      "count": 494088
    },
    "relative_mse": {
      "mean": 0.5389043688774109,
      "std": 3.007218360900879,
      "variance": 9.043362617492676,
      "count": 494088
    }
  }
}