{
  "test1": {
    "mse": {
      "mean": 0.0013992942404001951,
      "std": 0.005666605196893215,
      "variance": 3.2110412576003e-05,
      "count": 1964928
    },
    "nmse": {
      "mean": 0.7172805070877075,
      "std": 4.102369785308838,
      "variance": 16.829439163208008,
      "count": 1964928
    },
    "mae": {
      "mean": 0.022671492770314217,
      "std": 0.029753949493169785,
      "variance": 0.0008852975443005562,
      "count": 1964928
    },
    "nmae": {
      "mean": 0.5196093320846558,
      "std": 0.6687949299812317,
      "variance": 0.4472866356372833,
      "count": 1964928
    },
    "relative_mse": {
      "mean": 0.4357394278049469,
      "std": 2.4055464267730713,
      "variance": 5.786653995513916,
      "count": 1964928
    }
  },
  "test2": {
    "mse": {
      "mean": 0.001502735773101449,
      "std": 0.0057282354682683945,
      "variance": 3.281268436694518e-05,
      "count": 491232
    },
    "nmse": {
      "mean": 0.7425387501716614,
      "std": 5.006778717041016,
      "variance": 25.067834854125977,
      "count": 491232
    },
    "mae": {
      "mean": 0.0235249325633049,
      "std": 0.030810929834842682,
      "variance": 0.0009493134566582739,
      "count": 491232
    },
    "nmae": {
      "mean": 0.5195890665054321,
      "std": 0.6874343156814575,
      "variance": 0.4725659489631653,
      "count": 491232
    },
    "relative_mse": {
      "mean": 0.4608985483646393,
      "std": 6.159130096435547,
      "variance": 37.93488311767578,
      "count": 491232
    }
  }
}