{
  "test1": {
    "mse": {
      "mean": 11.275724411010742,
      "std": 48.2673454284668,
      "variance": 2329.736572265625,
      "count": 1127496
    },
    "nmse": {
      "mean": 0.6583729982376099,
      "std": 5.522068977355957,
      "variance": 30.493247985839844,
      "count": 1127496
    },
    "mae": {
      "mean": 1.8897335529327393,
      "std": 2.775721788406372,
      "variance": 7.704631805419922,
      "count": 1127496
    },
    "nmae": {
      "mean": 0.3545188009738922,
      "std": 0.7298557758331299,
      "variance": 0.5326894521713257,
      "count": 1127496
    },
    "relative_mse": {
      "mean": 2.6253979206085205,
      "std": 25.079301834106445,
      "variance": 628.9713745117188,
      "count": 1127496
    }
  },
  "test2": {
    "mse": {
      "mean": 16.71790313720703,
      "std": 85.81356811523438,
      "variance": 7363.96826171875,
      "count": 289632
    },
    "nmse": {
      "mean": 0.6498715281486511,
      "std": 5.44127893447876,
      "variance": 29.607519149780273,
      "count": 289632
    },
    "mae": {
      "mean": 2.1698358058929443,
      "std": 3.465503454208374,
      "variance": 12.009714126586914,
      "count": 289632
    },
    "nmae": {
      "mean": 0.35219860076904297,
      "std": 0.7251397967338562,
      "variance": 0.5258277058601379,
      "count": 289632
    },
    "relative_mse": {
      "mean": 2.6410624980926514,
      "std": 24.421661376953125,
      "variance": 596.4176025390625,
      "count": 289632
    }
  },
  "valid1": {
    "mse": {
      "mean": 11.23580551147461
    },
    "nmse": {
      "mean": 0.20175153017044067
    },
    "mae": {
      "mean": 1.9073305130004883
    },
    "nmae": {
      "mean": 0.24618682265281677
    },
    "relative_mse": {
      "mean": 0.4266757071018219
    }
  },
  "valid2": {
    "mse": {
      "mean": 16.194438934326172
    },
    "nmse": {
      "mean": 0.20302678644657135
    },
    "mae": {
      "mean": 2.177860736846924
    },
    "nmae": {
      "mean": 0.24296049773693085
    },
    "relative_mse": {
      "mean": 0.44465455412864685
    }
  }
}