{
  "test1": {
    "mse": {
      "mean": 0.001189007656648755,
      "std": 0.005328877363353968,
      "variance": 2.8396936613717116e-05,
      "count": 2298504
    },
    "nmse": {
      "mean": 5546969088.0,
      "std": 389884346368.0,
      "variance": 1.5200981807865126e+23,
      "count": 2298504
    },
    "mae": {
      "mean": 0.01992700807750225,
      "std": 0.02814110927283764,
      "variance": 0.000791922037024051,
      "count": 2298504
    },
    "nmae": {
      "mean": 1352.460693359375,
      "std": 74465.6953125,
      "variance": 5545139712.0,
      "count": 2298504
    },
    "relative_mse": {
      "mean": 5546969088.0,
      "std": 389884346368.0,
      "variance": 1.5200981807865126e+23,
      "count": 2298504
    }
  },
  "test2": {
    "mse": {
      "mean": 0.0010912736179307103,
      "std": 0.004635592922568321,
      "variance": 2.148872044926975e-05,
      "count": 577128
    },
    "nmse": {
      "mean": 0.5033391118049622,
      "std": 2.5095486640930176,
      "variance": 6.2978339195251465,
      "count": 577128
    },
    "mae": {
      "mean": 0.019431952387094498,
      "std": 0.02671465463936329,
      "variance": 0.0007136728381738067,
      "count": 577128
    },
    "nmae": {
      "mean": 0.44198843836784363,
      "std": 0.5549642443656921,
      "variance": 0.3079853355884552,
      "count": 577128
    },
    "relative_mse": {
      "mean": 0.6138829588890076,
      "std": 23.359813690185547,
      "variance": 545.680908203125,
      "count": 577128
    }
  }
}