{
  "test1": {
    "mse": {
      "mean": 0.0011171301594004035,
      "std": 0.005056082271039486,
      "variance": 2.5563967938069254e-05,
      "count": 2295168
    },
    "nmse": {
      "mean": 0.5225710868835449,
      "std": 7.512654781341553,
      "variance": 56.439979553222656,
      "count": 2295168
    },
    "mae": {
      "mean": 0.01921888440847397,
      "std": 0.027345286682248116,
      "variance": 0.000747764715924859,
      "count": 2295168
    },
    "nmae": {
      "mean": 0.43189045786857605,
      "std": 0.5796911120414734,
      "variance": 0.33604180812835693,
      "count": 2295168
    },
    "relative_mse": {
      "mean": 1.3590370416641235,
      "std": 255.6800079345703,
      "variance": 65372.265625,
      "count": 2295168
    }
  },
  "test2": {
    "mse": {
      "mean": 0.0011952659115195274,
      "std": 0.004707994870841503,
      "variance": 2.216521716036368e-05,
      "count": 573792
    },
    "nmse": {
      "mean": 0.45383986830711365,
      "std": 2.4883687496185303,
      "variance": 6.191978931427002,
      "count": 573792
    },
    "mae": {
      "mean": 0.020714251324534416,
      "std": 0.027680059894919395,
      "variance": 0.000766185752581805,
      "count": 573792
    },
    "nmae": {
      "mean": 0.42779967188835144,
      "std": 0.5204107165336609,
      "variance": 0.2708272933959961,
      "count": 573792
    },
    "relative_mse": {
      "mean": 0.5906276106834412,
      "std": 23.466079711914062,
      "variance": 550.6569213867188,
      "count": 573792
    }
  }
}