{
  "test1": {
    "mse": {
      "mean": 0.0007968079298734665,
      "std": 0.00464367913082242,
      "variance": 2.1563753762166016e-05,
      "count": 1736280
    },
    "nmse": {
      "mean": 0.31371504068374634,
      "std": 2.874068260192871,
      "variance": 8.260268211364746,
      "count": 1736280
    },
    "mae": {
      "mean": 0.013015780597925186,
      "std": 0.025047900155186653,
      "variance": 0.0006273973267525434,
      "count": 1736280
    },
    "nmae": {
      "mean": 0.27223289012908936,
      "std": 0.4894939064979553,
      "variance": 0.23960429430007935,
      "count": 1736280
    },
    "relative_mse": {
      "mean": 0.22148095071315765,
      "std": 3.6346821784973145,
      "variance": 13.210914611816406,
      "count": 1736280
    }
  },
  "test2": {
    "mse": {
      "mean": 0.0008366092224605381,
      "std": 0.005201364867389202,
      "variance": 2.7054198653786443e-05,
      "count": 435960
    },
    "nmse": {
      "mean": 0.3431495726108551,
      "std": 4.205052852630615,
      "variance": 17.68246841430664,
      "count": 435960
    },
    "mae": {
      "mean": 0.013184420764446259,
      "std": 0.025744520127773285,
      "variance": 0.0006627803086303174,
      "count": 435960
    },
    "nmae": {
      "mean": 0.2774197459220886,
      "std": 0.5159339308738708,
      "variance": 0.266187846660614,
      "count": 435960
    },
    "relative_mse": {
      "mean": 0.23068980872631073,
      "std": 2.1504876613616943,
      "variance": 4.624597072601318,
      "count": 435960
    }
  }
}