{
  "test1": {
    "mse": {
      "mean": 21.809144973754883,
      "std": 79.03656768798828,
      "variance": 6246.779296875,
      "count": 1043784
    },
    "nmse": {
      "mean": 0.3492822051048279,
      "std": 0.9589889645576477,
      "variance": 0.9196598529815674,
      "count": 1043784
    },
    "mae": {
      "mean": 2.5523455142974854,
      "std": 3.910841226577759,
      "variance": 15.294678688049316,
      "count": 1043784
    },
    "nmae": {
      "mean": 0.3357733190059662,
      "std": 0.48635220527648926,
      "variance": 0.23653846979141235,
      "count": 1043784
    },
    "relative_mse": {
      "mean": 1.0792059898376465,
      "std": 3.365058422088623,
      "variance": 11.32361888885498,
      "count": 1043784
    }
  },
  "test2": {
    "mse": {
      "mean": 24.568620681762695,
      "std": 85.84172821044922,
      "variance": 7368.8017578125,
      "count": 268128
    },
    "nmse": {
      "mean": 0.3632042706012726,
      "std": 1.0221365690231323,
      "variance": 1.044763207435608,
      "count": 268128
    },
    "mae": {
      "mean": 2.7209486961364746,
      "std": 4.143073558807373,
      "variance": 17.165058135986328,
      "count": 268128
    },
    "nmae": {
      "mean": 0.3409036695957184,
      "std": 0.49697983264923096,
      "variance": 0.2469889521598816,
      "count": 268128
    },
    "relative_mse": {
      "mean": 1.141758680343628,
      "std": 3.7655560970306396,
      "variance": 14.179412841796875,
      "count": 268128
    }
  },
  "valid1": {
    "mse": {
      "mean": 15.849541664123535
    },
    "nmse": {
      "mean": 0.17391599714756012
    },
    "mae": {
      "mean": 2.2852585315704346
    },
    "nmae": {
      "mean": 0.2539920210838318
    },
    "relative_mse": {
      "mean": 0.3312792479991913
    }
  },
  "valid2": {
    "mse": {
      "mean": 16.30144500732422
    },
    "nmse": {
      "mean": 0.1715269535779953
    },
    "mae": {
      "mean": 2.358604669570923
    },
    "nmae": {
      "mean": 0.2538022994995117
    },
    "relative_mse": {
      "mean": 0.3285282552242279
    }
  }
}