{
  "test1": {
    "mse": {
      "mean": 21.120431900024414,
      "std": 78.76344299316406,
      "variance": 6203.68017578125,
      "count": 1080408
    },
    "nmse": {
      "mean": 0.43058890104293823,
      "std": 1.8835395574569702,
      "variance": 3.5477213859558105,
      "count": 1080408
    },
    "mae": {
      "mean": 2.3949079513549805,
      "std": 3.9223525524139404,
      "variance": 15.384849548339844,
      "count": 1080408
    },
    "nmae": {
      "mean": 0.334240585565567,
      "std": 0.5646876692771912,
      "variance": 0.3188721537590027,
      "count": 1080408
    },
    "relative_mse": {
      "mean": 1.5707261562347412,
      "std": 8.647845268249512,
      "variance": 74.78523254394531,
      "count": 1080408
    }
  },
  "test2": {
    "mse": {
      "mean": 23.460769653320312,
      "std": 87.88236236572266,
      "variance": 7723.3095703125,
      "count": 277536
    },
    "nmse": {
      "mean": 0.4434226155281067,
      "std": 2.0330119132995605,
      "variance": 4.1331377029418945,
      "count": 277536
    },
    "mae": {
      "mean": 2.51302433013916,
      "std": 4.14070987701416,
      "variance": 17.145479202270508,
      "count": 277536
    },
    "nmae": {
      "mean": 0.33428123593330383,
      "std": 0.575915515422821,
      "variance": 0.33167868852615356,
      "count": 277536
    },
    "relative_mse": {
      "mean": 1.6158397197723389,
      "std": 9.171290397644043,
      "variance": 84.1125717163086,
      "count": 277536
    }
  }
}