{
  "test1": {
    "mse": {
      "mean": 11218887.0,
      "std": 352241664.0,
      "variance": 1.2407418347795251e+17,
      "count": 1134000
    },
    "nmse": {
      "mean": 0.38157281279563904,
      "std": 2.5168800354003906,
      "variance": 6.3346848487854,
      "count": 1134000
    },
    "mae": {
      "mean": 359.3940124511719,
      "std": 3330.12353515625,
      "variance": 11089723.0,
      "count": 1134000
    },
    "nmae": {
      "mean": 0.41920918226242065,
      "std": 0.45369207859039307,
      "variance": 0.2058364897966385,
      "count": 1134000
    },
    "relative_mse": {
      "mean": 0.07129622995853424,
      "std": 0.6499261856079102,
      "variance": 0.42240408062934875,
      "count": 1134000
    }
  },
  "test2": {
    "mse": {
      "mean": 2205587.0,
      "std": 38650724.0,
      "variance": 1493878477684736.0,
      "count": 285768
    },
    "nmse": {
      "mean": 0.410552442073822,
      "std": 2.722902774810791,
      "variance": 7.4141998291015625,
      "count": 285768
    },
    "mae": {
      "mean": 254.54244995117188,
      "std": 1463.1456298828125,
      "variance": 2140795.25,
      "count": 285768
    },
    "nmae": {
      "mean": 0.43853700160980225,
      "std": 0.4671591818332672,
      "variance": 0.2182377129793167,
      "count": 285768
    },
    "relative_mse": {
      "mean": 0.07762794196605682,
      "std": 0.6573982238769531,
      "variance": 0.43217241764068604,
      "count": 285768
    }
  }
}