{
  "test1": {
    "mse": {
      "mean": 270503.9375,
      "std": 9969323.0,
      "variance": 99387413889024.0,
      "count": 1129464
    },
    "nmse": {
      "mean": 0.2741503417491913,
      "std": 2.435992956161499,
      "variance": 5.934061527252197,
      "count": 1129464
    },
    "mae": {
      "mean": 157.7748260498047,
      "std": 495.59161376953125,
      "variance": 245611.0625,
      "count": 1129464
    },
    "nmae": {
      "mean": 0.3326157331466675,
      "std": 0.4043724834918976,
      "variance": 0.1635170876979828,
      "count": 1129464
    },
    "relative_mse": {
      "mean": 0.04917195811867714,
      "std": 0.5810009837150574,
      "variance": 0.3375621736049652,
      "count": 1129464
    }
  },
  "test2": {
    "mse": {
      "mean": 29965390.0,
      "std": 530959808.0,
      "variance": 2.819183204148183e+17,
      "count": 285768
    },
    "nmse": {
      "mean": 0.28409355878829956,
      "std": 2.594506025314331,
      "variance": 6.731461048126221,
      "count": 285768
    },
    "mae": {
      "mean": 665.5720825195312,
      "std": 5433.4521484375,
      "variance": 29522404.0,
      "count": 285768
    },
    "nmae": {
      "mean": 0.3453162908554077,
      "std": 0.4060175120830536,
      "variance": 0.16485022008419037,
      "count": 285768
    },
    "relative_mse": {
      "mean": 0.0460849292576313,
      "std": 0.4753352403640747,
      "variance": 0.22594359517097473,
      "count": 285768
    }
  }
}