{
  "test1": {
    "mse": {
      "mean": 11554740.0,
      "std": 344617120.0,
      "variance": 1.1876096533541683e+17,
      "count": 1161216
    },
    "nmse": {
      "mean": 296241174937600.0,
      "std": 5.954820114061722e+16,
      "variance": 3.5459882539400843e+33,
      "count": 1161216
    },
    "mae": {
      "mean": 373.1811218261719,
      "std": 3378.6796875,
      "variance": 11415476.0,
      "count": 1161216
    },
    "nmae": {
      "mean": 110229.6796875,
      "std": 17211306.0,
      "variance": 296229028233216.0,
      "count": 1161216
    },
    "relative_mse": {
      "mean": 296241174937600.0,
      "std": 5.954820114061722e+16,
      "variance": 3.5459882539400843e+33,
      "count": 1161216
    }
  },
  "test2": {
    "mse": {
      "mean": 244249.96875,
      "std": 2754296.75,
      "variance": 7586150612992.0,
      "count": 294840
    },
    "nmse": {
      "mean": 2.3915250301361084,
      "std": 213.017333984375,
      "variance": 45376.3828125,
      "count": 294840
    },
    "mae": {
      "mean": 176.32904052734375,
      "std": 461.6903991699219,
      "variance": 213158.015625,
      "count": 294840
    },
    "nmae": {
      "mean": 0.44639360904693604,
      "std": 1.4806276559829712,
      "variance": 2.19225811958313,
      "count": 294840
    },
    "relative_mse": {
      "mean": 2.6235501766204834,
      "std": 255.80889892578125,
      "variance": 65438.1875,
      "count": 294840
    }
  }
}