{
  "test1": {
    "mse": {
      "mean": 4456824.5,
      "std": 164248528.0,
      "variance": 2.697757864440627e+16,
      "count": 1266912
    },
    "nmse": {
      "mean": 0.2524875998497009,
      "std": 12.423876762390137,
      "variance": 154.35272216796875,
      "count": 1266912
    },
    "mae": {
      "mean": 229.31236267089844,
      "std": 2098.628173828125,
      "variance": 4404240.5,
      "count": 1266912
    },
    "nmae": {
      "mean": 0.2920910716056824,
      "std": 0.4088647961616516,
      "variance": 0.16717040538787842,
      "count": 1266912
    },
    "relative_mse": {
      "mean": 0.04613214358687401,
      "std": 1.0143855810165405,
      "variance": 1.0289781093597412,
      "count": 1266912
    }
  },
  "test2": {
    "mse": {
      "mean": 152129.703125,
      "std": 1698797.125,
      "variance": 2885911576576.0,
      "count": 320544
    },
    "nmse": {
      "mean": 0.2594327926635742,
      "std": 6.741389274597168,
      "variance": 45.446327209472656,
      "count": 320544
    },
    "mae": {
      "mean": 126.61012268066406,
      "std": 368.9167785644531,
      "variance": 136099.578125,
      "count": 320544
    },
    "nmae": {
      "mean": 0.29273009300231934,
      "std": 0.4168235659599304,
      "variance": 0.1737418919801712,
      "count": 320544
    },
    "relative_mse": {
      "mean": 0.02520637772977352,
      "std": 0.2535804808139801,
      "variance": 0.06430306285619736,
      "count": 320544
    }
  }
}