{
  "test1": {
    "mse": {
      "mean": 17620856.0,
      "std": 546141376.0,
      "variance": 2.982704291417948e+17,
      "count": 1302528
    },
    "nmse": {
      "mean": 104972792365056.0,
      "std": 6.015388601863373e+16,
      "variance": 3.6184900692508915e+33,
      "count": 1302528
    },
    "mae": {
      "mean": 427.5200500488281,
      "std": 4175.89306640625,
      "variance": 17438084.0,
      "count": 1302528
    },
    "nmae": {
      "mean": 21113.248046875,
      "std": 10245601.0,
      "variance": 104972347768832.0,
      "count": 1302528
    },
    "relative_mse": {
      "mean": 104972792365056.0,
      "std": 6.015388601863373e+16,
      "variance": 3.6184900692508915e+33,
      "count": 1302528
    }
  },
  "test2": {
    "mse": {
      "mean": 291556.21875,
      "std": 2530975.0,
      "variance": 6405834145792.0,
      "count": 330720
    },
    "nmse": {
      "mean": 0.4660446345806122,
      "std": 13.625309944152832,
      "variance": 185.64906311035156,
      "count": 330720
    },
    "mae": {
      "mean": 205.66030883789062,
      "std": 499.259521484375,
      "variance": 249260.0625,
      "count": 330720
    },
    "nmae": {
      "mean": 0.4618414044380188,
      "std": 0.502739667892456,
      "variance": 0.25274717807769775,
      "count": 330720
    },
    "relative_mse": {
      "mean": 0.04418963938951492,
      "std": 0.2982024848461151,
      "variance": 0.08892472833395004,
      "count": 330720
    }
  }
}