{
  "test1": {
    "mse": {
      "mean": 4961905.5,
      "std": 180021968.0,
      "variance": 3.2407907660201984e+16,
      "count": 1272000
    },
    "nmse": {
      "mean": 0.2710098326206207,
      "std": 12.37490177154541,
      "variance": 153.13818359375,
      "count": 1272000
    },
    "mae": {
      "mean": 246.38644409179688,
      "std": 2213.865234375,
      "variance": 4901199.0,
      "count": 1272000
    },
    "nmae": {
      "mean": 0.3117574155330658,
      "std": 0.41691380739212036,
      "variance": 0.17381712794303894,
      "count": 1272000
    },
    "relative_mse": {
      "mean": 0.051810964941978455,
      "std": 1.0394411087036133,
      "variance": 1.0804376602172852,
      "count": 1272000
    }
  },
  "test2": {
    "mse": {
      "mean": 167139.171875,
      "std": 1790643.625,
      "variance": 3206404374528.0,
      "count": 320544
    },
    "nmse": {
      "mean": 0.2763853371143341,
      "std": 6.718630313873291,
      "variance": 45.139991760253906,
      "count": 320544
    },
    "mae": {
      "mean": 135.188232421875,
      "std": 385.82806396484375,
      "variance": 148863.3125,
      "count": 320544
    },
    "nmae": {
      "mean": 0.30981290340423584,
      "std": 0.42473676800727844,
      "variance": 0.18040131032466888,
      "count": 320544
    },
    "relative_mse": {
      "mean": 0.028530949726700783,
      "std": 0.2640799880027771,
      "variance": 0.0697382390499115,
      "count": 320544
    }
  }
}