{
  "test1": {
    "mse": {
      "mean": 351108960.0,
      "std": 7353632768.0,
      "variance": 5.4075912596442055e+19,
      "count": 1129464
    },
    "nmse": {
      "mean": 60.376609802246094,
      "std": 1036.7418212890625,
      "variance": 1074833.5,
      "count": 1129464
    },
    "mae": {
      "mean": 2916.692138671875,
      "std": 18509.5078125,
      "variance": 342601888.0,
      "count": 1129464
    },
    "nmae": {
      "mean": 4.4192681312561035,
      "std": 6.391140460968018,
      "variance": 40.8466796875,
      "count": 1129464
    },
    "relative_mse": {
      "mean": 1.6843589544296265,
      "std": 3.921395778656006,
      "variance": 15.377345085144043,
      "count": 1129464
    }
  },
  "test2": {
    "mse": {
      "mean": 18315074.0,
      "std": 91009296.0,
      "variance": 8282692495867904.0,
      "count": 285768
    },
    "nmse": {
      "mean": 105.52875518798828,
      "std": 446.09149169921875,
      "variance": 198997.625,
      "count": 285768
    },
    "mae": {
      "mean": 1775.4566650390625,
      "std": 3893.94775390625,
      "variance": 15162829.0,
      "count": 285768
    },
    "nmae": {
      "mean": 5.606997013092041,
      "std": 8.607574462890625,
      "variance": 74.09033966064453,
      "count": 285768
    },
    "relative_mse": {
      "mean": 2.451425313949585,
      "std": 8.035510063171387,
      "variance": 64.56942749023438,
      "count": 285768
    }
  }
}