{
  "test1": {
    "mse": {
      "mean": 255450.40625,
      "std": 3078247.5,
      "variance": 9475606970368.0,
      "count": 1129464
    },
    "nmse": {
      "mean": 0.31079885363578796,
      "std": 7.203401565551758,
      "variance": 51.88899230957031,
      "count": 1129464
    },
    "mae": {
      "mean": 163.37368774414062,
      "std": 478.2880554199219,
      "variance": 228759.46875,
      "count": 1129464
    },
    "nmae": {
      "mean": 0.3417191803455353,
      "std": 0.44048482179641724,
      "variance": 0.1940268725156784,
      "count": 1129464
    },
    "relative_mse": {
      "mean": 0.05555524677038193,
      "std": 0.8137248158454895,
      "variance": 0.662148118019104,
      "count": 1129464
    }
  },
  "test2": {
    "mse": {
      "mean": 54254256.0,
      "std": 929605568.0,
      "variance": 8.641665239697326e+17,
      "count": 285768
    },
    "nmse": {
      "mean": 0.41817545890808105,
      "std": 5.764118671417236,
      "variance": 33.22506332397461,
      "count": 285768
    },
    "mae": {
      "mean": 817.051025390625,
      "std": 7320.29248046875,
      "variance": 53586684.0,
      "count": 285768
    },
    "nmae": {
      "mean": 0.35354897379875183,
      "std": 0.5414596199989319,
      "variance": 0.2931785583496094,
      "count": 285768
    },
    "relative_mse": {
      "mean": 0.050718288868665695,
      "std": 0.6656484603881836,
      "variance": 0.4430878758430481,
      "count": 285768
    }
  }
}