{
  "test1": {
    "mse": {
      "mean": 15015606.0,
      "std": 455813888.0,
      "variance": 2.0776629416493056e+17,
      "count": 1129464
    },
    "nmse": {
      "mean": 0.5004287362098694,
      "std": 7.056809902191162,
      "variance": 49.79856872558594,
      "count": 1129464
    },
    "mae": {
      "mean": 393.9228210449219,
      "std": 3854.9228515625,
      "variance": 14860431.0,
      "count": 1129464
    },
    "nmae": {
      "mean": 0.4619777202606201,
      "std": 0.5357286930084229,
      "variance": 0.2870052754878998,
      "count": 1129464
    },
    "relative_mse": {
      "mean": 0.1047317311167717,
      "std": 1.1147699356079102,
      "variance": 1.242712140083313,
      "count": 1129464
    }
  },
  "test2": {
    "mse": {
      "mean": 307781.59375,
      "std": 2540090.5,
      "variance": 6452059570176.0,
      "count": 285768
    },
    "nmse": {
      "mean": 0.631060779094696,
      "std": 7.086293697357178,
      "variance": 50.21555709838867,
      "count": 285768
    },
    "mae": {
      "mean": 195.2909698486328,
      "std": 519.2716064453125,
      "variance": 269643.0,
      "count": 285768
    },
    "nmae": {
      "mean": 0.4647371172904968,
      "std": 0.6442671418190002,
      "variance": 0.41508013010025024,
      "count": 285768
    },
    "relative_mse": {
      "mean": 0.07069969922304153,
      "std": 0.6815594434738159,
      "variance": 0.4645232856273651,
      "count": 285768
    }
  },
  "valid1": {
    "mse": {
      "mean": 4483411.5
    },
    "nmse": {
      "mean": 0.6192646622657776
    },
    "mae": {
      "mean": 273.99847412109375
    },
    "nmae": {
      "mean": 0.4476836025714874
    },
    "relative_mse": {
      "mean": 0.09850538522005081
    }
  },
  "valid2": {
    "mse": {
      "mean": 270953.0625
    },
    "nmse": {
      "mean": 0.4362659156322479
    },
    "mae": {
      "mean": 182.02464294433594
    },
    "nmae": {
      "mean": 0.4326212406158447
    },
    "relative_mse": {
      "mean": 0.04998172074556351
    }
  }
}