{
  "test1": {
    "mse": {
      "mean": 244345.3125,
      "std": 9419298.0,
      "variance": 88723177865216.0,
      "count": 1171296
    },
    "nmse": {
      "mean": 0.26758283376693726,
      "std": 6.672592639923096,
      "variance": 44.52349090576172,
      "count": 1171296
    },
    "mae": {
      "mean": 146.6537322998047,
      "std": 472.05718994140625,
      "variance": 222838.0,
      "count": 1171296
    },
    "nmae": {
      "mean": 0.3167257308959961,
      "std": 0.40898361802101135,
      "variance": 0.1672676056623459,
      "count": 1171296
    },
    "relative_mse": {
      "mean": 0.04870477691292763,
      "std": 0.6910796165466309,
      "variance": 0.47759100794792175,
      "count": 1171296
    }
  },
  "test2": {
    "mse": {
      "mean": 28462430.0,
      "std": 531495360.0,
      "variance": 2.824873176821924e+17,
      "count": 296352
    },
    "nmse": {
      "mean": 0.2774339020252228,
      "std": 3.9311017990112305,
      "variance": 15.453560829162598,
      "count": 296352
    },
    "mae": {
      "mean": 610.466552734375,
      "std": 5299.9775390625,
      "variance": 28089762.0,
      "count": 296352
    },
    "nmae": {
      "mean": 0.3265189528465271,
      "std": 0.4133029282093048,
      "variance": 0.17081931233406067,
      "count": 296352
    },
    "relative_mse": {
      "mean": 0.03953409940004349,
      "std": 0.48833468556404114,
      "variance": 0.23847074806690216,
      "count": 296352
    }
  }
}