{
  "test1": {
    "mse": {
      "mean": 7329720.0,
      "std": 258675792.0,
      "variance": 6.691316811012506e+16,
      "count": 1171296
    },
    "nmse": {
      "mean": 0.23934625089168549,
      "std": 6.945008277893066,
      "variance": 48.2331428527832,
      "count": 1171296
    },
    "mae": {
      "mean": 266.5895080566406,
      "std": 2694.188232421875,
      "variance": 7258650.0,
      "count": 1171296
    },
    "nmae": {
      "mean": 0.2932009696960449,
      "std": 0.3916368782520294,
      "variance": 0.15337945520877838,
      "count": 1171296
    },
    "relative_mse": {
      "mean": 0.042218469083309174,
      "std": 0.6412177085876465,
      "variance": 0.4111601412296295,
      "count": 1171296
    }
  },
  "test2": {
    "mse": {
      "mean": 69859.359375,
      "std": 923071.9375,
      "variance": 852061847552.0,
      "count": 296352
    },
    "nmse": {
      "mean": 0.24753940105438232,
      "std": 1.7710576057434082,
      "variance": 3.1366450786590576,
      "count": 296352
    },
    "mae": {
      "mean": 91.2120361328125,
      "std": 248.07200622558594,
      "variance": 61539.72265625,
      "count": 296352
    },
    "nmae": {
      "mean": 0.30053433775901794,
      "std": 0.3965078890323639,
      "variance": 0.15721850097179413,
      "count": 296352
    },
    "relative_mse": {
      "mean": 0.03377709537744522,
      "std": 0.34340617060661316,
      "variance": 0.11792780458927155,
      "count": 296352
    }
  }
}