{
  "test1": {
    "mse": {
      "mean": 12665253.0,
      "std": 373963360.0,
      "variance": 1.3984860192374784e+17,
      "count": 1171296
    },
    "nmse": {
      "mean": 261.5238342285156,
      "std": 11051.6728515625,
      "variance": 122139464.0,
      "count": 1171296
    },
    "mae": {
      "mean": 503.83721923828125,
      "std": 3522.981689453125,
      "variance": 12411400.0,
      "count": 1171296
    },
    "nmae": {
      "mean": 2.975874662399292,
      "std": 15.895533561706543,
      "variance": 252.66799926757812,
      "count": 1171296
    },
    "relative_mse": {
      "mean": 4.519057750701904,
      "std": 68.16917419433594,
      "variance": 4647.03564453125,
      "count": 1171296
    }
  },
  "test2": {
    "mse": {
      "mean": 430324.8125,
      "std": 3057175.5,
      "variance": 9346321743872.0,
      "count": 296352
    },
    "nmse": {
      "mean": 770.871826171875,
      "std": 8543.529296875,
      "variance": 72991896.0,
      "count": 296352
    },
    "mae": {
      "mean": 332.3497314453125,
      "std": 565.5692138671875,
      "variance": 319868.5,
      "count": 296352
    },
    "nmae": {
      "mean": 5.446336269378662,
      "std": 27.225156784057617,
      "variance": 741.2091674804688,
      "count": 296352
    },
    "relative_mse": {
      "mean": 20.369098663330078,
      "std": 237.54745483398438,
      "variance": 56428.79296875,
      "count": 296352
    }
  }
}