{
  "test1": {
    "mse": {
      "mean": 0.0007806697394698858,
      "std": 0.004531298764050007,
      "variance": 2.053267053270247e-05,
      "count": 2298504
    },
    "nmse": {
      "mean": 0.3300955593585968,
      "std": 6.441570281982422,
      "variance": 41.49382781982422,
      "count": 2298504
    },
    "mae": {
      "mean": 0.01300242729485035,
      "std": 0.024730680510401726,
      "variance": 0.0006116065778769553,
      "count": 2298504
    },
    "nmae": {
      "mean": 0.2743699848651886,
      "std": 0.5047937035560608,
      "variance": 0.2548166811466217,
      "count": 2298504
    },
    "relative_mse": {
      "mean": 0.8193507194519043,
      "std": 210.76393127441406,
      "variance": 44421.43359375,
      "count": 2298504
    }
  },
  "test2": {
    "mse": {
      "mean": 0.0008133183582685888,
      "std": 0.005031675100326538,
      "variance": 2.5317754989373498e-05,
      "count": 577128
    },
    "nmse": {
      "mean": 0.31925031542778015,
      "std": 8.194778442382812,
      "variance": 67.15438842773438,
      "count": 577128
    },
    "mae": {
      "mean": 0.013130619190633297,
      "std": 0.025316104292869568,
      "variance": 0.0006409051711671054,
      "count": 577128
    },
    "nmae": {
      "mean": 0.27149659395217896,
      "std": 0.49551984667778015,
      "variance": 0.24553991854190826,
      "count": 577128
    },
    "relative_mse": {
      "mean": 1.5560424327850342,
      "std": 321.8954162597656,
      "variance": 103616.65625,
      "count": 577128
    }
  }
}