{
  "test1": {
    "mse": {
      "mean": 0.0007868977263569832,
      "std": 0.004627853166311979,
      "variance": 2.1417026800918393e-05,
      "count": 2295168
    },
    "nmse": {
      "mean": 0.33322712779045105,
      "std": 7.506907939910889,
      "variance": 56.353668212890625,
      "count": 2295168
    },
    "mae": {
      "mean": 0.012991542927920818,
      "std": 0.02486196905374527,
      "variance": 0.0006181175704114139,
      "count": 2295168
    },
    "nmae": {
      "mean": 0.27382713556289673,
      "std": 0.5081789493560791,
      "variance": 0.2582458555698395,
      "count": 2295168
    },
    "relative_mse": {
      "mean": 1.0849756002426147,
      "std": 265.1542053222656,
      "variance": 70306.75,
      "count": 2295168
    }
  },
  "test2": {
    "mse": {
      "mean": 0.0007986113778315485,
      "std": 0.0047278874553740025,
      "variance": 2.235291867691558e-05,
      "count": 573792
    },
    "nmse": {
      "mean": 0.3101849853992462,
      "std": 2.898014783859253,
      "variance": 8.398488998413086,
      "count": 573792
    },
    "mae": {
      "mean": 0.013159484602510929,
      "std": 0.025008786469697952,
      "variance": 0.0006254393374547362,
      "count": 573792
    },
    "nmae": {
      "mean": 0.2734411358833313,
      "std": 0.48519575595855713,
      "variance": 0.23541492223739624,
      "count": 573792
    },
    "relative_mse": {
      "mean": 0.5107004642486572,
      "std": 29.911287307739258,
      "variance": 894.6851196289062,
      "count": 573792
    }
  },
  "valid1": {
    "mse": {
      "mean": 0.0006108000525273383
    },
    "nmse": {
      "mean": 0.28407496213912964
    },
    "mae": {
      "mean": 0.010990477167069912
    },
    "nmae": {
      "mean": 0.2418440580368042
    },
    "relative_mse": {
      "mean": 0.17714595794677734
    }
  },
  "valid2": {
    "mse": {
      "mean": 0.0006259835208766162
    },
    "nmse": {
      "mean": 0.2541864812374115
    },
    "mae": {
      "mean": 0.011068960651755333
    },
    "nmae": {
      "mean": 0.23896633088588715
    },
    "relative_mse": {
      "mean": 0.15795409679412842
    }
  }
}