{
  "test1": {
    "mse": {
      "mean": 0.00088608602527529,
      "std": 0.005130148492753506,
      "variance": 2.6318422897020355e-05,
      "count": 2199288
    },
    "nmse": {
      "mean": 0.37893247604370117,
      "std": 8.203371047973633,
      "variance": 67.2952880859375,
      "count": 2199288
    },
    "mae": {
      "mean": 0.013499054126441479,
      "std": 0.026530388742685318,
      "variance": 0.0007038615876808763,
      "count": 2199288
    },
    "nmae": {
      "mean": 0.28518569469451904,
      "std": 0.5455287098884583,
      "variance": 0.297601580619812,
      "count": 2199288
    },
    "relative_mse": {
      "mean": 0.24736647307872772,
      "std": 4.011434078216553,
      "variance": 16.091604232788086,
      "count": 2199288
    }
  },
  "test2": {
    "mse": {
      "mean": 0.0009299684315919876,
      "std": 0.005732860881835222,
      "variance": 3.286569335614331e-05,
      "count": 552216
    },
    "nmse": {
      "mean": 0.33646899461746216,
      "std": 2.8375566005706787,
      "variance": 8.051728248596191,
      "count": 552216
    },
    "mae": {
      "mean": 0.013684657402336597,
      "std": 0.027252495288848877,
      "variance": 0.0007426985539495945,
      "count": 552216
    },
    "nmae": {
      "mean": 0.28148457407951355,
      "std": 0.5071837902069092,
      "variance": 0.25723540782928467,
      "count": 552216
    },
    "relative_mse": {
      "mean": 0.2453163117170334,
      "std": 2.1300745010375977,
      "variance": 4.537217617034912,
      "count": 552216
    }
  }
}