{
  "test1": {
    "mse": {
      "mean": 0.0013486433308571577,
      "std": 0.005443652160465717,
      "variance": 2.9633351005031727e-05,
      "count": 1967784
    },
    "nmse": {
      "mean": 0.7174850106239319,
      "std": 3.9516396522521973,
      "variance": 15.615455627441406,
      "count": 1967784
    },
    "mae": {
      "mean": 0.022100038826465607,
      "std": 0.029329705983400345,
      "variance": 0.0008602316956967115,
      "count": 1967784
    },
    "nmae": {
      "mean": 0.5120680928230286,
      "std": 0.6747379302978516,
      "variance": 0.45527130365371704,
      "count": 1967784
    },
    "relative_mse": {
      "mean": 0.43657174706459045,
      "std": 3.552525281906128,
      "variance": 12.620436668395996,
      "count": 1967784
    }
  },
  "test2": {
    "mse": {
      "mean": 0.00143999548163265,
      "std": 0.00617699371650815,
      "variance": 3.815525269601494e-05,
      "count": 494088
    },
    "nmse": {
      "mean": 17246431232.0,
      "std": 880831168512.0,
      "variance": 7.758635705567603e+23,
      "count": 494088
    },
    "mae": {
      "mean": 0.022539416328072548,
      "std": 0.03052818775177002,
      "variance": 0.0009319703094661236,
      "count": 494088
    },
    "nmae": {
      "mean": 3355.567138671875,
      "std": 131282.78125,
      "variance": 17235171328.0,
      "count": 494088
    },
    "relative_mse": {
      "mean": 17246431232.0,
      "std": 880831168512.0,
      "variance": 7.758635705567603e+23,
      "count": 494088
    }
  }
}