{
  "test1": {
    "mse": {
      "mean": 12.84899616241455,
      "std": 55.528343200683594,
      "variance": 3083.39697265625,
      "count": 1090872
    },
    "nmse": {
      "mean": 0.2898302376270294,
      "std": 1.6707056760787964,
      "variance": 2.791257619857788,
      "count": 1090872
    },
    "mae": {
      "mean": 1.9265905618667603,
      "std": 3.022787570953369,
      "variance": 9.137245178222656,
      "count": 1090872
    },
    "nmae": {
      "mean": 0.27143457531929016,
      "std": 0.4649231433868408,
      "variance": 0.21615351736545563,
      "count": 1090872
    },
    "relative_mse": {
      "mean": 1.1087144613265991,
      "std": 7.342867374420166,
      "variance": 53.91770553588867,
      "count": 1090872
    }
  },
  "test2": {
    "mse": {
      "mean": 14.16217041015625,
      "std": 62.583984375,
      "variance": 3916.755126953125,
      "count": 280224
    },
    "nmse": {
      "mean": 0.297017902135849,
      "std": 1.8464195728302002,
      "variance": 3.4092652797698975,
      "count": 280224
    },
    "mae": {
      "mean": 2.0128018856048584,
      "std": 3.179748296737671,
      "variance": 10.110799789428711,
      "count": 280224
    },
    "nmae": {
      "mean": 0.2706449031829834,
      "std": 0.4730425477027893,
      "variance": 0.22376923263072968,
      "count": 280224
    },
    "relative_mse": {
      "mean": 1.12744140625,
      "std": 7.802286624908447,
      "variance": 60.875675201416016,
      "count": 280224
    }
  },
  "valid1": {
    "mse": {
      "mean": 11.273757934570312
    },
    "nmse": {
      "mean": 0.13705004751682281
    },
    "mae": {
      "mean": 1.8668265342712402
    },
    "nmae": {
      "mean": 0.2181345522403717
    },
    "relative_mse": {
      "mean": 0.3063875138759613
    }
  },
  "valid2": {
    "mse": {
      "mean": 11.810580253601074
    },
    "nmse": {
      "mean": 0.13469456136226654
    },
    "mae": {
      "mean": 1.9145119190216064
    },
    "nmae": {
      "mean": 0.21547767519950867
    },
    "relative_mse": {
      "mean": 0.30237919092178345
    }
  }
}