{
  "test1": {
    "mse": {
      "mean": 0.0007284239400178194,
      "std": 0.0043248445726931095,
      "variance": 1.8704280591919087e-05,
      "count": 2067000
    },
    "nmse": {
      "mean": 0.26019564270973206,
      "std": 2.639907121658325,
      "variance": 6.969109058380127,
      "count": 2067000
    },
    "mae": {
      "mean": 0.01246651541441679,
      "std": 0.02393762767314911,
      "variance": 0.0005730100092478096,
      "count": 2067000
    },
    "nmae": {
      "mean": 0.2531043291091919,
      "std": 0.44287002086639404,
      "variance": 0.19613386690616608,
      "count": 2067000
    },
    "relative_mse": {
      "mean": 0.1919030100107193,
      "std": 2.870359420776367,
      "variance": 8.23896312713623,
      "count": 2067000
    }
  },
  "test2": {
    "mse": {
      "mean": 0.0007489051786251366,
      "std": 0.0045815277844667435,
      "variance": 2.099039738823194e-05,
      "count": 519000
    },
    "nmse": {
      "mean": 0.27826446294784546,
      "std": 3.107126235961914,
      "variance": 9.654233932495117,
      "count": 519000
    },
    "mae": {
      "mean": 0.01256296131759882,
      "std": 0.024312078952789307,
      "variance": 0.0005910771433264017,
      "count": 519000
    },
    "nmae": {
      "mean": 0.2566867470741272,
      "std": 0.4608430862426758,
      "variance": 0.21237634122371674,
      "count": 519000
    },
    "relative_mse": {
      "mean": 0.20004801452159882,
      "std": 1.7764943838119507,
      "variance": 3.1559324264526367,
      "count": 519000
    }
  }
}