{
  "test1": {
    "mse": {
      "mean": 15616316.0,
      "std": 430945984.0,
      "variance": 1.8571443741864755e+17,
      "count": 1266912
    },
    "nmse": {
      "mean": 1181.3321533203125,
      "std": 24865.052734375,
      "variance": 618270848.0,
      "count": 1266912
    },
    "mae": {
      "mean": 620.1236572265625,
      "std": 3902.7890625,
      "variance": 15231762.0,
      "count": 1266912
    },
    "nmae": {
      "mean": 5.979736328125,
      "std": 33.846343994140625,
      "variance": 1145.5748291015625,
      "count": 1266912
    },
    "relative_mse": {
      "mean": 17.112831115722656,
      "std": 192.8066864013672,
      "variance": 37174.41796875,
      "count": 1266912
    }
  },
  "test2": {
    "mse": {
      "mean": 199743.296875,
      "std": 978352.3125,
      "variance": 957173268480.0,
      "count": 320544
    },
    "nmse": {
      "mean": 323.7259521484375,
      "std": 3361.932373046875,
      "variance": 11302589.0,
      "count": 320544
    },
    "mae": {
      "mean": 326.51568603515625,
      "std": 305.1734313964844,
      "variance": 93130.828125,
      "count": 320544
    },
    "nmae": {
      "mean": 5.564925670623779,
      "std": 17.11016082763672,
      "variance": 292.757568359375,
      "count": 320544
    },
    "relative_mse": {
      "mean": 5.921915531158447,
      "std": 28.185182571411133,
      "variance": 794.404541015625,
      "count": 320544
    }
  }
}