{
  "test1": {
    "mse": {
      "mean": 0.0008019435335882008,
      "std": 0.00484891701489687,
      "variance": 2.351199509575963e-05,
      "count": 1852032
    },
    "nmse": {
      "mean": 0.29303908348083496,
      "std": 2.925886392593384,
      "variance": 8.560810089111328,
      "count": 1852032
    },
    "mae": {
      "mean": 0.012736323289573193,
      "std": 0.025292877107858658,
      "variance": 0.000639729609247297,
      "count": 1852032
    },
    "nmae": {
      "mean": 0.2594517767429352,
      "std": 0.47510406374931335,
      "variance": 0.22572387754917145,
      "count": 1852032
    },
    "relative_mse": {
      "mean": 0.21115951240062714,
      "std": 1.8699297904968262,
      "variance": 3.4966373443603516,
      "count": 1852032
    }
  },
  "test2": {
    "mse": {
      "mean": 0.0007415160653181374,
      "std": 0.00425973255187273,
      "variance": 1.8145321519114077e-05,
      "count": 465024
    },
    "nmse": {
      "mean": 0.2597058415412903,
      "std": 1.8246670961380005,
      "variance": 3.3294100761413574,
      "count": 465024
    },
    "mae": {
      "mean": 0.012614806182682514,
      "std": 0.024132607504725456,
      "variance": 0.000582382723223418,
      "count": 465024
    },
    "nmae": {
      "mean": 0.2546590268611908,
      "std": 0.4414234161376953,
      "variance": 0.19485463201999664,
      "count": 465024
    },
    "relative_mse": {
      "mean": 0.18444254994392395,
      "std": 1.2942391633987427,
      "variance": 1.675054907798767,
      "count": 465024
    }
  }
}