{
  "test1": {
    "mse": {
      "mean": 4433130.5,
      "std": 141479936.0,
      "variance": 2.001657482392371e+16,
      "count": 1183248
    },
    "nmse": {
      "mean": 0.26983094215393066,
      "std": 6.340644359588623,
      "variance": 40.20376968383789,
      "count": 1183248
    },
    "mae": {
      "mean": 259.6123352050781,
      "std": 2089.433349609375,
      "variance": 4365732.0,
      "count": 1183248
    },
    "nmae": {
      "mean": 0.33953455090522766,
      "std": 0.3931249678134918,
      "variance": 0.15454722940921783,
      "count": 1183248
    },
    "relative_mse": {
      "mean": 0.061955906450748444,
      "std": 0.6198465824127197,
      "variance": 0.3842097818851471,
      "count": 1183248
    }
  },
  "test2": {
    "mse": {
      "mean": 200438.46875,
      "std": 1983107.375,
      "variance": 3932714958848.0,
      "count": 299376
    },
    "nmse": {
      "mean": 0.2902943193912506,
      "std": 3.3203041553497314,
      "variance": 11.024419784545898,
      "count": 299376
    },
    "mae": {
      "mean": 151.8818817138672,
      "std": 421.1535949707031,
      "variance": 177370.359375,
      "count": 299376
    },
    "nmae": {
      "mean": 0.33922532200813293,
      "std": 0.41859346628189087,
      "variance": 0.17522048950195312,
      "count": 299376
    },
    "relative_mse": {
      "mean": 0.03862083703279495,
      "std": 0.33355021476745605,
      "variance": 0.11125575006008148,
      "count": 299376
    }
  },
  "valid1": {
    "mse": {
      "mean": 1645357.875
    },
    "nmse": {
      "mean": 0.2846280634403229
    },
    "mae": {
      "mean": 200.9657440185547
    },
    "nmae": {
      "mean": 0.3275482654571533
    },
    "relative_mse": {
      "mean": 0.0707547664642334
    }
  },
  "valid2": {
    "mse": {
      "mean": 178560.171875
    },
    "nmse": {
      "mean": 0.2639363408088684
    },
    "mae": {
      "mean": 143.43846130371094
    },
    "nmae": {
      "mean": 0.3323192894458771
    },
    "relative_mse": {
      "mean": 0.03663249686360359
    }
  }
}