{
  "test1": {
    "mse": {
      "mean": 0.0012551775434985757,
      "std": 0.0050924429669976234,
      "variance": 2.5932977223419584e-05,
      "count": 2064000
    },
    "nmse": {
      "mean": 0.6759531497955322,
      "std": 3.903238296508789,
      "variance": 15.235269546508789,
      "count": 2064000
    },
    "mae": {
      "mean": 0.021622875705361366,
      "std": 0.028064724057912827,
      "variance": 0.0007876287563703954,
      "count": 2064000
    },
    "nmae": {
      "mean": 0.5038554668426514,
      "std": 0.6496790051460266,
      "variance": 0.422082781791687,
      "count": 2064000
    },
    "relative_mse": {
      "mean": 0.41532739996910095,
      "std": 3.530579090118408,
      "variance": 12.464988708496094,
      "count": 2064000
    }
  },
  "test2": {
    "mse": {
      "mean": 0.0012027696939185262,
      "std": 0.00502918241545558,
      "variance": 2.5292678401456214e-05,
      "count": 516000
    },
    "nmse": {
      "mean": 0.5476245284080505,
      "std": 2.7055985927581787,
      "variance": 7.320263862609863,
      "count": 516000
    },
    "mae": {
      "mean": 0.02119583822786808,
      "std": 0.027450064197182655,
      "variance": 0.0007535060867667198,
      "count": 516000
    },
    "nmae": {
      "mean": 0.46972015500068665,
      "std": 0.5718281865119934,
      "variance": 0.32698750495910645,
      "count": 516000
    },
    "relative_mse": {
      "mean": 0.3426077961921692,
      "std": 1.5901217460632324,
      "variance": 2.528487205505371,
      "count": 516000
    }
  }
}