{
  "test1": {
    "mse": {
      "mean": 0.001484710955992341,
      "std": 0.005502480547875166,
      "variance": 3.0277291443780996e-05,
      "count": 2067000
    },
    "nmse": {
      "mean": 10789221376.0,
      "std": 833723236352.0,
      "variance": 6.95094501630023e+23,
      "count": 2067000
    },
    "mae": {
      "mean": 0.02421453781425953,
      "std": 0.029972771182656288,
      "variance": 0.0008983670268207788,
      "count": 2067000
    },
    "nmae": {
      "mean": 1745.4798583984375,
      "std": 103856.5078125,
      "variance": 10786174976.0,
      "count": 2067000
    },
    "relative_mse": {
      "mean": 10789221376.0,
      "std": 833723236352.0,
      "variance": 6.95094501630023e+23,
      "count": 2067000
    }
  },
  "test2": {
    "mse": {
      "mean": 0.001543494057841599,
      "std": 0.005997756030410528,
      "variance": 3.5973076592199504e-05,
      "count": 519000
    },
    "nmse": {
      "mean": 0.6865766644477844,
      "std": 2.9077260494232178,
      "variance": 8.454870223999023,
      "count": 519000
    },
    "mae": {
      "mean": 0.02401847019791603,
      "std": 0.031090306118130684,
      "variance": 0.0009666071273386478,
      "count": 519000
    },
    "nmae": {
      "mean": 0.530501663684845,
      "std": 0.6365097165107727,
      "variance": 0.4051446318626404,
      "count": 519000
    },
    "relative_mse": {
      "mean": 0.46043846011161804,
      "std": 2.1040046215057373,
      "variance": 4.426835536956787,
      "count": 519000
    }
  }
}