{
  "test1": {
    "mse": {
      "mean": 8429671.0,
      "std": 289621024.0,
      "variance": 8.388032474382336e+16,
      "count": 1302528
    },
    "nmse": {
      "mean": 104972792365056.0,
      "std": 6.015388601863373e+16,
      "variance": 3.6184900692508915e+33,
      "count": 1302528
    },
    "mae": {
      "mean": 344.399169921875,
      "std": 2882.890869140625,
      "variance": 8311060.0,
      "count": 1302528
    },
    "nmae": {
      "mean": 21113.244140625,
      "std": 10245601.0,
      "variance": 104972347768832.0,
      "count": 1302528
    },
    "relative_mse": {
      "mean": 104972792365056.0,
      "std": 6.015388601863373e+16,
      "variance": 3.6184900692508915e+33,
      "count": 1302528
    }
  },
  "test2": {
    "mse": {
      "mean": 232270.5,
      "std": 2348573.5,
      "variance": 5515797069824.0,
      "count": 330720
    },
    "nmse": {
      "mean": 0.6432504057884216,
      "std": 58.612152099609375,
      "variance": 3435.384521484375,
      "count": 330720
    },
    "mae": {
      "mean": 180.13796997070312,
      "std": 447.0132141113281,
      "variance": 199820.828125,
      "count": 330720
    },
    "nmae": {
      "mean": 0.4747670888900757,
      "std": 0.6464105248451233,
      "variance": 0.41784656047821045,
      "count": 330720
    },
    "relative_mse": {
      "mean": 0.2746712565422058,
      "std": 27.297836303710938,
      "variance": 745.171875,
      "count": 330720
    }
  }
}