{
  "test1": {
    "mse": {
      "mean": 238154.765625,
      "std": 8537664.0,
      "variance": 72891710308352.0,
      "count": 1266912
    },
    "nmse": {
      "mean": 0.30691808462142944,
      "std": 12.872655868530273,
      "variance": 165.7052764892578,
      "count": 1266912
    },
    "mae": {
      "mean": 148.35903930664062,
      "std": 464.91326904296875,
      "variance": 216144.359375,
      "count": 1266912
    },
    "nmae": {
      "mean": 0.3264354467391968,
      "std": 0.4476136267185211,
      "variance": 0.20035795867443085,
      "count": 1266912
    },
    "relative_mse": {
      "mean": 0.052731890231370926,
      "std": 1.0365064144134521,
      "variance": 1.0743454694747925,
      "count": 1266912
    }
  },
  "test2": {
    "mse": {
      "mean": 19017246.0,
      "std": 370337760.0,
      "variance": 1.3715005679180186e+17,
      "count": 320544
    },
    "nmse": {
      "mean": 0.27323123812675476,
      "std": 2.2276663780212402,
      "variance": 4.962497711181641,
      "count": 320544
    },
    "mae": {
      "mean": 557.0720825195312,
      "std": 4325.1494140625,
      "variance": 18706916.0,
      "count": 320544
    },
    "nmae": {
      "mean": 0.34385591745376587,
      "std": 0.393693208694458,
      "variance": 0.15499433875083923,
      "count": 320544
    },
    "relative_mse": {
      "mean": 0.05043988674879074,
      "std": 0.4430140256881714,
      "variance": 0.1962614357471466,
      "count": 320544
    }
  }
}