{
  "test1": {
    "mse": {
      "mean": 8938996.0,
      "std": 306812544.0,
      "variance": 9.413393209779814e+16,
      "count": 1272000
    },
    "nmse": {
      "mean": 0.48045995831489563,
      "std": 12.818318367004395,
      "variance": 164.3092803955078,
      "count": 1272000
    },
    "mae": {
      "mean": 353.8840637207031,
      "std": 2968.798095703125,
      "variance": 8813762.0,
      "count": 1272000
    },
    "nmae": {
      "mean": 0.46390634775161743,
      "std": 0.5150250792503357,
      "variance": 0.2652508616447449,
      "count": 1272000
    },
    "relative_mse": {
      "mean": 0.08161734789609909,
      "std": 1.1622059345245361,
      "variance": 1.3507226705551147,
      "count": 1272000
    }
  },
  "test2": {
    "mse": {
      "mean": 1909810.625,
      "std": 32191926.0,
      "variance": 1036320176603136.0,
      "count": 320544
    },
    "nmse": {
      "mean": 0.4744497835636139,
      "std": 2.3861653804779053,
      "variance": 5.693785190582275,
      "count": 320544
    },
    "mae": {
      "mean": 258.62042236328125,
      "std": 1357.544189453125,
      "variance": 1842926.125,
      "count": 320544
    },
    "nmae": {
      "mean": 0.49516311287879944,
      "std": 0.47881442308425903,
      "variance": 0.22926326096057892,
      "count": 320544
    },
    "relative_mse": {
      "mean": 0.08146238327026367,
      "std": 0.605528712272644,
      "variance": 0.3666650354862213,
      "count": 320544
    }
  }
}