{
  "test1": {
    "mse": {
      "mean": 15.164387702941895,
      "std": 67.23678588867188,
      "variance": 4520.78515625,
      "count": 1127496
    },
    "nmse": {
      "mean": 1.116352915763855,
      "std": 9.5923490524292,
      "variance": 92.01316833496094,
      "count": 1127496
    },
    "mae": {
      "mean": 2.2247977256774902,
      "std": 3.1960384845733643,
      "variance": 10.214662551879883,
      "count": 1127496
    },
    "nmae": {
      "mean": 0.44463634490966797,
      "std": 0.9584630727767944,
      "variance": 0.9186514616012573,
      "count": 1127496
    },
    "relative_mse": {
      "mean": 4.612130641937256,
      "std": 46.72874450683594,
      "variance": 2183.57568359375,
      "count": 1127496
    }
  },
  "test2": {
    "mse": {
      "mean": 12.5135498046875,
      "std": 46.1556510925293,
      "variance": 2130.34423828125,
      "count": 289632
    },
    "nmse": {
      "mean": 1.0747567415237427,
      "std": 9.835918426513672,
      "variance": 96.74528503417969,
      "count": 289632
    },
    "mae": {
      "mean": 2.1222667694091797,
      "std": 2.8301117420196533,
      "variance": 8.009532928466797,
      "count": 289632
    },
    "nmae": {
      "mean": 0.4437953233718872,
      "std": 0.9369110465049744,
      "variance": 0.8778023719787598,
      "count": 289632
    },
    "relative_mse": {
      "mean": 4.436490058898926,
      "std": 50.575870513916016,
      "variance": 2557.918701171875,
      "count": 289632
    }
  }
}