{
  "test1": {
    "mse": {
      "mean": 17.743452072143555,
      "std": 73.33609008789062,
      "variance": 5378.181640625,
      "count": 1127496
    },
    "nmse": {
      "mean": 1.2866206169128418,
      "std": 10.602453231811523,
      "variance": 112.41202545166016,
      "count": 1127496
    },
    "mae": {
      "mean": 2.5377113819122314,
      "std": 3.3620638847351074,
      "variance": 11.303473472595215,
      "count": 1127496
    },
    "nmae": {
      "mean": 0.4997078776359558,
      "std": 1.0182890892028809,
      "variance": 1.0369126796722412,
      "count": 1127496
    },
    "relative_mse": {
      "mean": 5.334871292114258,
      "std": 52.054115295410156,
      "variance": 2709.631103515625,
      "count": 1127496
    }
  },
  "test2": {
    "mse": {
      "mean": 14.647134780883789,
      "std": 50.077415466308594,
      "variance": 2507.74755859375,
      "count": 289632
    },
    "nmse": {
      "mean": 1.2445275783538818,
      "std": 10.854069709777832,
      "variance": 117.81083679199219,
      "count": 289632
    },
    "mae": {
      "mean": 2.419220447540283,
      "std": 2.9655537605285645,
      "variance": 8.794508934020996,
      "count": 289632
    },
    "nmae": {
      "mean": 0.49952182173728943,
      "std": 0.9974995851516724,
      "variance": 0.9950054883956909,
      "count": 289632
    },
    "relative_mse": {
      "mean": 5.1466169357299805,
      "std": 55.710697174072266,
      "variance": 3103.681640625,
      "count": 289632
    }
  }
}