{
  "test1": {
    "mse": {
      "mean": 0.0007830268586985767,
      "std": 0.004677918273955584,
      "variance": 2.188291728089098e-05,
      "count": 1852032
    },
    "nmse": {
      "mean": 0.28008440136909485,
      "std": 2.319639205932617,
      "variance": 5.380726337432861,
      "count": 1852032
    },
    "mae": {
      "mean": 0.012624991126358509,
      "std": 0.024972714483737946,
      "variance": 0.0006236364133656025,
      "count": 1852032
    },
    "nmae": {
      "mean": 0.2567463517189026,
      "std": 0.4627803862094879,
      "variance": 0.21416568756103516,
      "count": 1852032
    },
    "relative_mse": {
      "mean": 0.20291577279567719,
      "std": 1.7034001350402832,
      "variance": 2.9015719890594482,
      "count": 1852032
    }
  },
  "test2": {
    "mse": {
      "mean": 0.0008084594737738371,
      "std": 0.00495010195299983,
      "variance": 2.450350802973844e-05,
      "count": 465024
    },
    "nmse": {
      "mean": 0.3099069595336914,
      "std": 3.9994375705718994,
      "variance": 15.995500564575195,
      "count": 465024
    },
    "mae": {
      "mean": 0.012749104760587215,
      "std": 0.025414953008294106,
      "variance": 0.0006459198193624616,
      "count": 465024
    },
    "nmae": {
      "mean": 0.26086366176605225,
      "std": 0.49178969860076904,
      "variance": 0.24185711145401,
      "count": 465024
    },
    "relative_mse": {
      "mean": 0.2162686437368393,
      "std": 2.0124447345733643,
      "variance": 4.049933910369873,
      "count": 465024
    }
  }
}