{
  "test1": {
    "mse": {
      "mean": 362314112.0,
      "std": 7499257856.0,
      "variance": 5.623886747255649e+19,
      "count": 1254960
    },
    "nmse": {
      "mean": 70.15653228759766,
      "std": 748.357421875,
      "variance": 560038.875,
      "count": 1254960
    },
    "mae": {
      "mean": 3071.11669921875,
      "std": 18785.1640625,
      "variance": 352882368.0,
      "count": 1254960
    },
    "nmae": {
      "mean": 4.614424228668213,
      "std": 6.990251541137695,
      "variance": 48.86361312866211,
      "count": 1254960
    },
    "relative_mse": {
      "mean": 1.3658607006072998,
      "std": 2.3326566219329834,
      "variance": 5.441287040710449,
      "count": 1254960
    }
  },
  "test2": {
    "mse": {
      "mean": 6532055.0,
      "std": 24340762.0,
      "variance": 592472753307648.0,
      "count": 317520
    },
    "nmse": {
      "mean": 20.53043556213379,
      "std": 95.1174087524414,
      "variance": 9047.3212890625,
      "count": 317520
    },
    "mae": {
      "mean": 1307.97314453125,
      "std": 2195.737060546875,
      "variance": 4821261.0,
      "count": 317520
    },
    "nmae": {
      "mean": 3.7276084423065186,
      "std": 2.5759212970733643,
      "variance": 6.63537073135376,
      "count": 317520
    },
    "relative_mse": {
      "mean": 1.3387649059295654,
      "std": 2.345444917678833,
      "variance": 5.5011115074157715,
      "count": 317520
    }
  }
}