{
  "test1": {
    "mse": {
      "mean": 11.534028053283691,
      "std": 51.84406280517578,
      "variance": 2687.80712890625,
      "count": 1090872
    },
    "nmse": {
      "mean": 0.24785646796226501,
      "std": 1.511749267578125,
      "variance": 2.285385847091675,
      "count": 1090872
    },
    "mae": {
      "mean": 1.7988141775131226,
      "std": 2.88067626953125,
      "variance": 8.298295021057129,
      "count": 1090872
    },
    "nmae": {
      "mean": 0.2503204643726349,
      "std": 0.43034419417381287,
      "variance": 0.1851961314678192,
      "count": 1090872
    },
    "relative_mse": {
      "mean": 0.9183312654495239,
      "std": 6.349982261657715,
      "variance": 40.32227325439453,
      "count": 1090872
    }
  },
  "test2": {
    "mse": {
      "mean": 12.765313148498535,
      "std": 59.370147705078125,
      "variance": 3524.814208984375,
      "count": 280224
    },
    "nmse": {
      "mean": 0.2597385346889496,
      "std": 1.7377582788467407,
      "variance": 3.019803762435913,
      "count": 280224
    },
    "mae": {
      "mean": 1.8841569423675537,
      "std": 3.035665512084961,
      "variance": 9.215265274047852,
      "count": 280224
    },
    "nmae": {
      "mean": 0.25193238258361816,
      "std": 0.44302213191986084,
      "variance": 0.19626860320568085,
      "count": 280224
    },
    "relative_mse": {
      "mean": 0.9555125832557678,
      "std": 7.019619464874268,
      "variance": 49.27505874633789,
      "count": 280224
    }
  },
  "valid1": {
    "mse": {
      "mean": 10.866275787353516
    },
    "nmse": {
      "mean": 0.1306256353855133
    },
    "mae": {
      "mean": 1.785766363143921
    },
    "nmae": {
      "mean": 0.20763836801052094
    },
    "relative_mse": {
      "mean": 0.29535773396492004
    }
  },
  "valid2": {
    "mse": {
      "mean": 11.334948539733887
    },
    "nmse": {
      "mean": 0.12987665832042694
    },
    "mae": {
      "mean": 1.8327845335006714
    },
    "nmae": {
      "mean": 0.20655222237110138
    },
    "relative_mse": {
      "mean": 0.29450929164886475
    }
  }
}