{
  "test1": {
    "mse": {
      "mean": 13.292229652404785,
      "std": 70.21855163574219,
      "variance": 4930.6455078125,
      "count": 1127496
    },
    "nmse": {
      "mean": 0.6803626418113708,
      "std": 6.2562994956970215,
      "variance": 39.14128112792969,
      "count": 1127496
    },
    "mae": {
      "mean": 1.9196109771728516,
      "std": 3.0995683670043945,
      "variance": 9.60732364654541,
      "count": 1127496
    },
    "nmae": {
      "mean": 0.344835489988327,
      "std": 0.7493004202842712,
      "variance": 0.5614510774612427,
      "count": 1127496
    },
    "relative_mse": {
      "mean": 2.7443885803222656,
      "std": 29.210582733154297,
      "variance": 853.2581176757812,
      "count": 1127496
    }
  },
  "test2": {
    "mse": {
      "mean": 10.206571578979492,
      "std": 43.436248779296875,
      "variance": 1886.707763671875,
      "count": 289632
    },
    "nmse": {
      "mean": 0.6315945982933044,
      "std": 5.324361801147461,
      "variance": 28.34882926940918,
      "count": 289632
    },
    "mae": {
      "mean": 1.8098918199539185,
      "std": 2.63265323638916,
      "variance": 6.930863380432129,
      "count": 289632
    },
    "nmae": {
      "mean": 0.3458595871925354,
      "std": 0.7155247926712036,
      "variance": 0.5119757056236267,
      "count": 289632
    },
    "relative_mse": {
      "mean": 2.5826938152313232,
      "std": 26.775800704956055,
      "variance": 716.9435424804688,
      "count": 289632
    }
  }
}