{
  "test1": {
    "mse": {
      "mean": 12.024080276489258,
      "std": 58.91238784790039,
      "variance": 3470.66943359375,
      "count": 1127496
    },
    "nmse": {
      "mean": 0.6450455188751221,
      "std": 5.654442310333252,
      "variance": 31.972715377807617,
      "count": 1127496
    },
    "mae": {
      "mean": 1.8853082656860352,
      "std": 2.910273551940918,
      "variance": 8.46969223022461,
      "count": 1127496
    },
    "nmae": {
      "mean": 0.34543371200561523,
      "std": 0.7250662446022034,
      "variance": 0.5257210731506348,
      "count": 1127496
    },
    "relative_mse": {
      "mean": 2.5729246139526367,
      "std": 25.59743881225586,
      "variance": 655.2288818359375,
      "count": 1127496
    }
  },
  "test2": {
    "mse": {
      "mean": 12.814427375793457,
      "std": 56.95147705078125,
      "variance": 3243.470947265625,
      "count": 289632
    },
    "nmse": {
      "mean": 0.6460505723953247,
      "std": 5.340737819671631,
      "variance": 28.52347755432129,
      "count": 289632
    },
    "mae": {
      "mean": 1.9755421876907349,
      "std": 2.9852404594421387,
      "variance": 8.911660194396973,
      "count": 289632
    },
    "nmae": {
      "mean": 0.3479578197002411,
      "std": 0.7245522141456604,
      "variance": 0.5249759554862976,
      "count": 289632
    },
    "relative_mse": {
      "mean": 2.566666603088379,
      "std": 24.259366989135742,
      "variance": 588.516845703125,
      "count": 289632
    }
  }
}