{
  "test1": {
    "mse": {
      "mean": 264955.625,
      "std": 9451262.0,
      "variance": 89326360723456.0,
      "count": 1254960
    },
    "nmse": {
      "mean": 0.5062035322189331,
      "std": 22.54986572265625,
      "variance": 508.4964294433594,
      "count": 1254960
    },
    "mae": {
      "mean": 148.61691284179688,
      "std": 492.8170471191406,
      "variance": 242868.640625,
      "count": 1254960
    },
    "nmae": {
      "mean": 0.32896456122398376,
      "std": 0.6308611631393433,
      "variance": 0.3979858458042145,
      "count": 1254960
    },
    "relative_mse": {
      "mean": 0.05448436364531517,
      "std": 1.0231684446334839,
      "variance": 1.046873688697815,
      "count": 1254960
    }
  },
  "test2": {
    "mse": {
      "mean": 36668272.0,
      "std": 828715968.0,
      "variance": 6.86770218432725e+17,
      "count": 317520
    },
    "nmse": {
      "mean": 0.3010804057121277,
      "std": 3.2900657653808594,
      "variance": 10.824533462524414,
      "count": 317520
    },
    "mae": {
      "mean": 640.413818359375,
      "std": 6021.4736328125,
      "variance": 36258144.0,
      "count": 317520
    },
    "nmae": {
      "mean": 0.3320496082305908,
      "std": 0.4368334710597992,
      "variance": 0.190823495388031,
      "count": 317520
    },
    "relative_mse": {
      "mean": 0.039935264736413956,
      "std": 0.47546541690826416,
      "variance": 0.22606736421585083,
      "count": 317520
    }
  }
}