{
  "test1": {
    "mse": {
      "mean": 0.0007852392154745758,
      "std": 0.0046319179236888885,
      "variance": 2.145466351066716e-05,
      "count": 1852032
    },
    "nmse": {
      "mean": 0.2913883924484253,
      "std": 2.8878626823425293,
      "variance": 8.339751243591309,
      "count": 1852032
    },
    "mae": {
      "mean": 0.012689957395195961,
      "std": 0.024984078481793404,
      "variance": 0.0006242042290978134,
      "count": 1852032
    },
    "nmae": {
      "mean": 0.2590794563293457,
      "std": 0.47356757521629333,
      "variance": 0.22426624596118927,
      "count": 1852032
    },
    "relative_mse": {
      "mean": 0.2073943018913269,
      "std": 1.8456541299819946,
      "variance": 3.4064393043518066,
      "count": 1852032
    }
  },
  "test2": {
    "mse": {
      "mean": 0.000806119292974472,
      "std": 0.005090462509542704,
      "variance": 2.5912808268913068e-05,
      "count": 465024
    },
    "nmse": {
      "mean": 0.26629123091697693,
      "std": 2.089712142944336,
      "variance": 4.366896629333496,
      "count": 465024
    },
    "mae": {
      "mean": 0.012778569012880325,
      "std": 0.025354042649269104,
      "variance": 0.0006428274791687727,
      "count": 465024
    },
    "nmae": {
      "mean": 0.2565746605396271,
      "std": 0.44772836565971375,
      "variance": 0.20046068727970123,
      "count": 465024
    },
    "relative_mse": {
      "mean": 0.19935543835163116,
      "std": 1.3815046548843384,
      "variance": 1.9085551500320435,
      "count": 465024
    }
  }
}