{
  "test1": {
    "mse": {
      "mean": 10.932388305664062,
      "std": 51.099884033203125,
      "variance": 2611.1982421875,
      "count": 1127496
    },
    "nmse": {
      "mean": 0.7339520454406738,
      "std": 7.508208751678467,
      "variance": 56.373199462890625,
      "count": 1127496
    },
    "mae": {
      "mean": 1.7014825344085693,
      "std": 2.8350212574005127,
      "variance": 8.037345886230469,
      "count": 1127496
    },
    "nmae": {
      "mean": 0.3192461431026459,
      "std": 0.7950056195259094,
      "variance": 0.6320339441299438,
      "count": 1127496
    },
    "relative_mse": {
      "mean": 2.947171449661255,
      "std": 34.99527359008789,
      "variance": 1224.6690673828125,
      "count": 1127496
    }
  },
  "test2": {
    "mse": {
      "mean": 11.725663185119629,
      "std": 53.14778518676758,
      "variance": 2824.68701171875,
      "count": 289632
    },
    "nmse": {
      "mean": 0.6898339986801147,
      "std": 6.262993335723877,
      "variance": 39.22508239746094,
      "count": 289632
    },
    "mae": {
      "mean": 1.7793071269989014,
      "std": 2.925701379776001,
      "variance": 8.559728622436523,
      "count": 289632
    },
    "nmae": {
      "mean": 0.31882935762405396,
      "std": 0.7669301629066467,
      "variance": 0.5881818532943726,
      "count": 289632
    },
    "relative_mse": {
      "mean": 2.684502363204956,
      "std": 26.834705352783203,
      "variance": 720.1014404296875,
      "count": 289632
    }
  },
  "valid1": {
    "mse": {
      "mean": 11.019369125366211
    },
    "nmse": {
      "mean": 0.1925903707742691
    },
    "mae": {
      "mean": 1.7410788536071777
    },
    "nmae": {
      "mean": 0.22199982404708862
    },
    "relative_mse": {
      "mean": 0.40958577394485474
    }
  },
  "valid2": {
    "mse": {
      "mean": 11.406828880310059
    },
    "nmse": {
      "mean": 0.19236227869987488
    },
    "mae": {
      "mean": 1.7891913652420044
    },
    "nmae": {
      "mean": 0.22085583209991455
    },
    "relative_mse": {
      "mean": 0.40690889954566956
    }
  }
}