{
  "test1": {
    "mse": {
      "mean": 0.0008079352555796504,
      "std": 0.004813147708773613,
      "variance": 2.3166390747064725e-05,
      "count": 1852032
    },
    "nmse": {
      "mean": 0.28258129954338074,
      "std": 2.4103875160217285,
      "variance": 5.809967994689941,
      "count": 1852032
    },
    "mae": {
      "mean": 0.013002968393266201,
      "std": 0.025275640189647675,
      "variance": 0.0006388580077327788,
      "count": 1852032
    },
    "nmae": {
      "mean": 0.2627420425415039,
      "std": 0.4621124267578125,
      "variance": 0.21354788541793823,
      "count": 1852032
    },
    "relative_mse": {
      "mean": 0.20345312356948853,
      "std": 1.6298080682754517,
      "variance": 2.6562743186950684,
      "count": 1852032
    }
  },
  "test2": {
    "mse": {
      "mean": 0.0007264002342708409,
      "std": 0.004290209151804447,
      "variance": 1.8405895389150828e-05,
      "count": 465024
    },
    "nmse": {
      "mean": 0.31201356649398804,
      "std": 3.786067008972168,
      "variance": 14.33430290222168,
      "count": 465024
    },
    "mae": {
      "mean": 0.012405614368617535,
      "std": 0.02392699383199215,
      "variance": 0.0005725009832531214,
      "count": 465024
    },
    "nmae": {
      "mean": 0.2650555670261383,
      "std": 0.491690069437027,
      "variance": 0.24175910651683807,
      "count": 465024
    },
    "relative_mse": {
      "mean": 0.22132499516010284,
      "std": 2.243360757827759,
      "variance": 5.032667636871338,
      "count": 465024
    }
  }
}