{
  "test1": {
    "mse": {
      "mean": 0.0007795197889208794,
      "std": 0.004596874117851257,
      "variance": 2.1131252651684918e-05,
      "count": 2295168
    },
    "nmse": {
      "mean": 0.3286859095096588,
      "std": 7.5002760887146,
      "variance": 56.25414276123047,
      "count": 2295168
    },
    "mae": {
      "mean": 0.012873989529907703,
      "std": 0.024774588644504547,
      "variance": 0.0006137802265584469,
      "count": 2295168
    },
    "nmae": {
      "mean": 0.27011269330978394,
      "std": 0.5056926012039185,
      "variance": 0.2557249963283539,
      "count": 2295168
    },
    "relative_mse": {
      "mean": 1.0804238319396973,
      "std": 264.9908752441406,
      "variance": 70220.1640625,
      "count": 2295168
    }
  },
  "test2": {
    "mse": {
      "mean": 0.0007905227830633521,
      "std": 0.004679857287555933,
      "variance": 2.1901065338170156e-05,
      "count": 573792
    },
    "nmse": {
      "mean": 0.3056168556213379,
      "std": 2.8867955207824707,
      "variance": 8.333588600158691,
      "count": 573792
    },
    "mae": {
      "mean": 0.013029596768319607,
      "std": 0.024914901703596115,
      "variance": 0.000620752340182662,
      "count": 573792
    },
    "nmae": {
      "mean": 0.26963597536087036,
      "std": 0.48261088132858276,
      "variance": 0.23291327059268951,
      "count": 573792
    },
    "relative_mse": {
      "mean": 0.5058830380439758,
      "std": 29.79396629333496,
      "variance": 887.6804809570312,
      "count": 573792
    }
  },
  "valid1": {
    "mse": {
      "mean": 0.0006061092717573047
    },
    "nmse": {
      "mean": 0.2804928123950958
    },
    "mae": {
      "mean": 0.010928014293313026
    },
    "nmae": {
      "mean": 0.23917096853256226
    },
    "relative_mse": {
      "mean": 0.17549456655979156
    }
  },
  "valid2": {
    "mse": {
      "mean": 0.0006208608392626047
    },
    "nmse": {
      "mean": 0.2508380711078644
    },
    "mae": {
      "mean": 0.010997714474797249
    },
    "nmae": {
      "mean": 0.23635061085224152
    },
    "relative_mse": {
      "mean": 0.15632741153240204
    }
  }
}