{
  "test1": {
    "mse": {
      "mean": 0.0009245590190403163,
      "std": 0.004518920090049505,
      "variance": 2.0420637156348675e-05,
      "count": 2298504
    },
    "nmse": {
      "mean": 0.37381571531295776,
      "std": 6.385217666625977,
      "variance": 40.7710075378418,
      "count": 2298504
    },
    "mae": {
      "mean": 0.015885455533862114,
      "std": 0.025927038863301277,
      "variance": 0.0006722113466821611,
      "count": 2298504
    },
    "nmae": {
      "mean": 0.3320602774620056,
      "std": 0.5133728981018066,
      "variance": 0.2635517120361328,
      "count": 2298504
    },
    "relative_mse": {
      "mean": 0.8468924164772034,
      "std": 209.201416015625,
      "variance": 43765.234375,
      "count": 2298504
    }
  },
  "test2": {
    "mse": {
      "mean": 0.0009720331290736794,
      "std": 0.005063510499894619,
      "variance": 2.563913949416019e-05,
      "count": 577128
    },
    "nmse": {
      "mean": 0.3639708459377289,
      "std": 8.123603820800781,
      "variance": 65.9929428100586,
      "count": 577128
    },
    "mae": {
      "mean": 0.01613677479326725,
      "std": 0.026676537469029427,
      "variance": 0.0007116376655176282,
      "count": 577128
    },
    "nmae": {
      "mean": 0.32939448952674866,
      "std": 0.5054404735565186,
      "variance": 0.2554700970649719,
      "count": 577128
    },
    "relative_mse": {
      "mean": 1.578819751739502,
      "std": 319.2342224121094,
      "variance": 101910.484375,
      "count": 577128
    }
  }
}