{
  "test1": {
    "mse": {
      "mean": 362521728.0,
      "std": 7506979328.0,
      "variance": 5.635474280398455e+19,
      "count": 1254960
    },
    "nmse": {
      "mean": 58.22161102294922,
      "std": 645.3683471679688,
      "variance": 416500.28125,
      "count": 1254960
    },
    "mae": {
      "mean": 3059.035888671875,
      "std": 18792.658203125,
      "variance": 353164032.0,
      "count": 1254960
    },
    "nmae": {
      "mean": 4.357598304748535,
      "std": 6.263621807098389,
      "variance": 39.23295593261719,
      "count": 1254960
    },
    "relative_mse": {
      "mean": 1.3293263912200928,
      "std": 2.3614017963409424,
      "variance": 5.576218605041504,
      "count": 1254960
    }
  },
  "test2": {
    "mse": {
      "mean": 7168666.0,
      "std": 26123170.0,
      "variance": 682420038795264.0,
      "count": 317520
    },
    "nmse": {
      "mean": 49.32683181762695,
      "std": 376.3488464355469,
      "variance": 141638.453125,
      "count": 317520
    },
    "mae": {
      "mean": 1344.15966796875,
      "std": 2315.578125,
      "variance": 5361901.5,
      "count": 317520
    },
    "nmae": {
      "mean": 4.407919883728027,
      "std": 5.4678215980529785,
      "variance": 29.897071838378906,
      "count": 317520
    },
    "relative_mse": {
      "mean": 1.2590324878692627,
      "std": 1.334001064300537,
      "variance": 1.7795588970184326,
      "count": 317520
    }
  }
}