{
  "test1": {
    "mse": {
      "mean": 0.000853865931276232,
      "std": 0.004514625295996666,
      "variance": 2.038184175034985e-05,
      "count": 2067000
    },
    "nmse": {
      "mean": 0.2872224748134613,
      "std": 2.344696283340454,
      "variance": 5.49760103225708,
      "count": 2067000
    },
    "mae": {
      "mean": 0.015016929246485233,
      "std": 0.02506706677377224,
      "variance": 0.0006283578113652766,
      "count": 2067000
    },
    "nmae": {
      "mean": 0.29707369208335876,
      "std": 0.4460602104663849,
      "variance": 0.19896970689296722,
      "count": 2067000
    },
    "relative_mse": {
      "mean": 0.21747344732284546,
      "std": 2.7454731464385986,
      "variance": 7.537623405456543,
      "count": 2067000
    }
  },
  "test2": {
    "mse": {
      "mean": 0.0007728358032181859,
      "std": 0.0040375529788434505,
      "variance": 1.630183578527067e-05,
      "count": 519000
    },
    "nmse": {
      "mean": 0.3116248548030853,
      "std": 3.7399022579193115,
      "variance": 13.986868858337402,
      "count": 519000
    },
    "mae": {
      "mean": 0.014380178414285183,
      "std": 0.023791726678609848,
      "variance": 0.0005660462193191051,
      "count": 519000
    },
    "nmae": {
      "mean": 0.30014005303382874,
      "std": 0.47068122029304504,
      "variance": 0.22154080867767334,
      "count": 519000
    },
    "relative_mse": {
      "mean": 0.2306787669658661,
      "std": 1.9019216299057007,
      "variance": 3.6173057556152344,
      "count": 519000
    }
  }
}