{
  "test1": {
    "mse": {
      "mean": 229503.453125,
      "std": 9394649.0,
      "variance": 88259422060544.0,
      "count": 1254960
    },
    "nmse": {
      "mean": 0.539419412612915,
      "std": 22.58269500732422,
      "variance": 509.9781494140625,
      "count": 1254960
    },
    "mae": {
      "mean": 134.6346435546875,
      "std": 459.75750732421875,
      "variance": 211376.96875,
      "count": 1254960
    },
    "nmae": {
      "mean": 0.3521201014518738,
      "std": 0.6445392370223999,
      "variance": 0.41543087363243103,
      "count": 1254960
    },
    "relative_mse": {
      "mean": 0.05769644305109978,
      "std": 0.9228112697601318,
      "variance": 0.8515806794166565,
      "count": 1254960
    }
  },
  "test2": {
    "mse": {
      "mean": 36368916.0,
      "std": 791376192.0,
      "variance": 6.26276256903594e+17,
      "count": 317520
    },
    "nmse": {
      "mean": 0.2697700560092926,
      "std": 4.644275665283203,
      "variance": 21.569297790527344,
      "count": 317520
    },
    "mae": {
      "mean": 744.8386840820312,
      "std": 5984.49072265625,
      "variance": 35814132.0,
      "count": 317520
    },
    "nmae": {
      "mean": 0.3254045248031616,
      "std": 0.404823362827301,
      "variance": 0.16388195753097534,
      "count": 317520
    },
    "relative_mse": {
      "mean": 0.057139866054058075,
      "std": 1.3185206651687622,
      "variance": 1.7384968996047974,
      "count": 317520
    }
  }
}