{
  "test1": {
    "mse": {
      "mean": 0.0009084307821467519,
      "std": 0.005393607541918755,
      "variance": 2.9091001124470495e-05,
      "count": 2199288
    },
    "nmse": {
      "mean": 0.3818552494049072,
      "std": 8.19275951385498,
      "variance": 67.12130737304688,
      "count": 2199288
    },
    "mae": {
      "mean": 0.01357914600521326,
      "std": 0.026907945051789284,
      "variance": 0.0007240375271067023,
      "count": 2199288
    },
    "nmae": {
      "mean": 0.2867042124271393,
      "std": 0.547408401966095,
      "variance": 0.299655944108963,
      "count": 2199288
    },
    "relative_mse": {
      "mean": 0.25295719504356384,
      "std": 4.04836368560791,
      "variance": 16.38924789428711,
      "count": 2199288
    }
  },
  "test2": {
    "mse": {
      "mean": 0.0008393065654672682,
      "std": 0.004663535859435797,
      "variance": 2.1748566723545082e-05,
      "count": 552216
    },
    "nmse": {
      "mean": 0.32731911540031433,
      "std": 2.6975815296173096,
      "variance": 7.276946067810059,
      "count": 552216
    },
    "mae": {
      "mean": 0.013402017764747143,
      "std": 0.025684479624032974,
      "variance": 0.0006596925086341798,
      "count": 552216
    },
    "nmae": {
      "mean": 0.27930766344070435,
      "std": 0.4993058443069458,
      "variance": 0.249306321144104,
      "count": 552216
    },
    "relative_mse": {
      "mean": 0.22261236608028412,
      "std": 1.7167209386825562,
      "variance": 2.9471309185028076,
      "count": 552216
    }
  }
}