{
  "test1": {
    "mse": {
      "mean": 0.32678723335266113,
      "std": 0.5847288370132446,
      "variance": 0.341907799243927,
      "count": 1736280
    },
    "nmse": {
      "mean": 97.4826431274414,
      "std": 97.4254150390625,
      "variance": 9491.7119140625,
      "count": 1736280
    },
    "mae": {
      "mean": 0.443413645029068,
      "std": 0.36079299449920654,
      "variance": 0.13017159700393677,
      "count": 1736280
    },
    "nmae": {
      "mean": 8.673528671264648,
      "std": 4.717260360717773,
      "variance": 22.252544403076172,
      "count": 1736280
    },
    "relative_mse": {
      "mean": 77.6223373413086,
      "std": 121.10719299316406,
      "variance": 14666.951171875,
      "count": 1736280
    }
  },
  "test2": {
    "mse": {
      "mean": 0.3371830880641937,
      "std": 0.5805320739746094,
      "variance": 0.3370174765586853,
      "count": 435960
    },
    "nmse": {
      "mean": 108.65400695800781,
      "std": 140.63671875,
      "variance": 19778.6875,
      "count": 435960
    },
    "mae": {
      "mean": 0.44680532813072205,
      "std": 0.3708747625350952,
      "variance": 0.13754808902740479,
      "count": 435960
    },
    "nmae": {
      "mean": 8.91319465637207,
      "std": 5.404531955718994,
      "variance": 29.20896339416504,
      "count": 435960
    },
    "relative_mse": {
      "mean": 88.99381256103516,
      "std": 185.00404357910156,
      "variance": 34226.49609375,
      "count": 435960
    }
  }
}