{
  "test1": {
    "mse": {
      "mean": 0.0008191087981685996,
      "std": 0.0048918952234089375,
      "variance": 2.3930639144964516e-05,
      "count": 1736280
    },
    "nmse": {
      "mean": 0.3291575014591217,
      "std": 3.419025182723999,
      "variance": 11.689733505249023,
      "count": 1736280
    },
    "mae": {
      "mean": 0.01310174260288477,
      "std": 0.025445101782679558,
      "variance": 0.000647453183773905,
      "count": 1736280
    },
    "nmae": {
      "mean": 0.274554967880249,
      "std": 0.5037629008293152,
      "variance": 0.25377708673477173,
      "count": 1736280
    },
    "relative_mse": {
      "mean": 0.2322220802307129,
      "std": 3.7275102138519287,
      "variance": 13.894331932067871,
      "count": 1736280
    }
  },
  "test2": {
    "mse": {
      "mean": 0.0007777491118758917,
      "std": 0.004314287565648556,
      "variance": 1.86130782822147e-05,
      "count": 435960
    },
    "nmse": {
      "mean": 0.29139822721481323,
      "std": 2.0297484397888184,
      "variance": 4.119879245758057,
      "count": 435960
    },
    "mae": {
      "mean": 0.013160530477762222,
      "std": 0.024587590247392654,
      "variance": 0.0006045495974831283,
      "count": 435960
    },
    "nmae": {
      "mean": 0.2726318836212158,
      "std": 0.4659078121185303,
      "variance": 0.217070072889328,
      "count": 435960
    },
    "relative_mse": {
      "mean": 0.19514799118041992,
      "std": 1.2755476236343384,
      "variance": 1.6270216703414917,
      "count": 435960
    }
  }
}