{
  "test1": {
    "mse": {
      "mean": 0.0008000016096048057,
      "std": 0.00482527632266283,
      "variance": 2.3283291739062406e-05,
      "count": 1733760
    },
    "nmse": {
      "mean": 0.3252680003643036,
      "std": 3.376634120941162,
      "variance": 11.401658058166504,
      "count": 1733760
    },
    "mae": {
      "mean": 0.012912211939692497,
      "std": 0.025164984166622162,
      "variance": 0.0006332764169201255,
      "count": 1733760
    },
    "nmae": {
      "mean": 0.27359816431999207,
      "std": 0.500411868095398,
      "variance": 0.2504120171070099,
      "count": 1733760
    },
    "relative_mse": {
      "mean": 0.2324286699295044,
      "std": 3.729640007019043,
      "variance": 13.9102144241333,
      "count": 1733760
    }
  },
  "test2": {
    "mse": {
      "mean": 0.0008756607421673834,
      "std": 0.004650604445487261,
      "variance": 2.162812052119989e-05,
      "count": 433440
    },
    "nmse": {
      "mean": 0.31083765625953674,
      "std": 2.289425849914551,
      "variance": 5.241470813751221,
      "count": 433440
    },
    "mae": {
      "mean": 0.014350760728120804,
      "std": 0.02587887831032276,
      "variance": 0.0006697163335047662,
      "count": 433440
    },
    "nmae": {
      "mean": 0.2846125662326813,
      "std": 0.4794093668460846,
      "variance": 0.22983333468437195,
      "count": 433440
    },
    "relative_mse": {
      "mean": 0.1963968425989151,
      "std": 1.2447283267974854,
      "variance": 1.5493487119674683,
      "count": 433440
    }
  },
  "valid1": {
    "mse": {
      "mean": 0.0006221000803634524
    },
    "nmse": {
      "mean": 0.3571960926055908
    },
    "mae": {
      "mean": 0.010651280172169209
    },
    "nmae": {
      "mean": 0.23686037957668304
    },
    "relative_mse": {
      "mean": 0.20591501891613007
    }
  },
  "valid2": {
    "mse": {
      "mean": 0.000680650002323091
    },
    "nmse": {
      "mean": 0.2840091288089752
    },
    "mae": {
      "mean": 0.011867408640682697
    },
    "nmae": {
      "mean": 0.2461346685886383
    },
    "relative_mse": {
      "mean": 0.1625628024339676
    }
  }
}