{
  "test1": {
    "mse": {
      "mean": 209258.5625,
      "std": 2863601.0,
      "variance": 8200210350080.0,
      "count": 1129464
    },
    "nmse": {
      "mean": 0.39186176657676697,
      "std": 7.729177951812744,
      "variance": 59.74019241333008,
      "count": 1129464
    },
    "mae": {
      "mean": 143.0889892578125,
      "std": 434.4929504394531,
      "variance": 188784.109375,
      "count": 1129464
    },
    "nmae": {
      "mean": 0.36709973216056824,
      "std": 0.5070497989654541,
      "variance": 0.2570995092391968,
      "count": 1129464
    },
    "relative_mse": {
      "mean": 0.07310411334037781,
      "std": 1.1213231086730957,
      "variance": 1.2573655843734741,
      "count": 1129464
    }
  },
  "test2": {
    "mse": {
      "mean": 51926916.0,
      "std": 877286208.0,
      "variance": 7.69631063969366e+17,
      "count": 285768
    },
    "nmse": {
      "mean": 0.25661706924438477,
      "std": 0.676768958568573,
      "variance": 0.4580162465572357,
      "count": 285768
    },
    "mae": {
      "mean": 895.9969482421875,
      "std": 7150.1123046875,
      "variance": 51124104.0,
      "count": 285768
    },
    "nmae": {
      "mean": 0.34447869658470154,
      "std": 0.37141820788383484,
      "variance": 0.13795149326324463,
      "count": 285768
    },
    "relative_mse": {
      "mean": 0.037807267159223557,
      "std": 0.1843620389699936,
      "variance": 0.03398936241865158,
      "count": 285768
    }
  }
}