{
  "test1": {
    "mse": {
      "mean": 13994828.0,
      "std": 465483744.0,
      "variance": 2.1667512148872397e+17,
      "count": 1129464
    },
    "nmse": {
      "mean": 0.30844664573669434,
      "std": 6.946349620819092,
      "variance": 48.251773834228516,
      "count": 1129464
    },
    "mae": {
      "mean": 330.0628356933594,
      "std": 3726.377197265625,
      "variance": 13885886.0,
      "count": 1129464
    },
    "nmae": {
      "mean": 0.3457385003566742,
      "std": 0.43463948369026184,
      "variance": 0.18891148269176483,
      "count": 1129464
    },
    "relative_mse": {
      "mean": 0.05800529941916466,
      "std": 0.7953733205795288,
      "variance": 0.6326187252998352,
      "count": 1129464
    }
  },
  "test2": {
    "mse": {
      "mean": 224135.4375,
      "std": 2076747.0,
      "variance": 4312877760512.0,
      "count": 285768
    },
    "nmse": {
      "mean": 0.43299195170402527,
      "std": 6.857405185699463,
      "variance": 47.02400207519531,
      "count": 285768
    },
    "mae": {
      "mean": 152.2799530029297,
      "std": 448.2702941894531,
      "variance": 200946.25,
      "count": 285768
    },
    "nmae": {
      "mean": 0.3424513041973114,
      "std": 0.5618888139724731,
      "variance": 0.3157190680503845,
      "count": 285768
    },
    "relative_mse": {
      "mean": 0.04462934657931328,
      "std": 0.644622266292572,
      "variance": 0.41553789377212524,
      "count": 285768
    }
  }
}