{
  "test1": {
    "mse": {
      "mean": 16.145856857299805,
      "std": 70.57689666748047,
      "variance": 4981.0986328125,
      "count": 1127496
    },
    "nmse": {
      "mean": 1.1717543601989746,
      "std": 11.311666488647461,
      "variance": 127.95379638671875,
      "count": 1127496
    },
    "mae": {
      "mean": 2.2920215129852295,
      "std": 3.3003780841827393,
      "variance": 10.892495155334473,
      "count": 1127496
    },
    "nmae": {
      "mean": 0.41644254326820374,
      "std": 0.9991645812988281,
      "variance": 0.9983298778533936,
      "count": 1127496
    },
    "relative_mse": {
      "mean": 4.801748275756836,
      "std": 54.662132263183594,
      "variance": 2987.948486328125,
      "count": 1127496
    }
  },
  "test2": {
    "mse": {
      "mean": 13.34199333190918,
      "std": 49.49588394165039,
      "variance": 2449.842529296875,
      "count": 289632
    },
    "nmse": {
      "mean": 1.1488540172576904,
      "std": 11.550019264221191,
      "variance": 133.4029541015625,
      "count": 289632
    },
    "mae": {
      "mean": 2.188537359237671,
      "std": 2.924431085586548,
      "variance": 8.552297592163086,
      "count": 289632
    },
    "nmae": {
      "mean": 0.4215802252292633,
      "std": 0.9854562878608704,
      "variance": 0.9711241126060486,
      "count": 289632
    },
    "relative_mse": {
      "mean": 4.698894500732422,
      "std": 58.95038604736328,
      "variance": 3475.14794921875,
      "count": 289632
    }
  }
}