{
  "test1": {
    "mse": {
      "mean": 13.760461807250977,
      "std": 63.34468078613281,
      "variance": 4012.548583984375,
      "count": 1127496
    },
    "nmse": {
      "mean": 0.9403445720672607,
      "std": 9.309894561767578,
      "variance": 86.67413330078125,
      "count": 1127496
    },
    "mae": {
      "mean": 1.9814820289611816,
      "std": 3.135951519012451,
      "variance": 9.83419132232666,
      "count": 1127496
    },
    "nmae": {
      "mean": 0.3612018823623657,
      "std": 0.8999320864677429,
      "variance": 0.8098777532577515,
      "count": 1127496
    },
    "relative_mse": {
      "mean": 3.779491901397705,
      "std": 43.35617446899414,
      "variance": 1879.7578125,
      "count": 1127496
    }
  },
  "test2": {
    "mse": {
      "mean": 11.276433944702148,
      "std": 43.7304801940918,
      "variance": 1912.35498046875,
      "count": 289632
    },
    "nmse": {
      "mean": 0.9098140001296997,
      "std": 9.303781509399414,
      "variance": 86.56035614013672,
      "count": 289632
    },
    "mae": {
      "mean": 1.8895630836486816,
      "std": 2.775965452194214,
      "variance": 7.705984592437744,
      "count": 289632
    },
    "nmae": {
      "mean": 0.36435577273368835,
      "std": 0.8815094828605652,
      "variance": 0.7770589590072632,
      "count": 289632
    },
    "relative_mse": {
      "mean": 3.667346477508545,
      "std": 46.8775634765625,
      "variance": 2197.506103515625,
      "count": 289632
    }
  }
}