{
  "test1": {
    "mse": {
      "mean": 16022719.0,
      "std": 120389040.0,
      "variance": 1.4493521759174656e+16,
      "count": 1129464
    },
    "nmse": {
      "mean": 571.3037719726562,
      "std": 9615.6435546875,
      "variance": 92460592.0,
      "count": 1129464
    },
    "mae": {
      "mean": 1650.621337890625,
      "std": 3646.6650390625,
      "variance": 13298166.0,
      "count": 1129464
    },
    "nmae": {
      "mean": 8.03381061553955,
      "std": 22.511367797851562,
      "variance": 506.7616882324219,
      "count": 1129464
    },
    "relative_mse": {
      "mean": 11.442275047302246,
      "std": 85.64735412597656,
      "variance": 7335.4697265625,
      "count": 1129464
    }
  },
  "test2": {
    "mse": {
      "mean": 1006937792.0,
      "std": 11633093632.0,
      "variance": 1.3532885871690252e+20,
      "count": 285768
    },
    "nmse": {
      "mean": 29.33946990966797,
      "std": 67.26580047607422,
      "variance": 4524.68798828125,
      "count": 285768
    },
    "mae": {
      "mean": 5498.99658203125,
      "std": 31252.181640625,
      "variance": 976698816.0,
      "count": 285768
    },
    "nmae": {
      "mean": 4.328916072845459,
      "std": 3.2557573318481445,
      "variance": 10.599955558776855,
      "count": 285768
    },
    "relative_mse": {
      "mean": 2.317394256591797,
      "std": 3.9645466804504395,
      "variance": 15.717630386352539,
      "count": 285768
    }
  }
}