{
  "test1": {
    "mse": {
      "mean": 8320308.5,
      "std": 310089248.0,
      "variance": 9.615534986572595e+16,
      "count": 1171296
    },
    "nmse": {
      "mean": 0.3864125609397888,
      "std": 6.666434288024902,
      "variance": 44.44134521484375,
      "count": 1171296
    },
    "mae": {
      "mean": 313.8487854003906,
      "std": 2867.369384765625,
      "variance": 8221807.5,
      "count": 1171296
    },
    "nmae": {
      "mean": 0.40075984597206116,
      "std": 0.4751884937286377,
      "variance": 0.22580412030220032,
      "count": 1171296
    },
    "relative_mse": {
      "mean": 0.06864184886217117,
      "std": 0.7088533043861389,
      "variance": 0.502472996711731,
      "count": 1171296
    }
  },
  "test2": {
    "mse": {
      "mean": 178352.640625,
      "std": 1406645.875,
      "variance": 1978652688384.0,
      "count": 296352
    },
    "nmse": {
      "mean": 0.42022550106048584,
      "std": 4.091881275177002,
      "variance": 16.743492126464844,
      "count": 296352
    },
    "mae": {
      "mean": 154.82427978515625,
      "std": 392.9148864746094,
      "variance": 154382.09375,
      "count": 296352
    },
    "nmae": {
      "mean": 0.40996280312538147,
      "std": 0.5021514296531677,
      "variance": 0.2521560490131378,
      "count": 296352
    },
    "relative_mse": {
      "mean": 0.09553027153015137,
      "std": 0.8573666214942932,
      "variance": 0.7350775599479675,
      "count": 296352
    }
  }
}