{
  "test1": {
    "mse": {
      "mean": 0.0008346280083060265,
      "std": 0.004943928215652704,
      "variance": 2.4442424546577968e-05,
      "count": 1736280
    },
    "nmse": {
      "mean": 0.3189212679862976,
      "std": 3.0096302032470703,
      "variance": 9.05787467956543,
      "count": 1736280
    },
    "mae": {
      "mean": 0.013373634777963161,
      "std": 0.025608083233237267,
      "variance": 0.0006557739106938243,
      "count": 1736280
    },
    "nmae": {
      "mean": 0.2756381332874298,
      "std": 0.4928944408893585,
      "variance": 0.24294491112232208,
      "count": 1736280
    },
    "relative_mse": {
      "mean": 0.22979076206684113,
      "std": 3.6258692741394043,
      "variance": 13.146926879882812,
      "count": 1736280
    }
  },
  "test2": {
    "mse": {
      "mean": 0.0007172260084189475,
      "std": 0.00404272461310029,
      "variance": 1.6343621609848924e-05,
      "count": 435960
    },
    "nmse": {
      "mean": 0.33390042185783386,
      "std": 3.8278863430023193,
      "variance": 14.652713775634766,
      "count": 435960
    },
    "mae": {
      "mean": 0.012513832189142704,
      "std": 0.023677626624703407,
      "variance": 0.000560629996471107,
      "count": 435960
    },
    "nmae": {
      "mean": 0.27897197008132935,
      "std": 0.5060386061668396,
      "variance": 0.25607505440711975,
      "count": 435960
    },
    "relative_mse": {
      "mean": 0.2055269479751587,
      "std": 1.8510375022888184,
      "variance": 3.426339626312256,
      "count": 435960
    }
  }
}