{
  "test1": {
    "mse": {
      "mean": 0.0008114889496937394,
      "std": 0.004848060663789511,
      "variance": 2.3503691409132443e-05,
      "count": 1733760
    },
    "nmse": {
      "mean": 0.32602399587631226,
      "std": 3.255206346511841,
      "variance": 10.596368789672852,
      "count": 1733760
    },
    "mae": {
      "mean": 0.01308342907577753,
      "std": 0.0253044031560421,
      "variance": 0.00064031285000965,
      "count": 1733760
    },
    "nmae": {
      "mean": 0.27541887760162354,
      "std": 0.5001683831214905,
      "variance": 0.25016841292381287,
      "count": 1733760
    },
    "relative_mse": {
      "mean": 0.2261507213115692,
      "std": 2.2147011756896973,
      "variance": 4.904901027679443,
      "count": 1733760
    }
  },
  "test2": {
    "mse": {
      "mean": 0.0008268434321507812,
      "std": 0.004566384479403496,
      "variance": 2.08518686122261e-05,
      "count": 433440
    },
    "nmse": {
      "mean": 0.30743518471717834,
      "std": 2.979532480239868,
      "variance": 8.87761402130127,
      "count": 433440
    },
    "mae": {
      "mean": 0.013606485910713673,
      "std": 0.025331934913992882,
      "variance": 0.0006417069816961884,
      "count": 433440
    },
    "nmae": {
      "mean": 0.27502328157424927,
      "std": 0.48145338892936707,
      "variance": 0.23179736733436584,
      "count": 433440
    },
    "relative_mse": {
      "mean": 0.22193413972854614,
      "std": 6.054634094238281,
      "variance": 36.65859603881836,
      "count": 433440
    }
  }
}