{
  "test1": {
    "mse": {
      "mean": 0.0008152037626132369,
      "std": 0.0048745665699243546,
      "variance": 2.3761398551869206e-05,
      "count": 1852032
    },
    "nmse": {
      "mean": 0.2847728431224823,
      "std": 2.5232789516448975,
      "variance": 6.366937160491943,
      "count": 1852032
    },
    "mae": {
      "mean": 0.01308020856231451,
      "std": 0.025379357859492302,
      "variance": 0.0006441118312068284,
      "count": 1852032
    },
    "nmae": {
      "mean": 0.26206475496292114,
      "std": 0.46486011147499084,
      "variance": 0.21609491109848022,
      "count": 1852032
    },
    "relative_mse": {
      "mean": 0.2091342657804489,
      "std": 1.7631001472473145,
      "variance": 3.1085221767425537,
      "count": 1852032
    }
  },
  "test2": {
    "mse": {
      "mean": 0.0007076138281263411,
      "std": 0.004048097413033247,
      "variance": 1.6387093637604266e-05,
      "count": 465024
    },
    "nmse": {
      "mean": 0.30009129643440247,
      "std": 3.4775118827819824,
      "variance": 12.093090057373047,
      "count": 465024
    },
    "mae": {
      "mean": 0.012262056581676006,
      "std": 0.02360626496374607,
      "variance": 0.0005572557565756142,
      "count": 465024
    },
    "nmae": {
      "mean": 0.26458632946014404,
      "std": 0.4796721339225769,
      "variance": 0.2300853431224823,
      "count": 465024
    },
    "relative_mse": {
      "mean": 0.19682195782661438,
      "std": 1.7592947483062744,
      "variance": 3.0951178073883057,
      "count": 465024
    }
  }
}