{
  "test1": {
    "mse": {
      "mean": 4728130.0,
      "std": 195480928.0,
      "variance": 3.821279218394726e+16,
      "count": 1272000
    },
    "nmse": {
      "mean": 0.28135377168655396,
      "std": 12.813993453979492,
      "variance": 164.19842529296875,
      "count": 1272000
    },
    "mae": {
      "mean": 230.85760498046875,
      "std": 2162.13671875,
      "variance": 4674834.5,
      "count": 1272000
    },
    "nmae": {
      "mean": 0.3086857795715332,
      "std": 0.43135467171669006,
      "variance": 0.18606683611869812,
      "count": 1272000
    },
    "relative_mse": {
      "mean": 0.04930227994918823,
      "std": 1.0311009883880615,
      "variance": 1.063169240951538,
      "count": 1272000
    }
  },
  "test2": {
    "mse": {
      "mean": 1258790.875,
      "std": 25153788.0,
      "variance": 632712972992512.0,
      "count": 320544
    },
    "nmse": {
      "mean": 0.2396780401468277,
      "std": 2.2144901752471924,
      "variance": 4.903966903686523,
      "count": 320544
    },
    "mae": {
      "mean": 182.48252868652344,
      "std": 1107.0189208984375,
      "variance": 1225491.0,
      "count": 320544
    },
    "nmae": {
      "mean": 0.31948259472846985,
      "std": 0.37095674872398376,
      "variance": 0.13760890066623688,
      "count": 320544
    },
    "relative_mse": {
      "mean": 0.038914911448955536,
      "std": 0.3655972182750702,
      "variance": 0.13366131484508514,
      "count": 320544
    }
  }
}