{
  "test1": {
    "mse": {
      "mean": 36445048.0,
      "std": 1057794304.0,
      "variance": 1.1189287282446172e+18,
      "count": 1302528
    },
    "nmse": {
      "mean": 104972792365056.0,
      "std": 6.015388601863373e+16,
      "variance": 3.6184900692508915e+33,
      "count": 1302528
    },
    "mae": {
      "mean": 644.7069702148438,
      "std": 6002.44921875,
      "variance": 36029400.0,
      "count": 1302528
    },
    "nmae": {
      "mean": 21113.439453125,
      "std": 10245601.0,
      "variance": 104972347768832.0,
      "count": 1302528
    },
    "relative_mse": {
      "mean": 104972792365056.0,
      "std": 6.015388601863373e+16,
      "variance": 3.6184900692508915e+33,
      "count": 1302528
    }
  },
  "test2": {
    "mse": {
      "mean": 626161.375,
      "std": 5623354.0,
      "variance": 31622109855744.0,
      "count": 330720
    },
    "nmse": {
      "mean": 0.9702998399734497,
      "std": 58.68242263793945,
      "variance": 3443.626708984375,
      "count": 330720
    },
    "mae": {
      "mean": 289.3924865722656,
      "std": 736.4872436523438,
      "variance": 542413.4375,
      "count": 330720
    },
    "nmae": {
      "mean": 0.6709805727005005,
      "std": 0.721169114112854,
      "variance": 0.5200849175453186,
      "count": 330720
    },
    "relative_mse": {
      "mean": 0.31656181812286377,
      "std": 27.415802001953125,
      "variance": 751.6261596679688,
      "count": 330720
    }
  }
}