{
  "test1": {
    "mse": {
      "mean": 206392.390625,
      "std": 8620510.0,
      "variance": 74313193488384.0,
      "count": 1266912
    },
    "nmse": {
      "mean": 0.2627457082271576,
      "std": 12.86094856262207,
      "variance": 165.40399169921875,
      "count": 1266912
    },
    "mae": {
      "mean": 132.1019744873047,
      "std": 434.6739807128906,
      "variance": 188941.453125,
      "count": 1266912
    },
    "nmae": {
      "mean": 0.29020923376083374,
      "std": 0.42252135276794434,
      "variance": 0.17852428555488586,
      "count": 1266912
    },
    "relative_mse": {
      "mean": 0.043374598026275635,
      "std": 1.0026464462280273,
      "variance": 1.0052999258041382,
      "count": 1266912
    }
  },
  "test2": {
    "mse": {
      "mean": 17171424.0,
      "std": 348708928.0,
      "variance": 1.2159791149350912e+17,
      "count": 320544
    },
    "nmse": {
      "mean": 0.2194817215204239,
      "std": 2.2117760181427,
      "variance": 4.891953468322754,
      "count": 320544
    },
    "mae": {
      "mean": 507.03729248046875,
      "std": 4112.70458984375,
      "variance": 16914338.0,
      "count": 320544
    },
    "nmae": {
      "mean": 0.2998545467853546,
      "std": 0.35995686054229736,
      "variance": 0.1295689344406128,
      "count": 320544
    },
    "relative_mse": {
      "mean": 0.035095155239105225,
      "std": 0.3373773396015167,
      "variance": 0.11382347345352173,
      "count": 320544
    }
  }
}