{
  "test1": {
    "mse": {
      "mean": 346908832.0,
      "std": 7253052928.0,
      "variance": 5.260677594573334e+19,
      "count": 1183248
    },
    "nmse": {
      "mean": 76.14954376220703,
      "std": 1024.06982421875,
      "variance": 1048719.0,
      "count": 1183248
    },
    "mae": {
      "mean": 3013.244384765625,
      "std": 18380.12890625,
      "variance": 337829184.0,
      "count": 1183248
    },
    "nmae": {
      "mean": 4.659804821014404,
      "std": 7.3780598640441895,
      "variance": 54.43576431274414,
      "count": 1183248
    },
    "relative_mse": {
      "mean": 1.8437660932540894,
      "std": 4.939117908477783,
      "variance": 24.394886016845703,
      "count": 1183248
    }
  },
  "test2": {
    "mse": {
      "mean": 6914085.5,
      "std": 25081436.0,
      "variance": 629078424027136.0,
      "count": 299376
    },
    "nmse": {
      "mean": 52.73110580444336,
      "std": 364.9941101074219,
      "variance": 133220.703125,
      "count": 299376
    },
    "mae": {
      "mean": 1346.765869140625,
      "std": 2258.385986328125,
      "variance": 5100307.0,
      "count": 299376
    },
    "nmae": {
      "mean": 4.663862705230713,
      "std": 5.565921783447266,
      "variance": 30.9794864654541,
      "count": 299376
    },
    "relative_mse": {
      "mean": 1.5738707780838013,
      "std": 2.024893283843994,
      "variance": 4.100192546844482,
      "count": 299376
    }
  }
}