{
  "test1": {
    "mse": {
      "mean": 0.0009251193259842694,
      "std": 0.0051921457052230835,
      "variance": 2.695837611099705e-05,
      "count": 1488240
    },
    "nmse": {
      "mean": 0.360665500164032,
      "std": 2.7955548763275146,
      "variance": 7.815127849578857,
      "count": 1488240
    },
    "mae": {
      "mean": 0.014453403651714325,
      "std": 0.026762256398797035,
      "variance": 0.0007162184338085353,
      "count": 1488240
    },
    "nmae": {
      "mean": 0.30362117290496826,
      "std": 0.518150269985199,
      "variance": 0.26847967505455017,
      "count": 1488240
    },
    "relative_mse": {
      "mean": 0.2589646279811859,
      "std": 2.241711139678955,
      "variance": 5.025269031524658,
      "count": 1488240
    }
  },
  "test2": {
    "mse": {
      "mean": 0.0007920523639768362,
      "std": 0.004206476267427206,
      "variance": 1.7694443158688955e-05,
      "count": 373680
    },
    "nmse": {
      "mean": 0.37923306226730347,
      "std": 3.8823351860046387,
      "variance": 15.072526931762695,
      "count": 373680
    },
    "mae": {
      "mean": 0.013576923869550228,
      "std": 0.024651966989040375,
      "variance": 0.0006077195284888148,
      "count": 373680
    },
    "nmae": {
      "mean": 0.3104984164237976,
      "std": 0.5318118333816528,
      "variance": 0.2828238010406494,
      "count": 373680
    },
    "relative_mse": {
      "mean": 0.23243726789951324,
      "std": 1.8679248094558716,
      "variance": 3.489142894744873,
      "count": 373680
    }
  }
}