{
  "test1": {
    "mse": {
      "mean": 0.0013522851513698697,
      "std": 0.0059381346218287945,
      "variance": 3.526144064380787e-05,
      "count": 2199288
    },
    "nmse": {
      "mean": 2659866368.0,
      "std": 225495236608.0,
      "variance": 5.084809875840944e+22,
      "count": 2199288
    },
    "mae": {
      "mean": 0.021032502874732018,
      "std": 0.030164863914251328,
      "variance": 0.0009099190938286483,
      "count": 2199288
    },
    "nmae": {
      "mean": 812.294921875,
      "std": 51567.49609375,
      "variance": 2659206656.0,
      "count": 2199288
    },
    "relative_mse": {
      "mean": 2659866368.0,
      "std": 225495236608.0,
      "variance": 5.084809875840944e+22,
      "count": 2199288
    }
  },
  "test2": {
    "mse": {
      "mean": 0.001246391562744975,
      "std": 0.005131872836500406,
      "variance": 2.6336119844927453e-05,
      "count": 552216
    },
    "nmse": {
      "mean": 0.5219736099243164,
      "std": 2.926623821258545,
      "variance": 8.5651273727417,
      "count": 552216
    },
    "mae": {
      "mean": 0.020702727138996124,
      "std": 0.02859700284898281,
      "variance": 0.0008177885902114213,
      "count": 552216
    },
    "nmae": {
      "mean": 0.44886189699172974,
      "std": 0.5661242008209229,
      "variance": 0.32049664855003357,
      "count": 552216
    },
    "relative_mse": {
      "mean": 0.3439861238002777,
      "std": 1.8756853342056274,
      "variance": 3.518195390701294,
      "count": 552216
    }
  }
}