{
  "test1": {
    "mse": {
      "mean": 210585.265625,
      "std": 9475880.0,
      "variance": 89792297566208.0,
      "count": 1171296
    },
    "nmse": {
      "mean": 0.2992275655269623,
      "std": 6.946091651916504,
      "variance": 48.24818801879883,
      "count": 1171296
    },
    "mae": {
      "mean": 128.33822631835938,
      "std": 440.5843505859375,
      "variance": 194114.5625,
      "count": 1171296
    },
    "nmae": {
      "mean": 0.32819220423698425,
      "std": 0.43762707710266113,
      "variance": 0.19151747226715088,
      "count": 1171296
    },
    "relative_mse": {
      "mean": 0.05443963780999184,
      "std": 0.7688964009284973,
      "variance": 0.591201663017273,
      "count": 1171296
    }
  },
  "test2": {
    "mse": {
      "mean": 29840162.0,
      "std": 539361792.0,
      "variance": 2.909111229391831e+17,
      "count": 296352
    },
    "nmse": {
      "mean": 0.21176481246948242,
      "std": 0.6785426139831543,
      "variance": 0.4604201018810272,
      "count": 296352
    },
    "mae": {
      "mean": 708.4031982421875,
      "std": 5416.48681640625,
      "variance": 29338330.0,
      "count": 296352
    },
    "nmae": {
      "mean": 0.3061225414276123,
      "std": 0.34358957409858704,
      "variance": 0.11805379390716553,
      "count": 296352
    },
    "relative_mse": {
      "mean": 0.03507078066468239,
      "std": 0.28969433903694153,
      "variance": 0.08392280340194702,
      "count": 296352
    }
  },
  "valid1": {
    "mse": {
      "mean": 174389.671875
    },
    "nmse": {
      "mean": 0.4179709255695343
    },
    "mae": {
      "mean": 122.70384979248047
    },
    "nmae": {
      "mean": 0.3180840313434601
    },
    "relative_mse": {
      "mean": 0.07606877386569977
    }
  },
  "valid2": {
    "mse": {
      "mean": 8705071.0
    },
    "nmse": {
      "mean": 0.19172576069831848
    },
    "mae": {
      "mean": 439.8229064941406
    },
    "nmae": {
      "mean": 0.2931152284145355
    },
    "relative_mse": {
      "mean": 0.03534760698676109
    }
  }
}