{
  "test1": {
    "mse": {
      "mean": 355764480.0,
      "std": 7444443648.0,
      "variance": 5.541974010595639e+19,
      "count": 1266912
    },
    "nmse": {
      "mean": 54.63764572143555,
      "std": 733.572021484375,
      "variance": 538127.875,
      "count": 1266912
    },
    "mae": {
      "mean": 2940.771484375,
      "std": 18631.05859375,
      "variance": 347116320.0,
      "count": 1266912
    },
    "nmae": {
      "mean": 4.251132488250732,
      "std": 6.046942710876465,
      "variance": 36.565513610839844,
      "count": 1266912
    },
    "relative_mse": {
      "mean": 1.320732831954956,
      "std": 2.0317575931549072,
      "variance": 4.1280388832092285,
      "count": 1266912
    }
  },
  "test2": {
    "mse": {
      "mean": 18880260.0,
      "std": 93935032.0,
      "variance": 8823790192558080.0,
      "count": 320544
    },
    "nmse": {
      "mean": 97.10588836669922,
      "std": 551.7960205078125,
      "variance": 304478.8125,
      "count": 320544
    },
    "mae": {
      "mean": 1782.2008056640625,
      "std": 3962.82958984375,
      "variance": 15704018.0,
      "count": 320544
    },
    "nmae": {
      "mean": 5.23626184463501,
      "std": 8.347901344299316,
      "variance": 69.68745422363281,
      "count": 320544
    },
    "relative_mse": {
      "mean": 1.4589228630065918,
      "std": 1.9342550039291382,
      "variance": 3.741342306137085,
      "count": 320544
    }
  },
  "valid1": {
    "mse": {
      "mean": 146071456.0
    },
    "nmse": {
      "mean": 67.90087127685547
    },
    "mae": {
      "mean": 2422.373046875
    },
    "nmae": {
      "mean": 4.186783313751221
    },
    "relative_mse": {
      "mean": 1.327630639076233
    }
  },
  "valid2": {
    "mse": {
      "mean": 14366715.0
    },
    "nmse": {
      "mean": 70.54155731201172
    },
    "mae": {
      "mean": 1614.5830078125
    },
    "nmae": {
      "mean": 4.691366195678711
    },
    "relative_mse": {
      "mean": 1.4399553537368774
    }
  }
}