{
  "test1": {
    "mse": {
      "mean": 0.0009226786205545068,
      "std": 0.0052275811322033405,
      "variance": 2.732760549406521e-05,
      "count": 1488240
    },
    "nmse": {
      "mean": 0.35672152042388916,
      "std": 2.7989394664764404,
      "variance": 7.834061622619629,
      "count": 1488240
    },
    "mae": {
      "mean": 0.014205058105289936,
      "std": 0.02684948593378067,
      "variance": 0.0007208948954939842,
      "count": 1488240
    },
    "nmae": {
      "mean": 0.2956065833568573,
      "std": 0.5189781188964844,
      "variance": 0.2693382799625397,
      "count": 1488240
    },
    "relative_mse": {
      "mean": 0.256777286529541,
      "std": 2.252446413040161,
      "variance": 5.073514461517334,
      "count": 1488240
    }
  },
  "test2": {
    "mse": {
      "mean": 0.0007916297181509435,
      "std": 0.004248971585184336,
      "variance": 1.8053757230518386e-05,
      "count": 373680
    },
    "nmse": {
      "mean": 0.37062692642211914,
      "std": 3.868030548095703,
      "variance": 14.961661338806152,
      "count": 373680
    },
    "mae": {
      "mean": 0.013305598869919777,
      "std": 0.024790940806269646,
      "variance": 0.000614590710029006,
      "count": 373680
    },
    "nmae": {
      "mean": 0.2982032299041748,
      "std": 0.530755877494812,
      "variance": 0.28170180320739746,
      "count": 373680
    },
    "relative_mse": {
      "mean": 0.2286674678325653,
      "std": 1.865217924118042,
      "variance": 3.4790377616882324,
      "count": 373680
    }
  }
}