{
  "test1": {
    "mse": {
      "mean": 20.168699264526367,
      "std": 75.31669616699219,
      "variance": 5672.60498046875,
      "count": 1080408
    },
    "nmse": {
      "mean": 0.34106943011283875,
      "std": 1.2613415718078613,
      "variance": 1.5909826755523682,
      "count": 1080408
    },
    "mae": {
      "mean": 2.349113941192627,
      "std": 3.8275792598724365,
      "variance": 14.650362014770508,
      "count": 1080408
    },
    "nmae": {
      "mean": 0.3117910325527191,
      "std": 0.4938175678253174,
      "variance": 0.2438557893037796,
      "count": 1080408
    },
    "relative_mse": {
      "mean": 1.1835864782333374,
      "std": 5.437329292297363,
      "variance": 29.564552307128906,
      "count": 1080408
    }
  },
  "test2": {
    "mse": {
      "mean": 16.425918579101562,
      "std": 49.297725677490234,
      "variance": 2430.265869140625,
      "count": 277536
    },
    "nmse": {
      "mean": 0.3537590503692627,
      "std": 1.317417860031128,
      "variance": 1.7355897426605225,
      "count": 277536
    },
    "mae": {
      "mean": 2.2289443016052246,
      "std": 3.3849263191223145,
      "variance": 11.45772647857666,
      "count": 277536
    },
    "nmae": {
      "mean": 0.31704947352409363,
      "std": 0.5032283067703247,
      "variance": 0.2532387375831604,
      "count": 277536
    },
    "relative_mse": {
      "mean": 1.2214759588241577,
      "std": 5.629202365875244,
      "variance": 31.68791961669922,
      "count": 277536
    }
  }
}