{
  "test1": {
    "mse": {
      "mean": 21.398902893066406,
      "std": 76.95110321044922,
      "variance": 5921.47265625,
      "count": 1043784
    },
    "nmse": {
      "mean": 0.31625819206237793,
      "std": 0.8079667091369629,
      "variance": 0.6528102159500122,
      "count": 1043784
    },
    "mae": {
      "mean": 2.477107286453247,
      "std": 3.906768560409546,
      "variance": 15.26284122467041,
      "count": 1043784
    },
    "nmae": {
      "mean": 0.31871190667152405,
      "std": 0.4633367359638214,
      "variance": 0.21468092501163483,
      "count": 1043784
    },
    "relative_mse": {
      "mean": 0.9762809872627258,
      "std": 2.834284782409668,
      "variance": 8.033170700073242,
      "count": 1043784
    }
  },
  "test2": {
    "mse": {
      "mean": 17.41266441345215,
      "std": 50.81327819824219,
      "variance": 2581.9892578125,
      "count": 268128
    },
    "nmse": {
      "mean": 0.319924920797348,
      "std": 0.800351083278656,
      "variance": 0.6405618786811829,
      "count": 268128
    },
    "mae": {
      "mean": 2.351173162460327,
      "std": 3.4474117755889893,
      "variance": 11.884648323059082,
      "count": 268128
    },
    "nmae": {
      "mean": 0.322981059551239,
      "std": 0.4643362760543823,
      "variance": 0.21560817956924438,
      "count": 268128
    },
    "relative_mse": {
      "mean": 0.9777671694755554,
      "std": 2.783310890197754,
      "variance": 7.746819972991943,
      "count": 268128
    }
  },
  "valid1": {
    "mse": {
      "mean": 16.675588607788086
    },
    "nmse": {
      "mean": 0.17358386516571045
    },
    "mae": {
      "mean": 2.2208173274993896
    },
    "nmae": {
      "mean": 0.24446766078472137
    },
    "relative_mse": {
      "mean": 0.3343676030635834
    }
  },
  "valid2": {
    "mse": {
      "mean": 13.308416366577148
    },
    "nmse": {
      "mean": 0.17712977528572083
    },
    "mae": {
      "mean": 2.1068897247314453
    },
    "nmae": {
      "mean": 0.2481411099433899
    },
    "relative_mse": {
      "mean": 0.3344799876213074
    }
  }
}