{
  "test1": {
    "mse": {
      "mean": 0.0007775542908348143,
      "std": 0.004731812514364719,
      "variance": 2.2390047888620757e-05,
      "count": 2295168
    },
    "nmse": {
      "mean": 0.33613476157188416,
      "std": 7.564618110656738,
      "variance": 57.223445892333984,
      "count": 2295168
    },
    "mae": {
      "mean": 0.01265688892453909,
      "std": 0.024846678599715233,
      "variance": 0.0006173574365675449,
      "count": 2295168
    },
    "nmae": {
      "mean": 0.2703248858451843,
      "std": 0.51289302110672,
      "variance": 0.26305925846099854,
      "count": 2295168
    },
    "relative_mse": {
      "mean": 1.1088365316390991,
      "std": 265.3866271972656,
      "variance": 70430.0703125,
      "count": 2295168
    }
  },
  "test2": {
    "mse": {
      "mean": 0.0008304718066938221,
      "std": 0.004390878602862358,
      "variance": 1.9279812477179803e-05,
      "count": 573792
    },
    "nmse": {
      "mean": 0.2996498942375183,
      "std": 2.3218636512756348,
      "variance": 5.391051292419434,
      "count": 573792
    },
    "mae": {
      "mean": 0.013857203535735607,
      "std": 0.02526756189763546,
      "variance": 0.0006384496809914708,
      "count": 573792
    },
    "nmae": {
      "mean": 0.276436448097229,
      "std": 0.47247517108917236,
      "variance": 0.22323279082775116,
      "count": 573792
    },
    "relative_mse": {
      "mean": 0.41965755820274353,
      "std": 22.558448791503906,
      "variance": 508.8835754394531,
      "count": 573792
    }
  }
}