{
  "test1": {
    "mse": {
      "mean": 0.0008016312494874001,
      "std": 0.004767966456711292,
      "variance": 2.2733504010830075e-05,
      "count": 2298504
    },
    "nmse": {
      "mean": 0.3397907316684723,
      "std": 7.561232089996338,
      "variance": 57.1722297668457,
      "count": 2298504
    },
    "mae": {
      "mean": 0.01301278080791235,
      "std": 0.025145553052425385,
      "variance": 0.0006322988192550838,
      "count": 2298504
    },
    "nmae": {
      "mean": 0.2746860980987549,
      "std": 0.514138400554657,
      "variance": 0.26433828473091125,
      "count": 2298504
    },
    "relative_mse": {
      "mean": 1.1193063259124756,
      "std": 265.4977722167969,
      "variance": 70489.0625,
      "count": 2298504
    }
  },
  "test2": {
    "mse": {
      "mean": 0.0007329789223149419,
      "std": 0.004086942877620459,
      "variance": 1.6703101209714077e-05,
      "count": 577128
    },
    "nmse": {
      "mean": 0.2845548093318939,
      "std": 2.2622435092926025,
      "variance": 5.117745399475098,
      "count": 577128
    },
    "mae": {
      "mean": 0.012821990996599197,
      "std": 0.023844819515943527,
      "variance": 0.0005685754586011171,
      "count": 577128
    },
    "nmae": {
      "mean": 0.26780566573143005,
      "std": 0.4613403379917145,
      "variance": 0.2128349095582962,
      "count": 577128
    },
    "relative_mse": {
      "mean": 0.3797319531440735,
      "std": 21.629467010498047,
      "variance": 467.8338317871094,
      "count": 577128
    }
  }
}