{
  "test1": {
    "mse": {
      "mean": 0.0015432152431458235,
      "std": 0.005437816958874464,
      "variance": 2.956985372293275e-05,
      "count": 2064000
    },
    "nmse": {
      "mean": 0.9798622727394104,
      "std": 6.534723281860352,
      "variance": 42.70261001586914,
      "count": 2064000
    },
    "mae": {
      "mean": 0.02439616061747074,
      "std": 0.0307903029024601,
      "variance": 0.0009480427834205329,
      "count": 2064000
    },
    "nmae": {
      "mean": 0.571291446685791,
      "std": 0.8083862662315369,
      "variance": 0.6534883379936218,
      "count": 2064000
    },
    "relative_mse": {
      "mean": 0.5700892806053162,
      "std": 4.484063148498535,
      "variance": 20.106821060180664,
      "count": 2064000
    }
  },
  "test2": {
    "mse": {
      "mean": 0.0017198334680870175,
      "std": 0.005480089224874973,
      "variance": 3.0031374990358017e-05,
      "count": 516000
    },
    "nmse": {
      "mean": 0.7749225497245789,
      "std": 3.2628400325775146,
      "variance": 10.646124839782715,
      "count": 516000
    },
    "mae": {
      "mean": 0.02637222222983837,
      "std": 0.03200530260801315,
      "variance": 0.0010243394644930959,
      "count": 516000
    },
    "nmae": {
      "mean": 0.5515524744987488,
      "std": 0.6860848665237427,
      "variance": 0.47071245312690735,
      "count": 516000
    },
    "relative_mse": {
      "mean": 0.44834691286087036,
      "std": 1.7363380193710327,
      "variance": 3.0148696899414062,
      "count": 516000
    }
  },
  "valid1": {
    "mse": {
      "mean": 0.001268650870770216
    },
    "nmse": {
      "mean": 0.9794223308563232
    },
    "mae": {
      "mean": 0.021923528984189034
    },
    "nmae": {
      "mean": 0.5583873391151428
    },
    "relative_mse": {
      "mean": 0.5207364559173584
    }
  },
  "valid2": {
    "mse": {
      "mean": 0.0014444735134020448
    },
    "nmse": {
      "mean": 0.7682844996452332
    },
    "mae": {
      "mean": 0.024006329476833344
    },
    "nmae": {
      "mean": 0.5443395376205444
    },
    "relative_mse": {
      "mean": 0.4113081991672516
    }
  }
}