{
  "test1": {
    "mse": {
      "mean": 0.0014672130346298218,
      "std": 0.0055844224989414215,
      "variance": 3.118577296845615e-05,
      "count": 2067000
    },
    "nmse": {
      "mean": 11210935296.0,
      "std": 1028729995264.0,
      "variance": 1.0582854561106687e+24,
      "count": 2067000
    },
    "mae": {
      "mean": 0.023088334128260612,
      "std": 0.030563734471797943,
      "variance": 0.0009341418044641614,
      "count": 2067000
    },
    "nmae": {
      "mean": 1579.071533203125,
      "std": 105869.9296875,
      "variance": 11208441856.0,
      "count": 2067000
    },
    "relative_mse": {
      "mean": 11210935296.0,
      "std": 1028729995264.0,
      "variance": 1.0582854561106687e+24,
      "count": 2067000
    }
  },
  "test2": {
    "mse": {
      "mean": 0.0013134528417140245,
      "std": 0.004703135695308447,
      "variance": 2.2119485947769135e-05,
      "count": 519000
    },
    "nmse": {
      "mean": 0.6859259009361267,
      "std": 3.0112862586975098,
      "variance": 9.067845344543457,
      "count": 519000
    },
    "mae": {
      "mean": 0.022430263459682465,
      "std": 0.028466403484344482,
      "variance": 0.0008103361469693482,
      "count": 519000
    },
    "nmae": {
      "mean": 0.50779128074646,
      "std": 0.654273509979248,
      "variance": 0.42807385325431824,
      "count": 519000
    },
    "relative_mse": {
      "mean": 0.4195232391357422,
      "std": 2.158015012741089,
      "variance": 4.657028675079346,
      "count": 519000
    }
  }
}