{
  "test1": {
    "mse": {
      "mean": 0.0009059086441993713,
      "std": 0.005145088769495487,
      "variance": 2.647193832672201e-05,
      "count": 1488240
    },
    "nmse": {
      "mean": 0.368594229221344,
      "std": 3.262376546859741,
      "variance": 10.64310073852539,
      "count": 1488240
    },
    "mae": {
      "mean": 0.014011308550834656,
      "std": 0.02663816511631012,
      "variance": 0.0007095918408595026,
      "count": 1488240
    },
    "nmae": {
      "mean": 0.29659920930862427,
      "std": 0.5297387838363647,
      "variance": 0.2806231677532196,
      "count": 1488240
    },
    "relative_mse": {
      "mean": 0.25905659794807434,
      "std": 2.3360726833343506,
      "variance": 5.457235813140869,
      "count": 1488240
    }
  },
  "test2": {
    "mse": {
      "mean": 0.0008636392885819077,
      "std": 0.004589118529111147,
      "variance": 2.106001011270564e-05,
      "count": 373680
    },
    "nmse": {
      "mean": 0.3248581290245056,
      "std": 1.927085041999817,
      "variance": 3.7136569023132324,
      "count": 373680
    },
    "mae": {
      "mean": 0.01417533215135336,
      "std": 0.025742946192622185,
      "variance": 0.000662699225358665,
      "count": 373680
    },
    "nmae": {
      "mean": 0.2964321970939636,
      "std": 0.48681217432022095,
      "variance": 0.23698608577251434,
      "count": 373680
    },
    "relative_mse": {
      "mean": 0.2203594595193863,
      "std": 1.3559484481811523,
      "variance": 1.838596224784851,
      "count": 373680
    }
  }
}