{
  "test1": {
    "mse": {
      "mean": 0.0008155111572705209,
      "std": 0.004876223858445883,
      "variance": 2.3777558453730308e-05,
      "count": 1852032
    },
    "nmse": {
      "mean": 0.28495243191719055,
      "std": 2.525139331817627,
      "variance": 6.376328945159912,
      "count": 1852032
    },
    "mae": {
      "mean": 0.013080333359539509,
      "std": 0.025385351851582527,
      "variance": 0.000644416082650423,
      "count": 1852032
    },
    "nmae": {
      "mean": 0.26213538646698,
      "std": 0.46501341462135315,
      "variance": 0.21623747050762177,
      "count": 1852032
    },
    "relative_mse": {
      "mean": 0.2092573195695877,
      "std": 1.7651032209396362,
      "variance": 3.1155893802642822,
      "count": 1852032
    }
  },
  "test2": {
    "mse": {
      "mean": 0.0007079662755131721,
      "std": 0.004051034804433584,
      "variance": 1.641088238102384e-05,
      "count": 465024
    },
    "nmse": {
      "mean": 0.30030301213264465,
      "std": 3.479991912841797,
      "variance": 12.110343933105469,
      "count": 465024
    },
    "mae": {
      "mean": 0.012262375093996525,
      "std": 0.023613564670085907,
      "variance": 0.0005576004041358829,
      "count": 465024
    },
    "nmae": {
      "mean": 0.2646719515323639,
      "std": 0.4798455834388733,
      "variance": 0.23025178909301758,
      "count": 465024
    },
    "relative_mse": {
      "mean": 0.19694305956363678,
      "std": 1.7604897022247314,
      "variance": 3.0993239879608154,
      "count": 465024
    }
  }
}