{
  "test1": {
    "mse": {
      "mean": 0.0008052533958107233,
      "std": 0.004753799177706242,
      "variance": 2.259860593767371e-05,
      "count": 2298504
    },
    "nmse": {
      "mean": 0.32205578684806824,
      "std": 6.201518535614014,
      "variance": 38.458831787109375,
      "count": 2298504
    },
    "mae": {
      "mean": 0.013111515901982784,
      "std": 0.025166278705000877,
      "variance": 0.0006333415512926877,
      "count": 2298504
    },
    "nmae": {
      "mean": 0.2729225754737854,
      "std": 0.49756312370300293,
      "variance": 0.24756905436515808,
      "count": 2298504
    },
    "relative_mse": {
      "mean": 0.8720811605453491,
      "std": 211.32150268554688,
      "variance": 44656.77734375,
      "count": 2298504
    }
  },
  "test2": {
    "mse": {
      "mean": 0.000715620641130954,
      "std": 0.004160319454967976,
      "variance": 1.730825715640094e-05,
      "count": 577128
    },
    "nmse": {
      "mean": 0.35157057642936707,
      "std": 8.928792953491211,
      "variance": 79.72334289550781,
      "count": 577128
    },
    "mae": {
      "mean": 0.012432115152478218,
      "std": 0.02368677221238613,
      "variance": 0.000561063177883625,
      "count": 577128
    },
    "nmae": {
      "mean": 0.2735293209552765,
      "std": 0.5260725021362305,
      "variance": 0.2767522633075714,
      "count": 577128
    },
    "relative_mse": {
      "mean": 1.347379446029663,
      "std": 321.48583984375,
      "variance": 103353.1484375,
      "count": 577128
    }
  }
}