{
  "test1": {
    "mse": {
      "mean": 0.0007842560298740864,
      "std": 0.004655130673199892,
      "variance": 2.1670241039828397e-05,
      "count": 2295168
    },
    "nmse": {
      "mean": 0.32093101739883423,
      "std": 5.2571916580200195,
      "variance": 27.6380672454834,
      "count": 2295168
    },
    "mae": {
      "mean": 0.012940747663378716,
      "std": 0.024835320189595222,
      "variance": 0.0006167931132949889,
      "count": 2295168
    },
    "nmae": {
      "mean": 0.27233022451400757,
      "std": 0.49675676226615906,
      "variance": 0.24676728248596191,
      "count": 2295168
    },
    "relative_mse": {
      "mean": 0.7315695881843567,
      "std": 163.51455688476562,
      "variance": 26737.009765625,
      "count": 2295168
    }
  },
  "test2": {
    "mse": {
      "mean": 0.0008017274085432291,
      "std": 0.004450126085430384,
      "variance": 1.9803621398750693e-05,
      "count": 573792
    },
    "nmse": {
      "mean": 0.3471081852912903,
      "std": 11.046448707580566,
      "variance": 122.02403259277344,
      "count": 573792
    },
    "mae": {
      "mean": 0.013488703407347202,
      "std": 0.024895427748560905,
      "variance": 0.0006197823095135391,
      "count": 573792
    },
    "nmae": {
      "mean": 0.2771899104118347,
      "std": 0.5198787450790405,
      "variance": 0.27027392387390137,
      "count": 573792
    },
    "relative_mse": {
      "mean": 1.8997873067855835,
      "std": 417.5971374511719,
      "variance": 174387.375,
      "count": 573792
    }
  }
}