{
  "test1": {
    "mse": {
      "mean": 0.0008977151592262089,
      "std": 0.004775355104357004,
      "variance": 2.280401713505853e-05,
      "count": 2298504
    },
    "nmse": {
      "mean": 0.3562469184398651,
      "std": 7.403476715087891,
      "variance": 54.811466217041016,
      "count": 2298504
    },
    "mae": {
      "mean": 0.014891564846038818,
      "std": 0.02599915862083435,
      "variance": 0.0006759562529623508,
      "count": 2298504
    },
    "nmae": {
      "mean": 0.3053106367588043,
      "std": 0.5128667950630188,
      "variance": 0.26303234696388245,
      "count": 2298504
    },
    "relative_mse": {
      "mean": 1.139075756072998,
      "std": 263.5321044921875,
      "variance": 69449.1796875,
      "count": 2298504
    }
  },
  "test2": {
    "mse": {
      "mean": 0.0007774607511237264,
      "std": 0.003965551964938641,
      "variance": 1.5725603589089587e-05,
      "count": 577128
    },
    "nmse": {
      "mean": 0.33656036853790283,
      "std": 3.4633522033691406,
      "variance": 11.9948091506958,
      "count": 577128
    },
    "mae": {
      "mean": 0.013943776488304138,
      "std": 0.024146052077412605,
      "variance": 0.0005830317968502641,
      "count": 577128
    },
    "nmae": {
      "mean": 0.3043954074382782,
      "std": 0.4938661754131317,
      "variance": 0.24390380084514618,
      "count": 577128
    },
    "relative_mse": {
      "mean": 0.3651585578918457,
      "std": 22.513334274291992,
      "variance": 506.8502197265625,
      "count": 577128
    }
  }
}