{
  "test1": {
    "mse": {
      "mean": 4271659.0,
      "std": 138621472.0,
      "variance": 1.9215913463054336e+16,
      "count": 1183248
    },
    "nmse": {
      "mean": 0.2696678936481476,
      "std": 6.47138786315918,
      "variance": 41.87886428833008,
      "count": 1183248
    },
    "mae": {
      "mean": 261.48663330078125,
      "std": 2050.191162109375,
      "variance": 4203284.0,
      "count": 1183248
    },
    "nmae": {
      "mean": 0.33494606614112854,
      "std": 0.3968362808227539,
      "variance": 0.15747903287410736,
      "count": 1183248
    },
    "relative_mse": {
      "mean": 0.04959791526198387,
      "std": 0.5095082521438599,
      "variance": 0.25959867238998413,
      "count": 1183248
    }
  },
  "test2": {
    "mse": {
      "mean": 100380.7734375,
      "std": 860762.5625,
      "variance": 740912136192.0,
      "count": 299376
    },
    "nmse": {
      "mean": 0.25568917393684387,
      "std": 1.566473364830017,
      "variance": 2.453839063644409,
      "count": 299376
    },
    "mae": {
      "mean": 122.93789672851562,
      "std": 292.0052185058594,
      "variance": 85267.046875,
      "count": 299376
    },
    "nmae": {
      "mean": 0.3308928906917572,
      "std": 0.3823598325252533,
      "variance": 0.1461990475654602,
      "count": 299376
    },
    "relative_mse": {
      "mean": 0.07779572159051895,
      "std": 0.745236873626709,
      "variance": 0.5553780198097229,
      "count": 299376
    }
  }
}