{
  "test1": {
    "mse": {
      "mean": 0.001256154733709991,
      "std": 0.0054960548877716064,
      "variance": 3.0206616429495625e-05,
      "count": 2199288
    },
    "nmse": {
      "mean": 2271008512.0,
      "std": 209202987008.0,
      "variance": 4.3765886603194305e+22,
      "count": 2199288
    },
    "mae": {
      "mean": 0.020341504365205765,
      "std": 0.02902374602854252,
      "variance": 0.0008423778926953673,
      "count": 2199288
    },
    "nmae": {
      "mean": 728.2469482421875,
      "std": 47649.53515625,
      "variance": 2270478336.0,
      "count": 2199288
    },
    "relative_mse": {
      "mean": 2271008512.0,
      "std": 209202987008.0,
      "variance": 4.3765886603194305e+22,
      "count": 2199288
    }
  },
  "test2": {
    "mse": {
      "mean": 0.0013450136175379157,
      "std": 0.006168010178953409,
      "variance": 3.804434891208075e-05,
      "count": 552216
    },
    "nmse": {
      "mean": 0.4995338022708893,
      "std": 3.0100138187408447,
      "variance": 9.060182571411133,
      "count": 552216
    },
    "mae": {
      "mean": 0.02059820666909218,
      "std": 0.030343489721417427,
      "variance": 0.0009207274415530264,
      "count": 552216
    },
    "nmae": {
      "mean": 0.4329862594604492,
      "std": 0.5586203336715698,
      "variance": 0.31205669045448303,
      "count": 552216
    },
    "relative_mse": {
      "mean": 0.35629352927207947,
      "std": 2.232104539871216,
      "variance": 4.982290744781494,
      "count": 552216
    }
  }
}