{
  "test1": {
    "mse": {
      "mean": 230053.515625,
      "std": 9400126.0,
      "variance": 88362375446528.0,
      "count": 1254960
    },
    "nmse": {
      "mean": 0.5403508543968201,
      "std": 22.582414627075195,
      "variance": 509.9654235839844,
      "count": 1254960
    },
    "mae": {
      "mean": 135.01663208007812,
      "std": 460.24346923828125,
      "variance": 211824.046875,
      "count": 1254960
    },
    "nmae": {
      "mean": 0.3531605303287506,
      "std": 0.6446925401687622,
      "variance": 0.41562849283218384,
      "count": 1254960
    },
    "relative_mse": {
      "mean": 0.0578136220574379,
      "std": 0.9231758117675781,
      "variance": 0.8522535562515259,
      "count": 1254960
    }
  },
  "test2": {
    "mse": {
      "mean": 36456916.0,
      "std": 793127232.0,
      "variance": 6.2905080577681e+17,
      "count": 317520
    },
    "nmse": {
      "mean": 0.27041390538215637,
      "std": 4.64207124710083,
      "variance": 21.548826217651367,
      "count": 317520
    },
    "mae": {
      "mean": 747.1754150390625,
      "std": 5991.5478515625,
      "variance": 35898644.0,
      "count": 317520
    },
    "nmae": {
      "mean": 0.3262263536453247,
      "std": 0.404957115650177,
      "variance": 0.16399027407169342,
      "count": 317520
    },
    "relative_mse": {
      "mean": 0.05689036473631859,
      "std": 1.3081411123275757,
      "variance": 1.711233139038086,
      "count": 317520
    }
  }
}