{
  "test1": {
    "mse": {
      "mean": 3970939.75,
      "std": 153670000.0,
      "variance": 2.361447107526656e+16,
      "count": 1266912
    },
    "nmse": {
      "mean": 0.23839214444160461,
      "std": 12.655223846435547,
      "variance": 160.15467834472656,
      "count": 1266912
    },
    "mae": {
      "mean": 219.0622100830078,
      "std": 1980.644287109375,
      "variance": 3922951.75,
      "count": 1266912
    },
    "nmae": {
      "mean": 0.27036285400390625,
      "std": 0.40656620264053345,
      "variance": 0.16529609262943268,
      "count": 1266912
    },
    "relative_mse": {
      "mean": 0.040424831211566925,
      "std": 0.9842313528060913,
      "variance": 0.9687113165855408,
      "count": 1266912
    }
  },
  "test2": {
    "mse": {
      "mean": 50103.0625,
      "std": 682575.3125,
      "variance": 465909055488.0,
      "count": 320544
    },
    "nmse": {
      "mean": 0.22754067182540894,
      "std": 5.3420634269714355,
      "variance": 28.537641525268555,
      "count": 320544
    },
    "mae": {
      "mean": 79.5343017578125,
      "std": 209.2303924560547,
      "variance": 43777.35546875,
      "count": 320544
    },
    "nmae": {
      "mean": 0.27924296259880066,
      "std": 0.38673511147499084,
      "variance": 0.14956405758857727,
      "count": 320544
    },
    "relative_mse": {
      "mean": 0.029185747727751732,
      "std": 0.2954874336719513,
      "variance": 0.08731281757354736,
      "count": 320544
    }
  }
}