{
  "test1": {
    "mse": {
      "mean": 200227.296875,
      "std": 2871727.75,
      "variance": 8246820601856.0,
      "count": 1129464
    },
    "nmse": {
      "mean": 0.3555922210216522,
      "std": 7.754027843475342,
      "variance": 60.12495040893555,
      "count": 1129464
    },
    "mae": {
      "mean": 137.0987091064453,
      "std": 425.94744873046875,
      "variance": 181431.234375,
      "count": 1129464
    },
    "nmae": {
      "mean": 0.34514859318733215,
      "std": 0.4862763583660126,
      "variance": 0.2364646941423416,
      "count": 1129464
    },
    "relative_mse": {
      "mean": 0.060181740671396255,
      "std": 0.8675980567932129,
      "variance": 0.7527263760566711,
      "count": 1129464
    }
  },
  "test2": {
    "mse": {
      "mean": 53109564.0,
      "std": 908158016.0,
      "variance": 8.247509562593116e+17,
      "count": 285768
    },
    "nmse": {
      "mean": 0.2290675789117813,
      "std": 0.6289141774177551,
      "variance": 0.3955329954624176,
      "count": 285768
    },
    "mae": {
      "mean": 893.3757934570312,
      "std": 7232.6650390625,
      "variance": 52311444.0,
      "count": 285768
    },
    "nmae": {
      "mean": 0.3244161307811737,
      "std": 0.3518831729888916,
      "variance": 0.12382176518440247,
      "count": 285768
    },
    "relative_mse": {
      "mean": 0.03200111165642738,
      "std": 0.13905295729637146,
      "variance": 0.019335724413394928,
      "count": 285768
    }
  },
  "valid1": {
    "mse": {
      "mean": 228840.953125
    },
    "nmse": {
      "mean": 0.48412278294563293
    },
    "mae": {
      "mean": 135.37278747558594
    },
    "nmae": {
      "mean": 0.3495357632637024
    },
    "relative_mse": {
      "mean": 0.05719422549009323
    }
  },
  "valid2": {
    "mse": {
      "mean": 15569377.0
    },
    "nmse": {
      "mean": 0.23255769908428192
    },
    "mae": {
      "mean": 501.55078125
    },
    "nmae": {
      "mean": 0.3176533281803131
    },
    "relative_mse": {
      "mean": 0.034131333231925964
    }
  }
}