{
  "test1": {
    "mse": {
      "mean": 353855680.0,
      "std": 7353528320.0,
      "variance": 5.407438207625619e+19,
      "count": 1129464
    },
    "nmse": {
      "mean": 91.46407318115234,
      "std": 1357.5633544921875,
      "variance": 1842978.25,
      "count": 1129464
    },
    "mae": {
      "mean": 3032.775390625,
      "std": 18564.966796875,
      "variance": 344657952.0,
      "count": 1129464
    },
    "nmae": {
      "mean": 4.872457981109619,
      "std": 8.229412078857422,
      "variance": 67.72322082519531,
      "count": 1129464
    },
    "relative_mse": {
      "mean": 2.2036468982696533,
      "std": 7.736599922180176,
      "variance": 59.85498046875,
      "count": 1129464
    }
  },
  "test2": {
    "mse": {
      "mean": 6948637.0,
      "std": 25137272.0,
      "variance": 631882433691648.0,
      "count": 285768
    },
    "nmse": {
      "mean": 52.835548400878906,
      "std": 295.7794189453125,
      "variance": 87485.46875,
      "count": 285768
    },
    "mae": {
      "mean": 1358.5543212890625,
      "std": 2258.974853515625,
      "variance": 5102967.0,
      "count": 285768
    },
    "nmae": {
      "mean": 4.842160224914551,
      "std": 5.4211649894714355,
      "variance": 29.38903045654297,
      "count": 285768
    },
    "relative_mse": {
      "mean": 1.7676146030426025,
      "std": 2.611137866973877,
      "variance": 6.81804084777832,
      "count": 285768
    }
  }
}