{
  "test1": {
    "mse": {
      "mean": 358772160.0,
      "std": 7492672512.0,
      "variance": 5.614014012447523e+19,
      "count": 1254960
    },
    "nmse": {
      "mean": 52.00822830200195,
      "std": 707.455078125,
      "variance": 500492.65625,
      "count": 1254960
    },
    "mae": {
      "mean": 2948.81201171875,
      "std": 18710.3359375,
      "variance": 350076672.0,
      "count": 1254960
    },
    "nmae": {
      "mean": 4.244315147399902,
      "std": 5.830438613891602,
      "variance": 33.994014739990234,
      "count": 1254960
    },
    "relative_mse": {
      "mean": 1.341064214706421,
      "std": 2.4499573707580566,
      "variance": 6.002291202545166,
      "count": 1254960
    }
  },
  "test2": {
    "mse": {
      "mean": 18970950.0,
      "std": 94371216.0,
      "variance": 8905927147126784.0,
      "count": 317520
    },
    "nmse": {
      "mean": 93.81875610351562,
      "std": 536.2974853515625,
      "variance": 287615.03125,
      "count": 317520
    },
    "mae": {
      "mean": 1785.0975341796875,
      "std": 3972.95556640625,
      "variance": 15784375.0,
      "count": 317520
    },
    "nmae": {
      "mean": 5.21366024017334,
      "std": 8.163118362426758,
      "variance": 66.63650512695312,
      "count": 317520
    },
    "relative_mse": {
      "mean": 1.45597243309021,
      "std": 1.9123207330703735,
      "variance": 3.656970500946045,
      "count": 317520
    }
  }
}