{
  "test1": {
    "mse": {
      "mean": 7312461.5,
      "std": 243247936.0,
      "variance": 5.916955682380186e+16,
      "count": 1134000
    },
    "nmse": {
      "mean": 0.23684021830558777,
      "std": 1.578418254852295,
      "variance": 2.4914040565490723,
      "count": 1134000
    },
    "mae": {
      "mean": 273.908203125,
      "std": 2690.24853515625,
      "variance": 7237436.5,
      "count": 1134000
    },
    "nmae": {
      "mean": 0.3112964630126953,
      "std": 0.37407851219177246,
      "variance": 0.1399347335100174,
      "count": 1134000
    },
    "relative_mse": {
      "mean": 0.04490182176232338,
      "std": 0.5733927488327026,
      "variance": 0.3287792205810547,
      "count": 1134000
    }
  },
  "test2": {
    "mse": {
      "mean": 188202.125,
      "std": 2010239.125,
      "variance": 4041061171200.0,
      "count": 285768
    },
    "nmse": {
      "mean": 0.27375656366348267,
      "std": 4.400882244110107,
      "variance": 19.36776351928711,
      "count": 285768
    },
    "mae": {
      "mean": 139.59445190429688,
      "std": 410.74993896484375,
      "variance": 168715.5,
      "count": 285768
    },
    "nmae": {
      "mean": 0.30888742208480835,
      "std": 0.4223092794418335,
      "variance": 0.17834511399269104,
      "count": 285768
    },
    "relative_mse": {
      "mean": 0.030875403434038162,
      "std": 0.39415106177330017,
      "variance": 0.1553550660610199,
      "count": 285768
    }
  }
}