{
  "test1": {
    "mse": {
      "mean": 6992795.0,
      "std": 237563440.0,
      "variance": 5.643638566551552e+16,
      "count": 1129464
    },
    "nmse": {
      "mean": 0.2280857115983963,
      "std": 1.5688713788986206,
      "variance": 2.461357355117798,
      "count": 1129464
    },
    "mae": {
      "mean": 264.47711181640625,
      "std": 2631.130615234375,
      "variance": 6922848.0,
      "count": 1129464
    },
    "nmae": {
      "mean": 0.3009612560272217,
      "std": 0.3708207309246063,
      "variance": 0.13750801980495453,
      "count": 1129464
    },
    "relative_mse": {
      "mean": 0.04307502135634422,
      "std": 0.5696126222610474,
      "variance": 0.3244585394859314,
      "count": 1129464
    }
  },
  "test2": {
    "mse": {
      "mean": 177843.71875,
      "std": 1942419.0,
      "variance": 3772991406080.0,
      "count": 285768
    },
    "nmse": {
      "mean": 0.2654086947441101,
      "std": 4.37037467956543,
      "variance": 19.100175857543945,
      "count": 285768
    },
    "mae": {
      "mean": 134.5042724609375,
      "std": 399.6902770996094,
      "variance": 159752.328125,
      "count": 285768
    },
    "nmae": {
      "mean": 0.2993820905685425,
      "std": 0.4192601144313812,
      "variance": 0.1757790446281433,
      "count": 285768
    },
    "relative_mse": {
      "mean": 0.028548402711749077,
      "std": 0.3890038728713989,
      "variance": 0.15132401883602142,
      "count": 285768
    }
  }
}