{
  "test1": {
    "mse": {
      "mean": 12689333.0,
      "std": 387484224.0,
      "variance": 1.501440164893819e+17,
      "count": 1161216
    },
    "nmse": {
      "mean": 296241174937600.0,
      "std": 5.954820114061722e+16,
      "variance": 3.5459882539400843e+33,
      "count": 1161216
    },
    "mae": {
      "mean": 400.0756530761719,
      "std": 3539.671142578125,
      "variance": 12529272.0,
      "count": 1161216
    },
    "nmae": {
      "mean": 110229.703125,
      "std": 17211306.0,
      "variance": 296229028233216.0,
      "count": 1161216
    },
    "relative_mse": {
      "mean": 296241174937600.0,
      "std": 5.954820114061722e+16,
      "variance": 3.5459882539400843e+33,
      "count": 1161216
    }
  },
  "test2": {
    "mse": {
      "mean": 323896.40625,
      "std": 2892341.25,
      "variance": 8365638418432.0,
      "count": 294840
    },
    "nmse": {
      "mean": 0.44163939356803894,
      "std": 4.365281581878662,
      "variance": 19.055683135986328,
      "count": 294840
    },
    "mae": {
      "mean": 210.7524871826172,
      "std": 528.6585083007812,
      "variance": 279479.8125,
      "count": 294840
    },
    "nmae": {
      "mean": 0.4505710303783417,
      "std": 0.4884927570819855,
      "variance": 0.238625168800354,
      "count": 294840
    },
    "relative_mse": {
      "mean": 0.046464648097753525,
      "std": 0.38507723808288574,
      "variance": 0.14828447997570038,
      "count": 294840
    }
  }
}