{
  "test1": {
    "mse": {
      "mean": 15300886.0,
      "std": 511964416.0,
      "variance": 2.621075776035881e+17,
      "count": 1254960
    },
    "nmse": {
      "mean": 1464.7373046875,
      "std": 32826.796875,
      "variance": 1077598464.0,
      "count": 1254960
    },
    "mae": {
      "mean": 687.544921875,
      "std": 3850.736083984375,
      "variance": 14828168.0,
      "count": 1254960
    },
    "nmae": {
      "mean": 6.716827392578125,
      "std": 37.6778678894043,
      "variance": 1419.62158203125,
      "count": 1254960
    },
    "relative_mse": {
      "mean": 22.107500076293945,
      "std": 259.2485656738281,
      "variance": 67209.8203125,
      "count": 1254960
    }
  },
  "test2": {
    "mse": {
      "mean": 318490.53125,
      "std": 1559229.0,
      "variance": 2431195021312.0,
      "count": 317520
    },
    "nmse": {
      "mean": 400.40484619140625,
      "std": 4442.77734375,
      "variance": 19738270.0,
      "count": 317520
    },
    "mae": {
      "mean": 398.8316650390625,
      "std": 399.27911376953125,
      "variance": 159423.796875,
      "count": 317520
    },
    "nmae": {
      "mean": 6.263400077819824,
      "std": 19.004594802856445,
      "variance": 361.1746520996094,
      "count": 317520
    },
    "relative_mse": {
      "mean": 7.792904376983643,
      "std": 38.14808654785156,
      "variance": 1455.2763671875,
      "count": 317520
    }
  }
}