{
  "test1": {
    "mse": {
      "mean": 0.0007716167019680142,
      "std": 0.00467449426651001,
      "variance": 2.185089761042036e-05,
      "count": 2295168
    },
    "nmse": {
      "mean": 0.3318602740764618,
      "std": 7.549675464630127,
      "variance": 56.997596740722656,
      "count": 2295168
    },
    "mae": {
      "mean": 0.012633288279175758,
      "std": 0.024738971143960953,
      "variance": 0.0006120167090557516,
      "count": 2295168
    },
    "nmae": {
      "mean": 0.26832351088523865,
      "std": 0.5097673535346985,
      "variance": 0.2598627507686615,
      "count": 2295168
    },
    "relative_mse": {
      "mean": 1.1034080982208252,
      "std": 265.0858154296875,
      "variance": 70270.4921875,
      "count": 2295168
    }
  },
  "test2": {
    "mse": {
      "mean": 0.0008244906784966588,
      "std": 0.0043368153274059296,
      "variance": 1.880796844488941e-05,
      "count": 573792
    },
    "nmse": {
      "mean": 0.29573699831962585,
      "std": 2.302441120147705,
      "variance": 5.301235198974609,
      "count": 573792
    },
    "mae": {
      "mean": 0.013843771070241928,
      "std": 0.025156324729323387,
      "variance": 0.0006328406743705273,
      "count": 573792
    },
    "nmae": {
      "mean": 0.2747575640678406,
      "std": 0.4693030118942261,
      "variance": 0.22024531662464142,
      "count": 573792
    },
    "relative_mse": {
      "mean": 0.41488590836524963,
      "std": 22.406814575195312,
      "variance": 502.06536865234375,
      "count": 573792
    }
  }
}