{
  "test1": {
    "mse": {
      "mean": 0.0007988033466972411,
      "std": 0.0047165947034955025,
      "variance": 2.224626405222807e-05,
      "count": 2298504
    },
    "nmse": {
      "mean": 0.3367086946964264,
      "std": 7.546180725097656,
      "variance": 56.94483947753906,
      "count": 2298504
    },
    "mae": {
      "mean": 0.01308060996234417,
      "std": 0.02505396120250225,
      "variance": 0.000627700996119529,
      "count": 2298504
    },
    "nmae": {
      "mean": 0.2748155891895294,
      "std": 0.5110626816749573,
      "variance": 0.26118505001068115,
      "count": 2298504
    },
    "relative_mse": {
      "mean": 1.11576247215271,
      "std": 265.31048583984375,
      "variance": 70389.65625,
      "count": 2298504
    }
  },
  "test2": {
    "mse": {
      "mean": 0.0007301365258172154,
      "std": 0.004043676424771547,
      "variance": 1.635131957300473e-05,
      "count": 577128
    },
    "nmse": {
      "mean": 0.2818365693092346,
      "std": 2.240567922592163,
      "variance": 5.020144462585449,
      "count": 577128
    },
    "mae": {
      "mean": 0.012888478115200996,
      "std": 0.023749182000756264,
      "variance": 0.000564023619517684,
      "count": 577128
    },
    "nmae": {
      "mean": 0.26803848147392273,
      "std": 0.45824873447418213,
      "variance": 0.209991917014122,
      "count": 577128
    },
    "relative_mse": {
      "mean": 0.3770699203014374,
      "std": 21.536108016967773,
      "variance": 463.8039245605469,
      "count": 577128
    }
  }
}