{
  "test1": {
    "mse": {
      "mean": 22155658.0,
      "std": 592136512.0,
      "variance": 3.50625633803436e+17,
      "count": 1129464
    },
    "nmse": {
      "mean": 383.21722412109375,
      "std": 15993.9033203125,
      "variance": 255804944.0,
      "count": 1129464
    },
    "mae": {
      "mean": 633.6322021484375,
      "std": 4664.13623046875,
      "variance": 21754168.0,
      "count": 1129464
    },
    "nmae": {
      "mean": 3.5542593002319336,
      "std": 19.25057029724121,
      "variance": 370.5844421386719,
      "count": 1129464
    },
    "relative_mse": {
      "mean": 6.217042922973633,
      "std": 88.61891174316406,
      "variance": 7853.31201171875,
      "count": 1129464
    }
  },
  "test2": {
    "mse": {
      "mean": 561081.6875,
      "std": 3892868.25,
      "variance": 15154423005184.0,
      "count": 285768
    },
    "nmse": {
      "mean": 1071.0853271484375,
      "std": 11617.384765625,
      "variance": 134963632.0,
      "count": 285768
    },
    "mae": {
      "mean": 387.11822509765625,
      "std": 641.2653198242188,
      "variance": 411221.15625,
      "count": 285768
    },
    "nmae": {
      "mean": 6.4923319816589355,
      "std": 32.07701873779297,
      "variance": 1028.93505859375,
      "count": 285768
    },
    "relative_mse": {
      "mean": 28.745161056518555,
      "std": 324.77874755859375,
      "variance": 105481.2421875,
      "count": 285768
    }
  },
  "valid1": {
    "mse": {
      "mean": 8214233.5
    },
    "nmse": {
      "mean": 844.145751953125
    },
    "mae": {
      "mean": 529.7035522460938
    },
    "nmae": {
      "mean": 4.185306549072266
    },
    "relative_mse": {
      "mean": 5.361221790313721
    }
  },
  "valid2": {
    "mse": {
      "mean": 560272.375
    },
    "nmse": {
      "mean": 1171.063720703125
    },
    "mae": {
      "mean": 385.64642333984375
    },
    "nmae": {
      "mean": 6.348826885223389
    },
    "relative_mse": {
      "mean": 28.411476135253906
    }
  }
}