{
  "test1": {
    "mse": {
      "mean": 342947328.0,
      "std": 7229842432.0,
      "variance": 5.227062445479664e+19,
      "count": 1183248
    },
    "nmse": {
      "mean": 56.487937927246094,
      "std": 884.419677734375,
      "variance": 782198.1875,
      "count": 1183248
    },
    "mae": {
      "mean": 2897.203125,
      "std": 18290.8046875,
      "variance": 334553536.0,
      "count": 1183248
    },
    "nmae": {
      "mean": 4.33812141418457,
      "std": 6.137478351593018,
      "variance": 37.66864013671875,
      "count": 1183248
    },
    "relative_mse": {
      "mean": 1.5538800954818726,
      "std": 2.739649772644043,
      "variance": 7.50568151473999,
      "count": 1183248
    }
  },
  "test2": {
    "mse": {
      "mean": 18155654.0,
      "std": 90360720.0,
      "variance": 8165059784081408.0,
      "count": 299376
    },
    "nmse": {
      "mean": 100.01875305175781,
      "std": 469.8187561035156,
      "variance": 220729.65625,
      "count": 299376
    },
    "mae": {
      "mean": 1766.7545166015625,
      "std": 3877.400146484375,
      "variance": 15034233.0,
      "count": 299376
    },
    "nmae": {
      "mean": 5.441996097564697,
      "std": 8.39067554473877,
      "variance": 70.4034423828125,
      "count": 299376
    },
    "relative_mse": {
      "mean": 2.1530587673187256,
      "std": 6.285506248474121,
      "variance": 39.507591247558594,
      "count": 299376
    }
  }
}