{
  "test1": {
    "mse": {
      "mean": 0.0008266072254627943,
      "std": 0.004903221037238836,
      "variance": 2.404157567070797e-05,
      "count": 1967784
    },
    "nmse": {
      "mean": 0.2940371334552765,
      "std": 2.571021795272827,
      "variance": 6.610153675079346,
      "count": 1967784
    },
    "mae": {
      "mean": 0.013054748997092247,
      "std": 0.025616027414798737,
      "variance": 0.0006561808404512703,
      "count": 1967784
    },
    "nmae": {
      "mean": 0.2652815878391266,
      "std": 0.47293004393577576,
      "variance": 0.2236628234386444,
      "count": 1967784
    },
    "relative_mse": {
      "mean": 0.21282699704170227,
      "std": 3.054961681365967,
      "variance": 9.33279037475586,
      "count": 1967784
    }
  },
  "test2": {
    "mse": {
      "mean": 0.0007575207855552435,
      "std": 0.004422003868967295,
      "variance": 1.955411789822392e-05,
      "count": 494088
    },
    "nmse": {
      "mean": 0.3255365192890167,
      "std": 3.880707263946533,
      "variance": 15.05988883972168,
      "count": 494088
    },
    "mae": {
      "mean": 0.012529672123491764,
      "std": 0.024505674839019775,
      "variance": 0.0006005280883982778,
      "count": 494088
    },
    "nmae": {
      "mean": 0.2688947319984436,
      "std": 0.5032218098640442,
      "variance": 0.2532321810722351,
      "count": 494088
    },
    "relative_mse": {
      "mean": 0.2286486178636551,
      "std": 2.220527410507202,
      "variance": 4.930742263793945,
      "count": 494088
    }
  }
}