{
  "test1": {
    "mse": {
      "mean": 0.0007778007420711219,
      "std": 0.004586182069033384,
      "variance": 2.1033065422670916e-05,
      "count": 2298504
    },
    "nmse": {
      "mean": 0.323763906955719,
      "std": 7.364150047302246,
      "variance": 54.2307014465332,
      "count": 2298504
    },
    "mae": {
      "mean": 0.012816899456083775,
      "std": 0.02476949244737625,
      "variance": 0.0006135277799330652,
      "count": 2298504
    },
    "nmae": {
      "mean": 0.2699008882045746,
      "std": 0.500916600227356,
      "variance": 0.2509174346923828,
      "count": 2298504
    },
    "relative_mse": {
      "mean": 1.0064218044281006,
      "std": 263.81298828125,
      "variance": 69597.2890625,
      "count": 2298504
    }
  },
  "test2": {
    "mse": {
      "mean": 0.0008089576731435955,
      "std": 0.004926051013171673,
      "variance": 2.426597711746581e-05,
      "count": 577128
    },
    "nmse": {
      "mean": 0.34153667092323303,
      "std": 4.107977867126465,
      "variance": 16.8754825592041,
      "count": 577128
    },
    "mae": {
      "mean": 0.012918878346681595,
      "std": 0.025338908657431602,
      "variance": 0.0006420603021979332,
      "count": 577128
    },
    "nmae": {
      "mean": 0.27388083934783936,
      "std": 0.5162615180015564,
      "variance": 0.2665259540081024,
      "count": 577128
    },
    "relative_mse": {
      "mean": 0.8024117946624756,
      "std": 56.57980728149414,
      "variance": 3201.2744140625,
      "count": 577128
    }
  }
}