{
  "test1": {
    "mse": {
      "mean": 11.547269821166992,
      "std": 54.61885452270508,
      "variance": 2983.21923828125,
      "count": 1127496
    },
    "nmse": {
      "mean": 0.7044539451599121,
      "std": 6.925473213195801,
      "variance": 47.96217727661133,
      "count": 1127496
    },
    "mae": {
      "mean": 1.7186858654022217,
      "std": 2.931448221206665,
      "variance": 8.593388557434082,
      "count": 1127496
    },
    "nmae": {
      "mean": 0.3173943758010864,
      "std": 0.7769908905029297,
      "variance": 0.6037148237228394,
      "count": 1127496
    },
    "relative_mse": {
      "mean": 2.790693521499634,
      "std": 30.71317481994629,
      "variance": 943.2991943359375,
      "count": 1127496
    }
  },
  "test2": {
    "mse": {
      "mean": 9.275364875793457,
      "std": 35.986507415771484,
      "variance": 1295.02880859375,
      "count": 289632
    },
    "nmse": {
      "mean": 0.6698330640792847,
      "std": 6.769078254699707,
      "variance": 45.8204231262207,
      "count": 289632
    },
    "mae": {
      "mean": 1.6296839714050293,
      "std": 2.572838068008423,
      "variance": 6.619495391845703,
      "count": 289632
    },
    "nmae": {
      "mean": 0.31910088658332825,
      "std": 0.7536628246307373,
      "variance": 0.5680076479911804,
      "count": 289632
    },
    "relative_mse": {
      "mean": 2.688032865524292,
      "std": 34.12158966064453,
      "variance": 1164.2828369140625,
      "count": 289632
    }
  },
  "valid1": {
    "mse": {
      "mean": 11.7014799118042
    },
    "nmse": {
      "mean": 0.19525030255317688
    },
    "mae": {
      "mean": 1.7656160593032837
    },
    "nmae": {
      "mean": 0.22186458110809326
    },
    "relative_mse": {
      "mean": 0.4168320298194885
    }
  },
  "valid2": {
    "mse": {
      "mean": 9.161994934082031
    },
    "nmse": {
      "mean": 0.19325217604637146
    },
    "mae": {
      "mean": 1.6713634729385376
    },
    "nmae": {
      "mean": 0.22347769141197205
    },
    "relative_mse": {
      "mean": 0.40421056747436523
    }
  }
}