{
  "test1": {
    "mse": {
      "mean": 0.0008268140954896808,
      "std": 0.004920287523418665,
      "variance": 2.420923010504339e-05,
      "count": 1736280
    },
    "nmse": {
      "mean": 0.31532198190689087,
      "std": 2.9366466999053955,
      "variance": 8.623893737792969,
      "count": 1736280
    },
    "mae": {
      "mean": 0.013209268450737,
      "std": 0.02554073929786682,
      "variance": 0.000652329355943948,
      "count": 1736280
    },
    "nmae": {
      "mean": 0.27344217896461487,
      "std": 0.4904603660106659,
      "variance": 0.24055136740207672,
      "count": 1736280
    },
    "relative_mse": {
      "mean": 0.2227581888437271,
      "std": 3.605694055557251,
      "variance": 13.001029968261719,
      "count": 1736280
    }
  },
  "test2": {
    "mse": {
      "mean": 0.0007575112977065146,
      "std": 0.004343740176409483,
      "variance": 1.8868076949729584e-05,
      "count": 435960
    },
    "nmse": {
      "mean": 0.3518710136413574,
      "std": 4.118799209594727,
      "variance": 16.964508056640625,
      "count": 435960
    },
    "mae": {
      "mean": 0.012711677700281143,
      "std": 0.02441156469285488,
      "variance": 0.0005959245027042925,
      "count": 435960
    },
    "nmae": {
      "mean": 0.2785136103630066,
      "std": 0.5237376689910889,
      "variance": 0.2743011713027954,
      "count": 435960
    },
    "relative_mse": {
      "mean": 0.23666879534721375,
      "std": 2.298703908920288,
      "variance": 5.2840399742126465,
      "count": 435960
    }
  }
}