{
  "test1": {
    "mse": {
      "mean": 13.29114818572998,
      "std": 70.30435943603516,
      "variance": 4942.70263671875,
      "count": 1127496
    },
    "nmse": {
      "mean": 0.6804643869400024,
      "std": 6.260202407836914,
      "variance": 39.19013595581055,
      "count": 1127496
    },
    "mae": {
      "mean": 1.917954444885254,
      "std": 3.100419282913208,
      "variance": 9.61259937286377,
      "count": 1127496
    },
    "nmae": {
      "mean": 0.3446662724018097,
      "std": 0.7494461536407471,
      "variance": 0.5616695284843445,
      "count": 1127496
    },
    "relative_mse": {
      "mean": 2.745378255844116,
      "std": 29.238039016723633,
      "variance": 854.8629150390625,
      "count": 1127496
    }
  },
  "test2": {
    "mse": {
      "mean": 10.203821182250977,
      "std": 43.484004974365234,
      "variance": 1890.858642578125,
      "count": 289632
    },
    "nmse": {
      "mean": 0.6317624449729919,
      "std": 5.328452110290527,
      "variance": 28.392398834228516,
      "count": 289632
    },
    "mae": {
      "mean": 1.8083401918411255,
      "std": 2.63319730758667,
      "variance": 6.933727741241455,
      "count": 289632
    },
    "nmae": {
      "mean": 0.3457134962081909,
      "std": 0.7157126665115356,
      "variance": 0.5122445821762085,
      "count": 289632
    },
    "relative_mse": {
      "mean": 2.5841476917266846,
      "std": 26.804405212402344,
      "variance": 718.4761962890625,
      "count": 289632
    }
  }
}