{
  "test1": {
    "mse": {
      "mean": 10200236.0,
      "std": 313306208.0,
      "variance": 9.816078176537805e+16,
      "count": 1129464
    },
    "nmse": {
      "mean": 0.366673082113266,
      "std": 1.7209217548370361,
      "variance": 2.961571455001831,
      "count": 1129464
    },
    "mae": {
      "mean": 353.3045654296875,
      "std": 3174.1787109375,
      "variance": 10075411.0,
      "count": 1129464
    },
    "nmae": {
      "mean": 0.40954819321632385,
      "std": 0.4460306763648987,
      "variance": 0.1989433616399765,
      "count": 1129464
    },
    "relative_mse": {
      "mean": 0.07508286088705063,
      "std": 0.6748831272125244,
      "variance": 0.45546725392341614,
      "count": 1129464
    }
  },
  "test2": {
    "mse": {
      "mean": 306819.03125,
      "std": 2775742.25,
      "variance": 7704745082880.0,
      "count": 285768
    },
    "nmse": {
      "mean": 0.40263739228248596,
      "std": 4.552300453186035,
      "variance": 20.723438262939453,
      "count": 285768
    },
    "mae": {
      "mean": 190.2093963623047,
      "std": 520.2301635742188,
      "variance": 270639.40625,
      "count": 285768
    },
    "nmae": {
      "mean": 0.406919002532959,
      "std": 0.4868822693824768,
      "variance": 0.23705433309078217,
      "count": 285768
    },
    "relative_mse": {
      "mean": 0.052308090031147,
      "std": 0.4353943169116974,
      "variance": 0.1895681917667389,
      "count": 285768
    }
  }
}