{
  "test1": {
    "mse": {
      "mean": 10874521.0,
      "std": 348278368.0,
      "variance": 1.212978221285376e+17,
      "count": 1161216
    },
    "nmse": {
      "mean": 296241174937600.0,
      "std": 5.954820114061722e+16,
      "variance": 3.5459882539400843e+33,
      "count": 1161216
    },
    "mae": {
      "mean": 360.9007263183594,
      "std": 3277.845703125,
      "variance": 10744272.0,
      "count": 1161216
    },
    "nmae": {
      "mean": 110229.6953125,
      "std": 17211306.0,
      "variance": 296229028233216.0,
      "count": 1161216
    },
    "relative_mse": {
      "mean": 296241174937600.0,
      "std": 5.954820114061722e+16,
      "variance": 3.5459882539400843e+33,
      "count": 1161216
    }
  },
  "test2": {
    "mse": {
      "mean": 242073.625,
      "std": 2525760.5,
      "variance": 6379465605120.0,
      "count": 294840
    },
    "nmse": {
      "mean": 0.45453083515167236,
      "std": 4.523165225982666,
      "variance": 20.45902442932129,
      "count": 294840
    },
    "mae": {
      "mean": 183.20480346679688,
      "std": 456.6285705566406,
      "variance": 208509.640625,
      "count": 294840
    },
    "nmae": {
      "mean": 0.4340564012527466,
      "std": 0.515873908996582,
      "variance": 0.26612588763237,
      "count": 294840
    },
    "relative_mse": {
      "mean": 0.04770379886031151,
      "std": 0.4011552631855011,
      "variance": 0.16092553734779358,
      "count": 294840
    }
  }
}