{
  "test1": {
    "mse": {
      "mean": 11224252.0,
      "std": 347222368.0,
      "variance": 1.20563374130987e+17,
      "count": 1134000
    },
    "nmse": {
      "mean": 0.37904608249664307,
      "std": 1.7258377075195312,
      "variance": 2.978515625,
      "count": 1134000
    },
    "mae": {
      "mean": 365.9161071777344,
      "std": 3330.21875,
      "variance": 11090357.0,
      "count": 1134000
    },
    "nmae": {
      "mean": 0.422053724527359,
      "std": 0.4482373297214508,
      "variance": 0.20091670751571655,
      "count": 1134000
    },
    "relative_mse": {
      "mean": 0.07702240347862244,
      "std": 0.691095232963562,
      "variance": 0.47761261463165283,
      "count": 1134000
    }
  },
  "test2": {
    "mse": {
      "mean": 318959.96875,
      "std": 2801428.25,
      "variance": 7847999438848.0,
      "count": 285768
    },
    "nmse": {
      "mean": 0.4133996367454529,
      "std": 4.558452129364014,
      "variance": 20.77948570251465,
      "count": 285768
    },
    "mae": {
      "mean": 195.5619659423828,
      "std": 529.825927734375,
      "variance": 280715.5,
      "count": 285768
    },
    "nmae": {
      "mean": 0.41739875078201294,
      "std": 0.489058256149292,
      "variance": 0.23917797207832336,
      "count": 285768
    },
    "relative_mse": {
      "mean": 0.05566088855266571,
      "std": 0.4414224624633789,
      "variance": 0.1948537975549698,
      "count": 285768
    }
  }
}