{
  "test1": {
    "mse": {
      "mean": 19.461566925048828,
      "std": 71.87702941894531,
      "variance": 5166.306640625,
      "count": 1080408
    },
    "nmse": {
      "mean": 0.37018197774887085,
      "std": 1.5669646263122559,
      "variance": 2.455378293991089,
      "count": 1080408
    },
    "mae": {
      "mean": 2.303819179534912,
      "std": 3.7621779441833496,
      "variance": 14.153983116149902,
      "count": 1080408
    },
    "nmae": {
      "mean": 0.3150026500225067,
      "std": 0.5205336809158325,
      "variance": 0.27095529437065125,
      "count": 1080408
    },
    "relative_mse": {
      "mean": 1.3078997135162354,
      "std": 6.816309452056885,
      "variance": 46.46207046508789,
      "count": 1080408
    }
  },
  "test2": {
    "mse": {
      "mean": 21.555156707763672,
      "std": 79.017333984375,
      "variance": 6243.73876953125,
      "count": 277536
    },
    "nmse": {
      "mean": 0.38836556673049927,
      "std": 1.7595168352127075,
      "variance": 3.0958995819091797,
      "count": 277536
    },
    "mae": {
      "mean": 2.425706386566162,
      "std": 3.958674669265747,
      "variance": 15.67110538482666,
      "count": 277536
    },
    "nmae": {
      "mean": 0.31844431161880493,
      "std": 0.5356853604316711,
      "variance": 0.286958783864975,
      "count": 277536
    },
    "relative_mse": {
      "mean": 1.365389347076416,
      "std": 7.451242923736572,
      "variance": 55.521018981933594,
      "count": 277536
    }
  },
  "valid1": {
    "mse": {
      "mean": 15.675951957702637
    },
    "nmse": {
      "mean": 0.18016685545444489
    },
    "mae": {
      "mean": 2.149118185043335
    },
    "nmae": {
      "mean": 0.24598906934261322
    },
    "relative_mse": {
      "mean": 0.37524065375328064
    }
  },
  "valid2": {
    "mse": {
      "mean": 16.24460220336914
    },
    "nmse": {
      "mean": 0.1774754375219345
    },
    "mae": {
      "mean": 2.200195550918579
    },
    "nmae": {
      "mean": 0.24437400698661804
    },
    "relative_mse": {
      "mean": 0.37017202377319336
    }
  }
}