{
  "test1": {
    "mse": {
      "mean": 388789.03125,
      "std": 3929292.25,
      "variance": 15439336833024.0,
      "count": 1129464
    },
    "nmse": {
      "mean": 206.5237579345703,
      "std": 5261.37939453125,
      "variance": 27682114.0,
      "count": 1129464
    },
    "mae": {
      "mean": 253.52491760253906,
      "std": 569.6614379882812,
      "variance": 324514.125,
      "count": 1129464
    },
    "nmae": {
      "mean": 2.473680019378662,
      "std": 14.1564359664917,
      "variance": 200.40467834472656,
      "count": 1129464
    },
    "relative_mse": {
      "mean": 4.280348777770996,
      "std": 60.185935974121094,
      "variance": 3622.34716796875,
      "count": 1129464
    }
  },
  "test2": {
    "mse": {
      "mean": 70569464.0,
      "std": 1098985088.0,
      "variance": 1.2077683056962437e+18,
      "count": 285768
    },
    "nmse": {
      "mean": 8.695063591003418,
      "std": 56.142032623291016,
      "variance": 3151.927978515625,
      "count": 285768
    },
    "mae": {
      "mean": 1082.8653564453125,
      "std": 8330.478515625,
      "variance": 69396864.0,
      "count": 285768
    },
    "nmae": {
      "mean": 1.4356354475021362,
      "std": 2.575658082962036,
      "variance": 6.634014129638672,
      "count": 285768
    },
    "relative_mse": {
      "mean": 0.41691499948501587,
      "std": 1.3398689031600952,
      "variance": 1.7952486276626587,
      "count": 285768
    }
  }
}