{
  "test1": {
    "mse": {
      "mean": 10035744.0,
      "std": 442184224.0,
      "variance": 1.955268743219118e+17,
      "count": 1254960
    },
    "nmse": {
      "mean": 0.5949336290359497,
      "std": 22.79938316345215,
      "variance": 519.8118896484375,
      "count": 1254960
    },
    "mae": {
      "mean": 334.7945251464844,
      "std": 3150.183349609375,
      "variance": 9923655.0,
      "count": 1254960
    },
    "nmae": {
      "mean": 0.40477412939071655,
      "std": 0.6565755605697632,
      "variance": 0.4310914874076843,
      "count": 1254960
    },
    "relative_mse": {
      "mean": 0.07986487448215485,
      "std": 1.1342017650604248,
      "variance": 1.2864136695861816,
      "count": 1254960
    }
  },
  "test2": {
    "mse": {
      "mean": 97558.390625,
      "std": 1145252.0,
      "variance": 1311602114560.0,
      "count": 317520
    },
    "nmse": {
      "mean": 0.4413055181503296,
      "std": 3.168379545211792,
      "variance": 10.038629531860352,
      "count": 317520
    },
    "mae": {
      "mean": 118.89942932128906,
      "std": 288.8275146484375,
      "variance": 83421.328125,
      "count": 317520
    },
    "nmae": {
      "mean": 0.4069806635379791,
      "std": 0.5250450372695923,
      "variance": 0.2756722867488861,
      "count": 317520
    },
    "relative_mse": {
      "mean": 0.05709782987833023,
      "std": 0.3939763903617859,
      "variance": 0.15521740913391113,
      "count": 317520
    }
  }
}