{
  "test1": {
    "mse": {
      "mean": 0.0008019455126486719,
      "std": 0.004847947042435408,
      "variance": 2.3502590920543298e-05,
      "count": 1852032
    },
    "nmse": {
      "mean": 0.29308027029037476,
      "std": 2.9268014430999756,
      "variance": 8.566166877746582,
      "count": 1852032
    },
    "mae": {
      "mean": 0.012737738899886608,
      "std": 0.025292202830314636,
      "variance": 0.0006396955577656627,
      "count": 1852032
    },
    "nmae": {
      "mean": 0.2594979405403137,
      "std": 0.47512221336364746,
      "variance": 0.22574113309383392,
      "count": 1852032
    },
    "relative_mse": {
      "mean": 0.21123281121253967,
      "std": 1.872341275215149,
      "variance": 3.505661725997925,
      "count": 1852032
    }
  },
  "test2": {
    "mse": {
      "mean": 0.0007416074513457716,
      "std": 0.004259645473212004,
      "variance": 1.8144581190426834e-05,
      "count": 465024
    },
    "nmse": {
      "mean": 0.25974342226982117,
      "std": 1.8251792192459106,
      "variance": 3.3312790393829346,
      "count": 465024
    },
    "mae": {
      "mean": 0.012617336586117744,
      "std": 0.02413317933678627,
      "variance": 0.000582410313654691,
      "count": 465024
    },
    "nmae": {
      "mean": 0.254709929227829,
      "std": 0.4414365887641907,
      "variance": 0.19486626982688904,
      "count": 465024
    },
    "relative_mse": {
      "mean": 0.18447324633598328,
      "std": 1.2944178581237793,
      "variance": 1.6755176782608032,
      "count": 465024
    }
  }
}