{
  "test1": {
    "mse": {
      "mean": 184490.609375,
      "std": 9560597.0,
      "variance": 91405015842816.0,
      "count": 1183248
    },
    "nmse": {
      "mean": 0.16589197516441345,
      "std": 6.520199298858643,
      "variance": 42.512996673583984,
      "count": 1183248
    },
    "mae": {
      "mean": 116.38941192626953,
      "std": 413.4538879394531,
      "variance": 170944.125,
      "count": 1183248
    },
    "nmae": {
      "mean": 0.24658402800559998,
      "std": 0.324173241853714,
      "variance": 0.10508827865123749,
      "count": 1183248
    },
    "relative_mse": {
      "mean": 0.032045088708400726,
      "std": 0.48136091232299805,
      "variance": 0.2317083328962326,
      "count": 1183248
    }
  },
  "test2": {
    "mse": {
      "mean": 13135192.0,
      "std": 245822048.0,
      "variance": 6.04284761627689e+16,
      "count": 299376
    },
    "nmse": {
      "mean": 0.16109396517276764,
      "std": 1.542423129081726,
      "variance": 2.3790690898895264,
      "count": 299376
    },
    "mae": {
      "mean": 449.4801025390625,
      "std": 3596.270263671875,
      "variance": 12933160.0,
      "count": 299376
    },
    "nmae": {
      "mean": 0.25648945569992065,
      "std": 0.3087185025215149,
      "variance": 0.0953071191906929,
      "count": 299376
    },
    "relative_mse": {
      "mean": 0.024799058213829994,
      "std": 0.26329487562179565,
      "variance": 0.06932419538497925,
      "count": 299376
    }
  },
  "valid1": {
    "mse": {
      "mean": 134140.78125
    },
    "nmse": {
      "mean": 0.18630120158195496
    },
    "mae": {
      "mean": 106.93303680419922
    },
    "nmae": {
      "mean": 0.24100281298160553
    },
    "relative_mse": {
      "mean": 0.039586059749126434
    }
  },
  "valid2": {
    "mse": {
      "mean": 4212663.5
    },
    "nmse": {
      "mean": 0.13914649188518524
    },
    "mae": {
      "mean": 277.6485595703125
    },
    "nmae": {
      "mean": 0.2430683970451355
    },
    "relative_mse": {
      "mean": 0.02238396927714348
    }
  }
}