{
  "test1": {
    "mse": {
      "mean": 20.777332305908203,
      "std": 72.8363265991211,
      "variance": 5305.130859375,
      "count": 1080408
    },
    "nmse": {
      "mean": 0.4206441044807434,
      "std": 1.8705328702926636,
      "variance": 3.4988932609558105,
      "count": 1080408
    },
    "mae": {
      "mean": 2.544079065322876,
      "std": 3.7821943759918213,
      "variance": 14.304993629455566,
      "count": 1080408
    },
    "nmae": {
      "mean": 0.3475814759731293,
      "std": 0.5475684404373169,
      "variance": 0.29983121156692505,
      "count": 1080408
    },
    "relative_mse": {
      "mean": 1.5509223937988281,
      "std": 8.735919952392578,
      "variance": 76.31629943847656,
      "count": 1080408
    }
  },
  "test2": {
    "mse": {
      "mean": 23.057281494140625,
      "std": 79.57170867919922,
      "variance": 6331.6572265625,
      "count": 277536
    },
    "nmse": {
      "mean": 0.43262383341789246,
      "std": 1.9927153587341309,
      "variance": 3.970914602279663,
      "count": 277536
    },
    "mae": {
      "mean": 2.6825785636901855,
      "std": 3.982593536376953,
      "variance": 15.861051559448242,
      "count": 277536
    },
    "nmae": {
      "mean": 0.34892526268959045,
      "std": 0.5575616359710693,
      "variance": 0.3108749985694885,
      "count": 277536
    },
    "relative_mse": {
      "mean": 1.5887335538864136,
      "std": 9.076065063476562,
      "variance": 82.37494659423828,
      "count": 277536
    }
  }
}