{
  "test1": {
    "mse": {
      "mean": 0.0008047803421504796,
      "std": 0.00475315423682332,
      "variance": 2.259247594338376e-05,
      "count": 2298504
    },
    "nmse": {
      "mean": 0.3219081163406372,
      "std": 6.201760768890381,
      "variance": 38.46183776855469,
      "count": 2298504
    },
    "mae": {
      "mean": 0.013100624084472656,
      "std": 0.025162551552057266,
      "variance": 0.0006331540062092245,
      "count": 2298504
    },
    "nmae": {
      "mean": 0.2726885974407196,
      "std": 0.497543066740036,
      "variance": 0.24754910171031952,
      "count": 2298504
    },
    "relative_mse": {
      "mean": 0.8719567060470581,
      "std": 211.32472229003906,
      "variance": 44658.13671875,
      "count": 2298504
    }
  },
  "test2": {
    "mse": {
      "mean": 0.0007151658646762371,
      "std": 0.0041602011770009995,
      "variance": 1.7307274902123027e-05,
      "count": 577128
    },
    "nmse": {
      "mean": 0.35140904784202576,
      "std": 8.929018020629883,
      "variance": 79.72737121582031,
      "count": 577128
    },
    "mae": {
      "mean": 0.012420848943293095,
      "std": 0.023683080449700356,
      "variance": 0.000560888322070241,
      "count": 577128
    },
    "nmae": {
      "mean": 0.27328094840049744,
      "std": 0.5260480642318726,
      "variance": 0.2767265737056732,
      "count": 577128
    },
    "relative_mse": {
      "mean": 1.3472896814346313,
      "std": 321.4924011230469,
      "variance": 103357.3671875,
      "count": 577128
    }
  }
}