{
  "test1": {
    "mse": {
      "mean": 0.0008875525090843439,
      "std": 0.0049154856242239475,
      "variance": 2.416200004518032e-05,
      "count": 1488240
    },
    "nmse": {
      "mean": 0.35283976793289185,
      "std": 2.664976119995117,
      "variance": 7.102097511291504,
      "count": 1488240
    },
    "mae": {
      "mean": 0.014020595699548721,
      "std": 0.0262864101678133,
      "variance": 0.0006909753428772092,
      "count": 1488240
    },
    "nmae": {
      "mean": 0.29619768261909485,
      "std": 0.5148851275444031,
      "variance": 0.2651067078113556,
      "count": 1488240
    },
    "relative_mse": {
      "mean": 0.24901032447814941,
      "std": 2.129354953765869,
      "variance": 4.534152507781982,
      "count": 1488240
    }
  },
  "test2": {
    "mse": {
      "mean": 0.0009249576833099127,
      "std": 0.005497949663549662,
      "variance": 3.0227449315134436e-05,
      "count": 373680
    },
    "nmse": {
      "mean": 0.3865111172199249,
      "std": 4.216769218444824,
      "variance": 17.781143188476562,
      "count": 373680
    },
    "mae": {
      "mean": 0.014176871627569199,
      "std": 0.02690676599740982,
      "variance": 0.0007239740225486457,
      "count": 373680
    },
    "nmae": {
      "mean": 0.30135172605514526,
      "std": 0.5437813997268677,
      "variance": 0.29569822549819946,
      "count": 373680
    },
    "relative_mse": {
      "mean": 0.26271572709083557,
      "std": 2.429641008377075,
      "variance": 5.90315580368042,
      "count": 373680
    }
  }
}