{
  "test1": {
    "mse": {
      "mean": 10.628312110900879,
      "std": 44.073307037353516,
      "variance": 1942.4564208984375,
      "count": 1090872
    },
    "nmse": {
      "mean": 0.24696704745292664,
      "std": 1.5372987985610962,
      "variance": 2.3632876873016357,
      "count": 1090872
    },
    "mae": {
      "mean": 1.7433803081512451,
      "std": 2.754802703857422,
      "variance": 7.588937759399414,
      "count": 1090872
    },
    "nmae": {
      "mean": 0.24812288582324982,
      "std": 0.4305834174156189,
      "variance": 0.18540208041667938,
      "count": 1090872
    },
    "relative_mse": {
      "mean": 0.9094445705413818,
      "std": 6.396974086761475,
      "variance": 40.92127990722656,
      "count": 1090872
    }
  },
  "test2": {
    "mse": {
      "mean": 15.533289909362793,
      "std": 79.29789733886719,
      "variance": 6288.15625,
      "count": 280224
    },
    "nmse": {
      "mean": 0.24713315069675446,
      "std": 1.534165620803833,
      "variance": 2.3536641597747803,
      "count": 280224
    },
    "mae": {
      "mean": 2.0011043548583984,
      "std": 3.395419120788574,
      "variance": 11.528870582580566,
      "count": 280224
    },
    "nmae": {
      "mean": 0.24630191922187805,
      "std": 0.43182000517845154,
      "variance": 0.18646852672100067,
      "count": 280224
    },
    "relative_mse": {
      "mean": 0.9250850677490234,
      "std": 6.235983848571777,
      "variance": 38.88749694824219,
      "count": 280224
    }
  },
  "valid1": {
    "mse": {
      "mean": 10.088367462158203
    },
    "nmse": {
      "mean": 0.1320110410451889
    },
    "mae": {
      "mean": 1.7789961099624634
    },
    "nmae": {
      "mean": 0.21218577027320862
    },
    "relative_mse": {
      "mean": 0.2968754768371582
    }
  },
  "valid2": {
    "mse": {
      "mean": 14.741783142089844
    },
    "nmse": {
      "mean": 0.1305897831916809
    },
    "mae": {
      "mean": 2.039715051651001
    },
    "nmae": {
      "mean": 0.2091526836156845
    },
    "relative_mse": {
      "mean": 0.300636887550354
    }
  }
}