{
  "test1": {
    "mse": {
      "mean": 21.645931243896484,
      "std": 82.62281799316406,
      "variance": 6826.52978515625,
      "count": 1062096
    },
    "nmse": {
      "mean": 0.29171887040138245,
      "std": 0.7304579615592957,
      "variance": 0.533568799495697,
      "count": 1062096
    },
    "mae": {
      "mean": 2.526144027709961,
      "std": 3.906984329223633,
      "variance": 15.264527320861816,
      "count": 1062096
    },
    "nmae": {
      "mean": 0.3166658878326416,
      "std": 0.4375404417514801,
      "variance": 0.1914416253566742,
      "count": 1062096
    },
    "relative_mse": {
      "mean": 0.880638062953949,
      "std": 2.398928165435791,
      "variance": 5.754856586456299,
      "count": 1062096
    }
  },
  "test2": {
    "mse": {
      "mean": 17.664644241333008,
      "std": 56.36249923706055,
      "variance": 3176.731201171875,
      "count": 272832
    },
    "nmse": {
      "mean": 0.29755479097366333,
      "std": 0.732921302318573,
      "variance": 0.5371736288070679,
      "count": 272832
    },
    "mae": {
      "mean": 2.4003994464874268,
      "std": 3.450032949447632,
      "variance": 11.902727127075195,
      "count": 272832
    },
    "nmae": {
      "mean": 0.3220764696598053,
      "std": 0.4402516782283783,
      "variance": 0.19382153451442719,
      "count": 272832
    },
    "relative_mse": {
      "mean": 0.8916000723838806,
      "std": 2.3886003494262695,
      "variance": 5.705411911010742,
      "count": 272832
    }
  }
}