{
  "test1": {
    "mse": {
      "mean": 20.713191986083984,
      "std": 79.95098876953125,
      "variance": 6392.1611328125,
      "count": 1062096
    },
    "nmse": {
      "mean": 0.2799680233001709,
      "std": 0.7136293053627014,
      "variance": 0.5092667937278748,
      "count": 1062096
    },
    "mae": {
      "mean": 2.4186503887176514,
      "std": 3.855297803878784,
      "variance": 14.863321304321289,
      "count": 1062096
    },
    "nmae": {
      "mean": 0.30299505591392517,
      "std": 0.43377646803855896,
      "variance": 0.18816201388835907,
      "count": 1062096
    },
    "relative_mse": {
      "mean": 0.848724365234375,
      "std": 2.3599648475646973,
      "variance": 5.569433689117432,
      "count": 1062096
    }
  },
  "test2": {
    "mse": {
      "mean": 16.898847579956055,
      "std": 54.62975311279297,
      "variance": 2984.409912109375,
      "count": 272832
    },
    "nmse": {
      "mean": 0.2851598858833313,
      "std": 0.7129983901977539,
      "variance": 0.5083666443824768,
      "count": 272832
    },
    "mae": {
      "mean": 2.2989349365234375,
      "std": 3.4078948497772217,
      "variance": 11.613746643066406,
      "count": 272832
    },
    "nmae": {
      "mean": 0.3083007335662842,
      "std": 0.43601667881011963,
      "variance": 0.19011054933071136,
      "count": 272832
    },
    "relative_mse": {
      "mean": 0.8580884337425232,
      "std": 2.3402435779571533,
      "variance": 5.476739883422852,
      "count": 272832
    }
  }
}