{
  "test1": {
    "mse": {
      "mean": 0.0007584894774481654,
      "std": 0.004485114477574825,
      "variance": 2.0116252926527523e-05,
      "count": 2067000
    },
    "nmse": {
      "mean": 72411592.0,
      "std": 5588921856.0,
      "variance": 3.123604782372094e+19,
      "count": 2067000
    },
    "mae": {
      "mean": 0.012927187606692314,
      "std": 0.02431824989616871,
      "variance": 0.0005913773202337325,
      "count": 2067000
    },
    "nmae": {
      "mean": 138.5069122314453,
      "std": 8508.373046875,
      "variance": 72392408.0,
      "count": 2067000
    },
    "relative_mse": {
      "mean": 72411592.0,
      "std": 5588921856.0,
      "variance": 3.123604782372094e+19,
      "count": 2067000
    }
  },
  "test2": {
    "mse": {
      "mean": 0.000682797865010798,
      "std": 0.003949666861444712,
      "variance": 1.5599869584548287e-05,
      "count": 519000
    },
    "nmse": {
      "mean": 0.28996309638023376,
      "std": 3.727325916290283,
      "variance": 13.892958641052246,
      "count": 519000
    },
    "mae": {
      "mean": 0.012368357740342617,
      "std": 0.02301785536110401,
      "variance": 0.0005298216710798442,
      "count": 519000
    },
    "nmae": {
      "mean": 0.2680641710758209,
      "std": 0.4670167863368988,
      "variance": 0.21810469031333923,
      "count": 519000
    },
    "relative_mse": {
      "mean": 0.20763787627220154,
      "std": 1.9011433124542236,
      "variance": 3.6143457889556885,
      "count": 519000
    }
  }
}