{
  "test1": {
    "mse": {
      "mean": 252910.8125,
      "std": 2991572.75,
      "variance": 8949507031040.0,
      "count": 1129464
    },
    "nmse": {
      "mean": 0.33870983123779297,
      "std": 7.2147417068481445,
      "variance": 52.05249786376953,
      "count": 1129464
    },
    "mae": {
      "mean": 164.34002685546875,
      "std": 475.292724609375,
      "variance": 225903.171875,
      "count": 1129464
    },
    "nmae": {
      "mean": 0.3569309711456299,
      "std": 0.4596847891807556,
      "variance": 0.21131010353565216,
      "count": 1129464
    },
    "relative_mse": {
      "mean": 0.06299503892660141,
      "std": 0.9273803234100342,
      "variance": 0.8600342869758606,
      "count": 1129464
    }
  },
  "test2": {
    "mse": {
      "mean": 49846172.0,
      "std": 856310720.0,
      "variance": 7.332680154155581e+17,
      "count": 285768
    },
    "nmse": {
      "mean": 0.44451645016670227,
      "std": 5.762546062469482,
      "variance": 33.20693588256836,
      "count": 285768
    },
    "mae": {
      "mean": 787.553466796875,
      "std": 7016.119140625,
      "variance": 49225928.0,
      "count": 285768
    },
    "nmae": {
      "mean": 0.3710303008556366,
      "std": 0.5539430975914001,
      "variance": 0.30685293674468994,
      "count": 285768
    },
    "relative_mse": {
      "mean": 0.05702787637710571,
      "std": 0.6784459352493286,
      "variance": 0.4602888822555542,
      "count": 285768
    }
  }
}