{
  "test1": {
    "mse": {
      "mean": 0.0007252314244396985,
      "std": 0.0044549452140927315,
      "variance": 1.9846534996759146e-05,
      "count": 2064000
    },
    "nmse": {
      "mean": 0.26499277353286743,
      "std": 2.897855758666992,
      "variance": 8.397567749023438,
      "count": 2064000
    },
    "mae": {
      "mean": 0.01226065680384636,
      "std": 0.023977233096957207,
      "variance": 0.0005749076954089105,
      "count": 2064000
    },
    "nmae": {
      "mean": 0.2511732578277588,
      "std": 0.4493381381034851,
      "variance": 0.201904758810997,
      "count": 2064000
    },
    "relative_mse": {
      "mean": 0.1977909356355667,
      "std": 2.946272373199463,
      "variance": 8.680520057678223,
      "count": 2064000
    }
  },
  "test2": {
    "mse": {
      "mean": 0.000773365783970803,
      "std": 0.004150622058659792,
      "variance": 1.722766501188744e-05,
      "count": 516000
    },
    "nmse": {
      "mean": 0.2549924850463867,
      "std": 1.9628390073776245,
      "variance": 3.8527369499206543,
      "count": 516000
    },
    "mae": {
      "mean": 0.013445528224110603,
      "std": 0.024343039840459824,
      "variance": 0.0005925835575908422,
      "count": 516000
    },
    "nmae": {
      "mean": 0.2585590183734894,
      "std": 0.43375077843666077,
      "variance": 0.18813973665237427,
      "count": 516000
    },
    "relative_mse": {
      "mean": 0.17334768176078796,
      "std": 1.1642770767211914,
      "variance": 1.3555409908294678,
      "count": 516000
    }
  },
  "valid1": {
    "mse": {
      "mean": 0.0005262155318632722
    },
    "nmse": {
      "mean": 0.22289550304412842
    },
    "mae": {
      "mean": 0.009823707863688469
    },
    "nmae": {
      "mean": 0.2133408486843109
    },
    "relative_mse": {
      "mean": 0.15769022703170776
    }
  },
  "valid2": {
    "mse": {
      "mean": 0.0005899150273762643
    },
    "nmse": {
      "mean": 0.22360174357891083
    },
    "mae": {
      "mean": 0.011080872267484665
    },
    "nmae": {
      "mean": 0.2256978154182434
    },
    "relative_mse": {
      "mean": 0.1343429684638977
    }
  }
}