{
  "test1": {
    "mse": {
      "mean": 0.0007435386069118977,
      "std": 0.004493112210184336,
      "variance": 2.01880593522219e-05,
      "count": 2067000
    },
    "nmse": {
      "mean": 0.2674700617790222,
      "std": 2.916315793991089,
      "variance": 8.504897117614746,
      "count": 2067000
    },
    "mae": {
      "mean": 0.012456993572413921,
      "std": 0.02425617352128029,
      "variance": 0.0005883619305677712,
      "count": 2067000
    },
    "nmae": {
      "mean": 0.25240615010261536,
      "std": 0.45139917731285095,
      "variance": 0.20376120507717133,
      "count": 2067000
    },
    "relative_mse": {
      "mean": 0.19782428443431854,
      "std": 2.944500684738159,
      "variance": 8.670084953308105,
      "count": 2067000
    }
  },
  "test2": {
    "mse": {
      "mean": 0.0006844204617664218,
      "std": 0.003950273618102074,
      "variance": 1.560466262162663e-05,
      "count": 519000
    },
    "nmse": {
      "mean": 0.24071282148361206,
      "std": 1.8606723546981812,
      "variance": 3.462101697921753,
      "count": 519000
    },
    "mae": {
      "mean": 0.012266215868294239,
      "std": 0.023107584565877914,
      "variance": 0.0005339604686014354,
      "count": 519000
    },
    "nmae": {
      "mean": 0.2470167577266693,
      "std": 0.4239051342010498,
      "variance": 0.17969556152820587,
      "count": 519000
    },
    "relative_mse": {
      "mean": 0.17232933640480042,
      "std": 1.2138336896896362,
      "variance": 1.4733922481536865,
      "count": 519000
    }
  }
}