{
  "test1": {
    "mse": {
      "mean": 0.000888465263415128,
      "std": 0.004926216322928667,
      "variance": 2.426760875096079e-05,
      "count": 1488240
    },
    "nmse": {
      "mean": 0.3522736728191376,
      "std": 2.657033920288086,
      "variance": 7.0598297119140625,
      "count": 1488240
    },
    "mae": {
      "mean": 0.013991069979965687,
      "std": 0.026319483295083046,
      "variance": 0.0006927152280695736,
      "count": 1488240
    },
    "nmae": {
      "mean": 0.2949960231781006,
      "std": 0.51502525806427,
      "variance": 0.2652510404586792,
      "count": 1488240
    },
    "relative_mse": {
      "mean": 0.24849259853363037,
      "std": 2.1171748638153076,
      "variance": 4.482429504394531,
      "count": 1488240
    }
  },
  "test2": {
    "mse": {
      "mean": 0.0009249668219126761,
      "std": 0.005497716832906008,
      "variance": 3.0224889997043647e-05,
      "count": 373680
    },
    "nmse": {
      "mean": 0.38605281710624695,
      "std": 4.207558631896973,
      "variance": 17.703550338745117,
      "count": 373680
    },
    "mae": {
      "mean": 0.014142931438982487,
      "std": 0.02692478895187378,
      "variance": 0.0007249442860484123,
      "count": 373680
    },
    "nmae": {
      "mean": 0.30018284916877747,
      "std": 0.5440064668655396,
      "variance": 0.2959430515766144,
      "count": 373680
    },
    "relative_mse": {
      "mean": 0.26225581765174866,
      "std": 2.4221930503845215,
      "variance": 5.867019176483154,
      "count": 373680
    }
  }
}