{
  "test1": {
    "mse": {
      "mean": 366134.875,
      "std": 8255652.0,
      "variance": 68155787444224.0,
      "count": 1266912
    },
    "nmse": {
      "mean": 96.4113998413086,
      "std": 2160.06884765625,
      "variance": 4665898.0,
      "count": 1266912
    },
    "mae": {
      "mean": 217.96360778808594,
      "std": 564.4703369140625,
      "variance": 318626.78125,
      "count": 1266912
    },
    "nmae": {
      "mean": 1.9326602220535278,
      "std": 9.626849174499512,
      "variance": 92.67623138427734,
      "count": 1266912
    },
    "relative_mse": {
      "mean": 1.4844391345977783,
      "std": 17.342880249023438,
      "variance": 300.7755126953125,
      "count": 1266912
    }
  },
  "test2": {
    "mse": {
      "mean": 41651824.0,
      "std": 770777664.0,
      "variance": 5.940982244830085e+17,
      "count": 320544
    },
    "nmse": {
      "mean": 1.9364962577819824,
      "std": 25.94707679748535,
      "variance": 673.250732421875,
      "count": 320544
    },
    "mae": {
      "mean": 926.3779296875,
      "std": 6386.99072265625,
      "variance": 40793648.0,
      "count": 320544
    },
    "nmae": {
      "mean": 0.7376129031181335,
      "std": 1.1800098419189453,
      "variance": 1.3924232721328735,
      "count": 320544
    },
    "relative_mse": {
      "mean": 0.16907384991645813,
      "std": 1.829555869102478,
      "variance": 3.3472745418548584,
      "count": 320544
    }
  },
  "valid1": {
    "mse": {
      "mean": 333461.84375
    },
    "nmse": {
      "mean": 201.350341796875
    },
    "mae": {
      "mean": 209.9753875732422
    },
    "nmae": {
      "mean": 2.274958372116089
    },
    "relative_mse": {
      "mean": 1.3931481838226318
    }
  },
  "valid2": {
    "mse": {
      "mean": 10837428.0
    },
    "nmse": {
      "mean": 1.609610915184021
    },
    "mae": {
      "mean": 606.702880859375
    },
    "nmae": {
      "mean": 0.7053182125091553
    },
    "relative_mse": {
      "mean": 0.15436650812625885
    }
  }
}