{
  "test1": {
    "mse": {
      "mean": 0.0009089549421332777,
      "std": 0.005395552609115839,
      "variance": 2.9111986805219203e-05,
      "count": 2199288
    },
    "nmse": {
      "mean": 0.3820456266403198,
      "std": 8.191619873046875,
      "variance": 67.10263061523438,
      "count": 2199288
    },
    "mae": {
      "mean": 0.013589019887149334,
      "std": 0.02691270038485527,
      "variance": 0.0007242934661917388,
      "count": 2199288
    },
    "nmae": {
      "mean": 0.2869510352611542,
      "std": 0.547452986240387,
      "variance": 0.29970476031303406,
      "count": 2199288
    },
    "relative_mse": {
      "mean": 0.25308993458747864,
      "std": 4.048162460327148,
      "variance": 16.387617111206055,
      "count": 2199288
    }
  },
  "test2": {
    "mse": {
      "mean": 0.0008398402133025229,
      "std": 0.004665324930101633,
      "variance": 2.176525777031202e-05,
      "count": 552216
    },
    "nmse": {
      "mean": 0.3275003433227539,
      "std": 2.6971096992492676,
      "variance": 7.2744011878967285,
      "count": 552216
    },
    "mae": {
      "mean": 0.013412436470389366,
      "std": 0.02568943053483963,
      "variance": 0.0006599468179047108,
      "count": 552216
    },
    "nmae": {
      "mean": 0.27955642342567444,
      "std": 0.49934810400009155,
      "variance": 0.24934853613376617,
      "count": 552216
    },
    "relative_mse": {
      "mean": 0.22275535762310028,
      "std": 1.717121958732605,
      "variance": 2.948507785797119,
      "count": 552216
    }
  }
}