{
  "test1": {
    "mse": {
      "mean": 0.0016323564341291785,
      "std": 0.00618899567052722,
      "variance": 3.830367131740786e-05,
      "count": 1852032
    },
    "nmse": {
      "mean": 5051324928.0,
      "std": 682640670720.0,
      "variance": 4.659982981119279e+23,
      "count": 1852032
    },
    "mae": {
      "mean": 0.024943329393863678,
      "std": 0.03178343176841736,
      "variance": 0.0010101866209879518,
      "count": 1852032
    },
    "nmae": {
      "mean": 742.2978515625,
      "std": 71068.796875,
      "variance": 5050774528.0,
      "count": 1852032
    },
    "relative_mse": {
      "mean": 5051325440.0,
      "std": 682640670720.0,
      "variance": 4.659982981119279e+23,
      "count": 1852032
    }
  },
  "test2": {
    "mse": {
      "mean": 0.0014438754878938198,
      "std": 0.005131708458065987,
      "variance": 2.6334433641750365e-05,
      "count": 465024
    },
    "nmse": {
      "mean": 1.2273823022842407,
      "std": 8.670919418334961,
      "variance": 75.1848373413086,
      "count": 465024
    },
    "mae": {
      "mean": 0.023934774100780487,
      "std": 0.02951274812221527,
      "variance": 0.0008710023830644786,
      "count": 465024
    },
    "nmae": {
      "mean": 0.6223212480545044,
      "std": 0.9165688753128052,
      "variance": 0.84009850025177,
      "count": 465024
    },
    "relative_mse": {
      "mean": 0.6393916010856628,
      "std": 3.812760353088379,
      "variance": 14.537140846252441,
      "count": 465024
    }
  }
}