{
  "test1": {
    "mse": {
      "mean": 20.784059524536133,
      "std": 76.69074249267578,
      "variance": 5881.4697265625,
      "count": 1043784
    },
    "nmse": {
      "mean": 0.2988910377025604,
      "std": 0.7517716884613037,
      "variance": 0.5651606321334839,
      "count": 1043784
    },
    "mae": {
      "mean": 2.415482521057129,
      "std": 3.8664588928222656,
      "variance": 14.949504852294922,
      "count": 1043784
    },
    "nmae": {
      "mean": 0.30972445011138916,
      "std": 0.4505127966403961,
      "variance": 0.2029617726802826,
      "count": 1043784
    },
    "relative_mse": {
      "mean": 0.9153553247451782,
      "std": 2.603206157684326,
      "variance": 6.776681900024414,
      "count": 1043784
    }
  },
  "test2": {
    "mse": {
      "mean": 17.04709243774414,
      "std": 51.04786682128906,
      "variance": 2605.884765625,
      "count": 268128
    },
    "nmse": {
      "mean": 0.3040294051170349,
      "std": 0.7545643448829651,
      "variance": 0.5693673491477966,
      "count": 268128
    },
    "mae": {
      "mean": 2.2952351570129395,
      "std": 3.4320530891418457,
      "variance": 11.7789888381958,
      "count": 268128
    },
    "nmae": {
      "mean": 0.31381213665008545,
      "std": 0.45337769389152527,
      "variance": 0.20555134117603302,
      "count": 268128
    },
    "relative_mse": {
      "mean": 0.9213253855705261,
      "std": 2.565330743789673,
      "variance": 6.580921649932861,
      "count": 268128
    }
  }
}