{
  "test1": {
    "mse": {
      "mean": 0.0007362852920778096,
      "std": 0.004383823834359646,
      "variance": 1.9217912267777137e-05,
      "count": 2064000
    },
    "nmse": {
      "mean": 0.26731690764427185,
      "std": 2.845642566680908,
      "variance": 8.097681999206543,
      "count": 2064000
    },
    "mae": {
      "mean": 0.012553750537335873,
      "std": 0.024055948480963707,
      "variance": 0.0005786886322312057,
      "count": 2064000
    },
    "nmae": {
      "mean": 0.25598573684692383,
      "std": 0.44920843839645386,
      "variance": 0.20178823173046112,
      "count": 2064000
    },
    "relative_mse": {
      "mean": 0.19575098156929016,
      "std": 2.93515682220459,
      "variance": 8.615145683288574,
      "count": 2064000
    }
  },
  "test2": {
    "mse": {
      "mean": 0.0007460660999640822,
      "std": 0.0045087942853569984,
      "variance": 2.0329225662862882e-05,
      "count": 516000
    },
    "nmse": {
      "mean": 0.2588791251182556,
      "std": 2.367781639099121,
      "variance": 5.606389999389648,
      "count": 516000
    },
    "mae": {
      "mean": 0.012700535356998444,
      "std": 0.02418186329305172,
      "variance": 0.0005847624852322042,
      "count": 516000
    },
    "nmae": {
      "mean": 0.2552725374698639,
      "std": 0.44013074040412903,
      "variance": 0.19371506571769714,
      "count": 516000
    },
    "relative_mse": {
      "mean": 0.19017136096954346,
      "std": 1.3753783702850342,
      "variance": 1.8916656970977783,
      "count": 516000
    }
  },
  "valid1": {
    "mse": {
      "mean": 0.0005405286210589111
    },
    "nmse": {
      "mean": 0.22794489562511444
    },
    "mae": {
      "mean": 0.010111440904438496
    },
    "nmae": {
      "mean": 0.21828366816043854
    },
    "relative_mse": {
      "mean": 0.15848161280155182
    }
  },
  "valid2": {
    "mse": {
      "mean": 0.00054886844009161
    },
    "nmse": {
      "mean": 0.21394650638103485
    },
    "mae": {
      "mean": 0.010135028511285782
    },
    "nmae": {
      "mean": 0.21442487835884094
    },
    "relative_mse": {
      "mean": 0.1376054733991623
    }
  }
}