{
  "test1": {
    "mse": {
      "mean": 0.0007330253138206899,
      "std": 0.004301184322685003,
      "variance": 1.8500186342862435e-05,
      "count": 2067000
    },
    "nmse": {
      "mean": 0.26943695545196533,
      "std": 2.8841891288757324,
      "variance": 8.318547248840332,
      "count": 2067000
    },
    "mae": {
      "mean": 0.012588143348693848,
      "std": 0.023970065638422966,
      "variance": 0.0005745640373788774,
      "count": 2067000
    },
    "nmae": {
      "mean": 0.2564769983291626,
      "std": 0.45128318667411804,
      "variance": 0.20365650951862335,
      "count": 2067000
    },
    "relative_mse": {
      "mean": 0.1959531605243683,
      "std": 2.940858840942383,
      "variance": 8.648650169372559,
      "count": 2067000
    }
  },
  "test2": {
    "mse": {
      "mean": 0.0007489121053367853,
      "std": 0.004666164517402649,
      "variance": 2.177309215767309e-05,
      "count": 519000
    },
    "nmse": {
      "mean": 0.2449018806219101,
      "std": 2.0128865242004395,
      "variance": 4.051712512969971,
      "count": 519000
    },
    "mae": {
      "mean": 0.012649141252040863,
      "std": 0.024267496541142464,
      "variance": 0.0005889113526791334,
      "count": 519000
    },
    "nmae": {
      "mean": 0.25258591771125793,
      "std": 0.4255611300468445,
      "variance": 0.18110226094722748,
      "count": 519000
    },
    "relative_mse": {
      "mean": 0.18766121566295624,
      "std": 1.280748963356018,
      "variance": 1.6403180360794067,
      "count": 519000
    }
  }
}