{
  "test1": {
    "mse": {
      "mean": 167987.390625,
      "std": 8305643.0,
      "variance": 68983705305088.0,
      "count": 1266912
    },
    "nmse": {
      "mean": 0.25246745347976685,
      "std": 9.069279670715332,
      "variance": 82.25183868408203,
      "count": 1266912
    },
    "mae": {
      "mean": 112.45611572265625,
      "std": 394.13323974609375,
      "variance": 155341.0,
      "count": 1266912
    },
    "nmae": {
      "mean": 0.2938583791255951,
      "std": 0.4075717031955719,
      "variance": 0.1661147028207779,
      "count": 1266912
    },
    "relative_mse": {
      "mean": 0.04549553245306015,
      "std": 0.8312016129493713,
      "variance": 0.6908961534500122,
      "count": 1266912
    }
  },
  "test2": {
    "mse": {
      "mean": 14440325.0,
      "std": 291220928.0,
      "variance": 8.480963540759347e+16,
      "count": 320544
    },
    "nmse": {
      "mean": 0.27785274386405945,
      "std": 18.45471954345703,
      "variance": 340.5766296386719,
      "count": 320544
    },
    "mae": {
      "mean": 539.560546875,
      "std": 3761.5419921875,
      "variance": 14149198.0,
      "count": 320544
    },
    "nmae": {
      "mean": 0.27777352929115295,
      "std": 0.4479895234107971,
      "variance": 0.20069460570812225,
      "count": 320544
    },
    "relative_mse": {
      "mean": 0.03621057793498039,
      "std": 1.195690631866455,
      "variance": 1.4296760559082031,
      "count": 320544
    }
  }
}