{
  "test1": {
    "mse": {
      "mean": 0.33006107807159424,
      "std": 0.5901837348937988,
      "variance": 0.34831684827804565,
      "count": 1736280
    },
    "nmse": {
      "mean": 98.44837951660156,
      "std": 98.30604553222656,
      "variance": 9664.078125,
      "count": 1736280
    },
    "mae": {
      "mean": 0.44569647312164307,
      "std": 0.36251306533813477,
      "variance": 0.1314157247543335,
      "count": 1736280
    },
    "nmae": {
      "mean": 8.718006134033203,
      "std": 4.7375898361206055,
      "variance": 22.44475746154785,
      "count": 1736280
    },
    "relative_mse": {
      "mean": 78.38079833984375,
      "std": 122.16732025146484,
      "variance": 14924.8544921875,
      "count": 1736280
    }
  },
  "test2": {
    "mse": {
      "mean": 0.34042736887931824,
      "std": 0.5858904123306274,
      "variance": 0.343267560005188,
      "count": 435960
    },
    "nmse": {
      "mean": 109.6835708618164,
      "std": 141.9211883544922,
      "variance": 20141.623046875,
      "count": 435960
    },
    "mae": {
      "mean": 0.4490436911582947,
      "std": 0.37254148721694946,
      "variance": 0.1387871503829956,
      "count": 435960
    },
    "nmae": {
      "mean": 8.95785140991211,
      "std": 5.425906181335449,
      "variance": 29.440458297729492,
      "count": 435960
    },
    "relative_mse": {
      "mean": 89.80181121826172,
      "std": 186.5862579345703,
      "variance": 34814.4296875,
      "count": 435960
    }
  }
}