{
  "test1": {
    "mse": {
      "mean": 0.000806863943580538,
      "std": 0.004769853316247463,
      "variance": 2.2751499272999354e-05,
      "count": 1733760
    },
    "nmse": {
      "mean": 0.31499484181404114,
      "std": 3.041306495666504,
      "variance": 9.24954605102539,
      "count": 1733760
    },
    "mae": {
      "mean": 0.012980370782315731,
      "std": 0.02526606060564518,
      "variance": 0.0006383738364093006,
      "count": 1733760
    },
    "nmae": {
      "mean": 0.2703888416290283,
      "std": 0.49181774258613586,
      "variance": 0.24188470840454102,
      "count": 1733760
    },
    "relative_mse": {
      "mean": 0.22175997495651245,
      "std": 3.626300573348999,
      "variance": 13.150055885314941,
      "count": 1733760
    }
  },
  "test2": {
    "mse": {
      "mean": 0.0008176806150004268,
      "std": 0.004878016654402018,
      "variance": 2.37950480368454e-05,
      "count": 433440
    },
    "nmse": {
      "mean": 0.3350719213485718,
      "std": 3.744018793106079,
      "variance": 14.01767635345459,
      "count": 433440
    },
    "mae": {
      "mean": 0.013089563697576523,
      "std": 0.025423293933272362,
      "variance": 0.0006463439203798771,
      "count": 433440
    },
    "nmae": {
      "mean": 0.27132952213287354,
      "std": 0.5113239884376526,
      "variance": 0.26145225763320923,
      "count": 433440
    },
    "relative_mse": {
      "mean": 0.2304886132478714,
      "std": 2.089812755584717,
      "variance": 4.367317199707031,
      "count": 433440
    }
  }
}