{
  "test1": {
    "mse": {
      "mean": 0.7616823315620422,
      "std": 1.2034040689468384,
      "variance": 1.448181390762329,
      "count": 1736280
    },
    "nmse": {
      "mean": 239.22958374023438,
      "std": 265.97711181640625,
      "variance": 70743.8203125,
      "count": 1736280
    },
    "mae": {
      "mean": 0.6629571318626404,
      "std": 0.5676002502441406,
      "variance": 0.3221700191497803,
      "count": 1736280
    },
    "nmae": {
      "mean": 12.956876754760742,
      "std": 8.446828842163086,
      "variance": 71.34891510009766,
      "count": 1736280
    },
    "relative_mse": {
      "mean": 191.03123474121094,
      "std": 323.0343017578125,
      "variance": 104351.15625,
      "count": 1736280
    }
  },
  "test2": {
    "mse": {
      "mean": 0.7883029580116272,
      "std": 1.5488051176071167,
      "variance": 2.3987972736358643,
      "count": 435960
    },
    "nmse": {
      "mean": 213.55955505371094,
      "std": 256.4894714355469,
      "variance": 65786.8515625,
      "count": 435960
    },
    "mae": {
      "mean": 0.6505863070487976,
      "std": 0.6041857004165649,
      "variance": 0.3650403618812561,
      "count": 435960
    },
    "nmae": {
      "mean": 12.15329360961914,
      "std": 8.115233421325684,
      "variance": 65.85701751708984,
      "count": 435960
    },
    "relative_mse": {
      "mean": 191.46690368652344,
      "std": 324.25164794921875,
      "variance": 105139.1328125,
      "count": 435960
    }
  }
}