{
  "test1": {
    "mse": {
      "mean": 0.0009125899523496628,
      "std": 0.005116486921906471,
      "variance": 2.6178438929491676e-05,
      "count": 1488240
    },
    "nmse": {
      "mean": 0.3521817624568939,
      "std": 2.6065285205841064,
      "variance": 6.7939910888671875,
      "count": 1488240
    },
    "mae": {
      "mean": 0.014247694052755833,
      "std": 0.02663819119334221,
      "variance": 0.0007095932378433645,
      "count": 1488240
    },
    "nmae": {
      "mean": 0.2975112795829773,
      "std": 0.513486921787262,
      "variance": 0.26366880536079407,
      "count": 1488240
    },
    "relative_mse": {
      "mean": 0.24789650738239288,
      "std": 2.122746706008911,
      "variance": 4.506053447723389,
      "count": 1488240
    }
  },
  "test2": {
    "mse": {
      "mean": 0.0008377720369026065,
      "std": 0.00457048462703824,
      "variance": 2.0889328880002722e-05,
      "count": 373680
    },
    "nmse": {
      "mean": 0.3881545960903168,
      "std": 4.310433387756348,
      "variance": 18.579835891723633,
      "count": 373680
    },
    "mae": {
      "mean": 0.013699841685593128,
      "std": 0.025496790185570717,
      "variance": 0.0006500863237306476,
      "count": 373680
    },
    "nmae": {
      "mean": 0.3001876473426819,
      "std": 0.5459322333335876,
      "variance": 0.2980419993400574,
      "count": 373680
    },
    "relative_mse": {
      "mean": 0.2622814476490021,
      "std": 2.3371498584747314,
      "variance": 5.462269306182861,
      "count": 373680
    }
  }
}