{
  "test1": {
    "mse": {
      "mean": 237803.3125,
      "std": 9812720.0,
      "variance": 96289467400192.0,
      "count": 1171296
    },
    "nmse": {
      "mean": 0.23956269025802612,
      "std": 6.686166286468506,
      "variance": 44.70481872558594,
      "count": 1171296
    },
    "mae": {
      "mean": 140.50123596191406,
      "std": 466.97186279296875,
      "variance": 218062.71875,
      "count": 1171296
    },
    "nmae": {
      "mean": 0.2950204908847809,
      "std": 0.3905452489852905,
      "variance": 0.15252558887004852,
      "count": 1171296
    },
    "relative_mse": {
      "mean": 0.04249066859483719,
      "std": 0.6164088845252991,
      "variance": 0.3799598813056946,
      "count": 1171296
    }
  },
  "test2": {
    "mse": {
      "mean": 29014584.0,
      "std": 521618016.0,
      "variance": 2.7208533638801e+17,
      "count": 296352
    },
    "nmse": {
      "mean": 0.2503699064254761,
      "std": 3.868492603302002,
      "variance": 14.965234756469727,
      "count": 296352
    },
    "mae": {
      "mean": 610.0501098632812,
      "std": 5351.86181640625,
      "variance": 28642422.0,
      "count": 296352
    },
    "nmae": {
      "mean": 0.30279043316841125,
      "std": 0.39835643768310547,
      "variance": 0.15868785977363586,
      "count": 296352
    },
    "relative_mse": {
      "mean": 0.03329175338149071,
      "std": 0.4717271327972412,
      "variance": 0.22252649068832397,
      "count": 296352
    }
  }
}