{
  "test1": {
    "mse": {
      "mean": 21.87584686279297,
      "std": 84.65670013427734,
      "variance": 7166.75732421875,
      "count": 1062096
    },
    "nmse": {
      "mean": 0.30029428005218506,
      "std": 0.7837747931480408,
      "variance": 0.6143029928207397,
      "count": 1062096
    },
    "mae": {
      "mean": 2.4972355365753174,
      "std": 3.9547011852264404,
      "variance": 15.63966178894043,
      "count": 1062096
    },
    "nmae": {
      "mean": 0.3144894540309906,
      "std": 0.44876569509506226,
      "variance": 0.20139063894748688,
      "count": 1062096
    },
    "relative_mse": {
      "mean": 0.9086258411407471,
      "std": 2.6758179664611816,
      "variance": 7.160001754760742,
      "count": 1062096
    }
  },
  "test2": {
    "mse": {
      "mean": 17.942840576171875,
      "std": 57.93006134033203,
      "variance": 3355.891845703125,
      "count": 272832
    },
    "nmse": {
      "mean": 0.30410534143447876,
      "std": 0.7777702212333679,
      "variance": 0.6049264669418335,
      "count": 272832
    },
    "mae": {
      "mean": 2.371976137161255,
      "std": 3.5094971656799316,
      "variance": 12.316570281982422,
      "count": 272832
    },
    "nmae": {
      "mean": 0.31809622049331665,
      "std": 0.4504666030406952,
      "variance": 0.20292016863822937,
      "count": 272832
    },
    "relative_mse": {
      "mean": 0.9128464460372925,
      "std": 2.6147499084472656,
      "variance": 6.836916923522949,
      "count": 272832
    }
  }
}