{
  "test1": {
    "mse": {
      "mean": 22.55738067626953,
      "std": 83.919677734375,
      "variance": 7042.5126953125,
      "count": 1062096
    },
    "nmse": {
      "mean": 0.3133026957511902,
      "std": 0.783227801322937,
      "variance": 0.6134458184242249,
      "count": 1062096
    },
    "mae": {
      "mean": 2.6317238807678223,
      "std": 3.953657865524292,
      "variance": 15.631410598754883,
      "count": 1062096
    },
    "nmae": {
      "mean": 0.33353954553604126,
      "std": 0.44950422644615173,
      "variance": 0.20205403864383698,
      "count": 1062096
    },
    "relative_mse": {
      "mean": 0.9484438300132751,
      "std": 2.6394407749176025,
      "variance": 6.966647624969482,
      "count": 1062096
    }
  },
  "test2": {
    "mse": {
      "mean": 18.528715133666992,
      "std": 57.419715881347656,
      "variance": 3297.023681640625,
      "count": 272832
    },
    "nmse": {
      "mean": 0.31638026237487793,
      "std": 0.777543306350708,
      "variance": 0.6045736074447632,
      "count": 272832
    },
    "mae": {
      "mean": 2.4980523586273193,
      "std": 3.505488634109497,
      "variance": 12.288450241088867,
      "count": 272832
    },
    "nmae": {
      "mean": 0.3360554873943329,
      "std": 0.4510509967803955,
      "variance": 0.20344699919223785,
      "count": 272832
    },
    "relative_mse": {
      "mean": 0.9504474997520447,
      "std": 2.5812571048736572,
      "variance": 6.662888050079346,
      "count": 272832
    }
  }
}