{
  "test1": {
    "mse": {
      "mean": 21896768.0,
      "std": 606217856.0,
      "variance": 3.675000792730829e+17,
      "count": 1302528
    },
    "nmse": {
      "mean": 5.556659087896216e+18,
      "std": 1.2168866930643436e+20,
      "variance": Infinity,
      "count": 1302528
    },
    "mae": {
      "mean": 810.0278930664062,
      "std": 4608.7548828125,
      "variance": 21240622.0,
      "count": 1302528
    },
    "nmae": {
      "mean": 134988960.0,
      "std": 2353388288.0,
      "variance": 5.53843633193327e+18,
      "count": 1302528
    },
    "relative_mse": {
      "mean": 5.556659087896216e+18,
      "std": 1.2168866930643436e+20,
      "variance": Infinity,
      "count": 1302528
    }
  },
  "test2": {
    "mse": {
      "mean": 1557015.375,
      "std": 9991481.0,
      "variance": 99829694857216.0,
      "count": 330720
    },
    "nmse": {
      "mean": 397.1532287597656,
      "std": 4921.4853515625,
      "variance": 24221020.0,
      "count": 330720
    },
    "mae": {
      "mean": 553.9232788085938,
      "std": 1118.116455078125,
      "variance": 1250184.5,
      "count": 330720
    },
    "nmae": {
      "mean": 4.991393566131592,
      "std": 19.293500900268555,
      "variance": 372.23919677734375,
      "count": 330720
    },
    "relative_mse": {
      "mean": 149.66006469726562,
      "std": 4196.50830078125,
      "variance": 17610680.0,
      "count": 330720
    }
  }
}