{
  "test1": {
    "mse": {
      "mean": 512610.8125,
      "std": 9130859.0,
      "variance": 83372588138496.0,
      "count": 1266912
    },
    "nmse": {
      "mean": 89.52841186523438,
      "std": 2053.47900390625,
      "variance": 4216775.5,
      "count": 1266912
    },
    "mae": {
      "mean": 260.52508544921875,
      "std": 666.8864135742188,
      "variance": 444737.5,
      "count": 1266912
    },
    "nmae": {
      "mean": 1.7342820167541504,
      "std": 9.30164909362793,
      "variance": 86.52068328857422,
      "count": 1266912
    },
    "relative_mse": {
      "mean": 1.3864526748657227,
      "std": 16.64134979248047,
      "variance": 276.9344787597656,
      "count": 1266912
    }
  },
  "test2": {
    "mse": {
      "mean": 50228408.0,
      "std": 832821184.0,
      "variance": 6.935911762545869e+17,
      "count": 320544
    },
    "nmse": {
      "mean": 3.495612144470215,
      "std": 27.355470657348633,
      "variance": 748.32177734375,
      "count": 320544
    },
    "mae": {
      "mean": 930.8323974609375,
      "std": 7025.806640625,
      "variance": 49361960.0,
      "count": 320544
    },
    "nmae": {
      "mean": 1.0001448392868042,
      "std": 1.5796589851379395,
      "variance": 2.4953224658966064,
      "count": 320544
    },
    "relative_mse": {
      "mean": 0.1800205260515213,
      "std": 0.5901064872741699,
      "variance": 0.3482256531715393,
      "count": 320544
    }
  }
}