{
  "test1": {
    "mse": {
      "mean": 27385154.0,
      "std": 747401536.0,
      "variance": 5.58609047155114e+17,
      "count": 1272000
    },
    "nmse": {
      "mean": 819.212890625,
      "std": 26934.705078125,
      "variance": 725478336.0,
      "count": 1272000
    },
    "mae": {
      "mean": 940.649658203125,
      "std": 5147.84765625,
      "variance": 26500334.0,
      "count": 1272000
    },
    "nmae": {
      "mean": 4.632646560668945,
      "std": 28.244495391845703,
      "variance": 797.75146484375,
      "count": 1272000
    },
    "relative_mse": {
      "mean": 12.059915542602539,
      "std": 209.07286071777344,
      "variance": 43711.45703125,
      "count": 1272000
    }
  },
  "test2": {
    "mse": {
      "mean": 7128392.0,
      "std": 86797088.0,
      "variance": 7533733951307776.0,
      "count": 320544
    },
    "nmse": {
      "mean": 32.567996978759766,
      "std": 404.7909240722656,
      "variance": 163855.6875,
      "count": 320544
    },
    "mae": {
      "mean": 691.574951171875,
      "std": 2578.781982421875,
      "variance": 6650116.0,
      "count": 320544
    },
    "nmae": {
      "mean": 2.602802038192749,
      "std": 5.0787224769592285,
      "variance": 25.793420791625977,
      "count": 320544
    },
    "relative_mse": {
      "mean": 1.1811028718948364,
      "std": 4.4452080726623535,
      "variance": 19.75987434387207,
      "count": 320544
    }
  }
}