{
  "test1": {
    "mse": {
      "mean": 0.000778467976488173,
      "std": 0.004538590554147959,
      "variance": 2.0598803530447185e-05,
      "count": 2067000
    },
    "nmse": {
      "mean": 0.2686353921890259,
      "std": 2.62892484664917,
      "variance": 6.911245346069336,
      "count": 2067000
    },
    "mae": {
      "mean": 0.013218171894550323,
      "std": 0.024571280926465988,
      "variance": 0.0006037479033693671,
      "count": 2067000
    },
    "nmae": {
      "mean": 0.26362669467926025,
      "std": 0.4462469518184662,
      "variance": 0.19913634657859802,
      "count": 2067000
    },
    "relative_mse": {
      "mean": 0.20202213525772095,
      "std": 2.8386733531951904,
      "variance": 8.058065414428711,
      "count": 2067000
    }
  },
  "test2": {
    "mse": {
      "mean": 0.0006779239629395306,
      "std": 0.003795489203184843,
      "variance": 1.4405738511413801e-05,
      "count": 519000
    },
    "nmse": {
      "mean": 0.2772756516933441,
      "std": 3.040456771850586,
      "variance": 9.244378089904785,
      "count": 519000
    },
    "mae": {
      "mean": 0.012417778372764587,
      "std": 0.022884991019964218,
      "variance": 0.000523722788784653,
      "count": 519000
    },
    "nmae": {
      "mean": 0.26528695225715637,
      "std": 0.45486098527908325,
      "variance": 0.2068985104560852,
      "count": 519000
    },
    "relative_mse": {
      "mean": 0.18873286247253418,
      "std": 1.5810192823410034,
      "variance": 2.499622106552124,
      "count": 519000
    }
  }
}