{
  "test1": {
    "mse": {
      "mean": 0.0007308365893550217,
      "std": 0.004410619847476482,
      "variance": 1.945356598298531e-05,
      "count": 2064000
    },
    "nmse": {
      "mean": 0.2624153792858124,
      "std": 2.660158395767212,
      "variance": 7.076442241668701,
      "count": 2064000
    },
    "mae": {
      "mean": 0.01238726545125246,
      "std": 0.024028988555073738,
      "variance": 0.000577392231207341,
      "count": 2064000
    },
    "nmae": {
      "mean": 0.2512529790401459,
      "std": 0.44641605019569397,
      "variance": 0.1992872953414917,
      "count": 2064000
    },
    "relative_mse": {
      "mean": 0.1931418925523758,
      "std": 1.7292261123657227,
      "variance": 2.9902231693267822,
      "count": 2064000
    }
  },
  "test2": {
    "mse": {
      "mean": 0.0007473390433005989,
      "std": 0.004269146826118231,
      "variance": 1.8225613530375995e-05,
      "count": 516000
    },
    "nmse": {
      "mean": 0.26257702708244324,
      "std": 3.024509906768799,
      "variance": 9.147660255432129,
      "count": 516000
    },
    "mae": {
      "mean": 0.012899932451546192,
      "std": 0.024102505296468735,
      "variance": 0.0005809307331219316,
      "count": 516000
    },
    "nmae": {
      "mean": 0.25544822216033936,
      "std": 0.44421079754829407,
      "variance": 0.19732321798801422,
      "count": 516000
    },
    "relative_mse": {
      "mean": 0.1909896731376648,
      "std": 4.8863301277160645,
      "variance": 23.876220703125,
      "count": 516000
    }
  },
  "valid1": {
    "mse": {
      "mean": 0.0005360186914913356
    },
    "nmse": {
      "mean": 0.22040578722953796
    },
    "mae": {
      "mean": 0.009936824440956116
    },
    "nmae": {
      "mean": 0.21448127925395966
    },
    "relative_mse": {
      "mean": 0.14473271369934082
    }
  },
  "valid2": {
    "mse": {
      "mean": 0.0005595447728410363
    },
    "nmse": {
      "mean": 0.23723076283931732
    },
    "mae": {
      "mean": 0.010495789349079132
    },
    "nmae": {
      "mean": 0.21955692768096924
    },
    "relative_mse": {
      "mean": 0.18898974359035492
    }
  }
}