{
  "test1": {
    "mse": {
      "mean": 14.4270658493042,
      "std": 66.76764678955078,
      "variance": 4457.9189453125,
      "count": 1127496
    },
    "nmse": {
      "mean": 0.7065187692642212,
      "std": 6.18104887008667,
      "variance": 38.20536422729492,
      "count": 1127496
    },
    "mae": {
      "mean": 2.1616058349609375,
      "std": 3.1232237815856934,
      "variance": 9.754526138305664,
      "count": 1127496
    },
    "nmae": {
      "mean": 0.38067275285720825,
      "std": 0.7494044303894043,
      "variance": 0.5616070032119751,
      "count": 1127496
    },
    "relative_mse": {
      "mean": 2.765242576599121,
      "std": 27.358041763305664,
      "variance": 748.4624633789062,
      "count": 1127496
    }
  },
  "test2": {
    "mse": {
      "mean": 11.431079864501953,
      "std": 43.04149627685547,
      "variance": 1852.5704345703125,
      "count": 289632
    },
    "nmse": {
      "mean": 0.6748409271240234,
      "std": 5.651021480560303,
      "variance": 31.934045791625977,
      "count": 289632
    },
    "mae": {
      "mean": 2.0518381595611572,
      "std": 2.687199115753174,
      "variance": 7.221039295196533,
      "count": 289632
    },
    "nmae": {
      "mean": 0.38441288471221924,
      "std": 0.7259942293167114,
      "variance": 0.5270676612854004,
      "count": 289632
    },
    "relative_mse": {
      "mean": 2.6793625354766846,
      "std": 27.90208625793457,
      "variance": 778.5264282226562,
      "count": 289632
    }
  }
}