{
  "test1": {
    "mse": {
      "mean": 16.234607696533203,
      "std": 66.70402526855469,
      "variance": 4449.42724609375,
      "count": 1127496
    },
    "nmse": {
      "mean": 0.8506190776824951,
      "std": 7.749115943908691,
      "variance": 60.048797607421875,
      "count": 1127496
    },
    "mae": {
      "mean": 2.421161651611328,
      "std": 3.2206497192382812,
      "variance": 10.37258529663086,
      "count": 1127496
    },
    "nmae": {
      "mean": 0.4192333221435547,
      "std": 0.8215001821517944,
      "variance": 0.6748625636100769,
      "count": 1127496
    },
    "relative_mse": {
      "mean": 3.3376054763793945,
      "std": 35.236122131347656,
      "variance": 1241.584228515625,
      "count": 1127496
    }
  },
  "test2": {
    "mse": {
      "mean": 13.15140151977539,
      "std": 43.61664962768555,
      "variance": 1902.4122314453125,
      "count": 289632
    },
    "nmse": {
      "mean": 0.8235297203063965,
      "std": 7.602338790893555,
      "variance": 57.795555114746094,
      "count": 289632
    },
    "mae": {
      "mean": 2.3062243461608887,
      "std": 2.798701524734497,
      "variance": 7.832730770111084,
      "count": 289632
    },
    "nmae": {
      "mean": 0.42352327704429626,
      "std": 0.8025943636894226,
      "variance": 0.6441577672958374,
      "count": 289632
    },
    "relative_mse": {
      "mean": 3.2455098628997803,
      "std": 38.139442443847656,
      "variance": 1454.6170654296875,
      "count": 289632
    }
  }
}