{
  "test1": {
    "mse": {
      "mean": 0.0008399695507250726,
      "std": 0.004568648990243673,
      "variance": 2.0872554159723222e-05,
      "count": 2298504
    },
    "nmse": {
      "mean": 0.3394469618797302,
      "std": 7.301278114318848,
      "variance": 53.308658599853516,
      "count": 2298504
    },
    "mae": {
      "mean": 0.014292356558144093,
      "std": 0.025213053449988365,
      "variance": 0.0006356980884447694,
      "count": 2298504
    },
    "nmae": {
      "mean": 0.2961464524269104,
      "std": 0.5017411708831787,
      "variance": 0.25174421072006226,
      "count": 2298504
    },
    "relative_mse": {
      "mean": 1.011824369430542,
      "std": 261.88604736328125,
      "variance": 68584.3046875,
      "count": 2298504
    }
  },
  "test2": {
    "mse": {
      "mean": 0.0008688055095262825,
      "std": 0.0049237096682190895,
      "variance": 2.4242917788797058e-05,
      "count": 577128
    },
    "nmse": {
      "mean": 0.35724472999572754,
      "std": 4.045121669769287,
      "variance": 16.363006591796875,
      "count": 577128
    },
    "mae": {
      "mean": 0.014308112673461437,
      "std": 0.02576981484889984,
      "variance": 0.0006640834035351872,
      "count": 577128
    },
    "nmae": {
      "mean": 0.3000006675720215,
      "std": 0.5169568061828613,
      "variance": 0.2672443389892578,
      "count": 577128
    },
    "relative_mse": {
      "mean": 0.8066573143005371,
      "std": 55.55946731567383,
      "variance": 3086.8544921875,
      "count": 577128
    }
  }
}