{
  "test1": {
    "mse": {
      "mean": 0.0007535797776654363,
      "std": 0.0044821216724812984,
      "variance": 2.0089413737878203e-05,
      "count": 2067000
    },
    "nmse": {
      "mean": 0.26083242893218994,
      "std": 2.406813859939575,
      "variance": 5.792752265930176,
      "count": 2067000
    },
    "mae": {
      "mean": 0.012809277512133121,
      "std": 0.02427966706454754,
      "variance": 0.000589502218645066,
      "count": 2067000
    },
    "nmae": {
      "mean": 0.25742626190185547,
      "std": 0.4410942494869232,
      "variance": 0.19456413388252258,
      "count": 2067000
    },
    "relative_mse": {
      "mean": 0.19237346947193146,
      "std": 2.8407344818115234,
      "variance": 8.069772720336914,
      "count": 2067000
    }
  },
  "test2": {
    "mse": {
      "mean": 0.0006775574875064194,
      "std": 0.003966860007494688,
      "variance": 1.573597728565801e-05,
      "count": 519000
    },
    "nmse": {
      "mean": 0.2839045226573944,
      "std": 3.7686736583709717,
      "variance": 14.202900886535645,
      "count": 519000
    },
    "mae": {
      "mean": 0.012209849432110786,
      "std": 0.022988630458712578,
      "variance": 0.0005284770741127431,
      "count": 519000
    },
    "nmae": {
      "mean": 0.2594701647758484,
      "std": 0.46538132429122925,
      "variance": 0.21657976508140564,
      "count": 519000
    },
    "relative_mse": {
      "mean": 0.20420926809310913,
      "std": 1.9400248527526855,
      "variance": 3.7636964321136475,
      "count": 519000
    }
  }
}