{
  "test1": {
    "mse": {
      "mean": 0.0018058866262435913,
      "std": 0.007060536649078131,
      "variance": 4.985117629985325e-05,
      "count": 1488240
    },
    "nmse": {
      "mean": 0.7555901408195496,
      "std": 3.1899983882904053,
      "variance": 10.1760892868042,
      "count": 1488240
    },
    "mae": {
      "mean": 0.02552076429128647,
      "std": 0.03397906571626663,
      "variance": 0.0011545768938958645,
      "count": 1488240
    },
    "nmae": {
      "mean": 0.5568950772285461,
      "std": 0.6674264669418335,
      "variance": 0.4454580545425415,
      "count": 1488240
    },
    "relative_mse": {
      "mean": 0.4645187556743622,
      "std": 2.5104422569274902,
      "variance": 6.3023200035095215,
      "count": 1488240
    }
  },
  "test2": {
    "mse": {
      "mean": 0.0015941301826387644,
      "std": 0.006314829923212528,
      "variance": 3.987707896158099e-05,
      "count": 373680
    },
    "nmse": {
      "mean": 0.9617062211036682,
      "std": 6.463626384735107,
      "variance": 41.778465270996094,
      "count": 373680
    },
    "mae": {
      "mean": 0.024242814630270004,
      "std": 0.03172406554222107,
      "variance": 0.0010064162779599428,
      "count": 373680
    },
    "nmae": {
      "mean": 0.5835368633270264,
      "std": 0.7881566286087036,
      "variance": 0.6211909055709839,
      "count": 373680
    },
    "relative_mse": {
      "mean": 0.5469093918800354,
      "std": 3.14349365234375,
      "variance": 9.881552696228027,
      "count": 373680
    }
  }
}