{
  "test1": {
    "mse": {
      "mean": 252839.59375,
      "std": 2991407.25,
      "variance": 8948517175296.0,
      "count": 1129464
    },
    "nmse": {
      "mean": 0.3373911380767822,
      "std": 7.213555335998535,
      "variance": 52.035377502441406,
      "count": 1129464
    },
    "mae": {
      "mean": 164.21847534179688,
      "std": 475.25982666015625,
      "variance": 225871.890625,
      "count": 1129464
    },
    "nmae": {
      "mean": 0.3562416434288025,
      "std": 0.4587843418121338,
      "variance": 0.21048305928707123,
      "count": 1129464
    },
    "relative_mse": {
      "mean": 0.06258765608072281,
      "std": 0.9190624356269836,
      "variance": 0.8446757197380066,
      "count": 1129464
    }
  },
  "test2": {
    "mse": {
      "mean": 49939920.0,
      "std": 857534528.0,
      "variance": 7.353654712844943e+17,
      "count": 285768
    },
    "nmse": {
      "mean": 0.4432966113090515,
      "std": 5.760871410369873,
      "variance": 33.18763732910156,
      "count": 285768
    },
    "mae": {
      "mean": 787.9302978515625,
      "std": 7022.7548828125,
      "variance": 49319088.0,
      "count": 285768
    },
    "nmae": {
      "mean": 0.370344340801239,
      "std": 0.553300678730011,
      "variance": 0.3061416447162628,
      "count": 285768
    },
    "relative_mse": {
      "mean": 0.05675933137536049,
      "std": 0.6772202849388123,
      "variance": 0.45862728357315063,
      "count": 285768
    }
  }
}