{
  "test1": {
    "mse": {
      "mean": 0.0009272934403270483,
      "std": 0.005454403813928366,
      "variance": 2.975051938847173e-05,
      "count": 2199288
    },
    "nmse": {
      "mean": 0.37604203820228577,
      "std": 8.049385070800781,
      "variance": 64.79259490966797,
      "count": 2199288
    },
    "mae": {
      "mean": 0.013818211853504181,
      "std": 0.027135776355862617,
      "variance": 0.0007363504264503717,
      "count": 2199288
    },
    "nmae": {
      "mean": 0.28680992126464844,
      "std": 0.5420166850090027,
      "variance": 0.293782114982605,
      "count": 2199288
    },
    "relative_mse": {
      "mean": 0.2531460225582123,
      "std": 4.021880626678467,
      "variance": 16.175525665283203,
      "count": 2199288
    }
  },
  "test2": {
    "mse": {
      "mean": 0.0007996034692041576,
      "std": 0.004501255229115486,
      "variance": 2.026129914156627e-05,
      "count": 552216
    },
    "nmse": {
      "mean": 0.36230677366256714,
      "std": 4.210473537445068,
      "variance": 17.728086471557617,
      "count": 552216
    },
    "mae": {
      "mean": 0.012935152277350426,
      "std": 0.025145284831523895,
      "variance": 0.0006322853150777519,
      "count": 552216
    },
    "nmae": {
      "mean": 0.28641563653945923,
      "std": 0.5294079780578613,
      "variance": 0.28027281165122986,
      "count": 552216
    },
    "relative_mse": {
      "mean": 0.23242856562137604,
      "std": 2.0810022354125977,
      "variance": 4.330570697784424,
      "count": 552216
    }
  }
}