{
  "test1": {
    "mse": {
      "mean": 0.07001490145921707,
      "std": 0.14636550843715668,
      "variance": 0.021422861143946648,
      "count": 2199288
    },
    "nmse": {
      "mean": 20.279804229736328,
      "std": 27.537446975708008,
      "variance": 758.3109741210938,
      "count": 2199288
    },
    "mae": {
      "mean": 0.18748536705970764,
      "std": 0.18671941757202148,
      "variance": 0.034864138811826706,
      "count": 2199288
    },
    "nmae": {
      "mean": 3.623105764389038,
      "std": 2.6744914054870605,
      "variance": 7.152904510498047,
      "count": 2199288
    },
    "relative_mse": {
      "mean": 17.100610733032227,
      "std": 35.306949615478516,
      "variance": 1246.580810546875,
      "count": 2199288
    }
  },
  "test2": {
    "mse": {
      "mean": 0.06763889640569687,
      "std": 0.13552163541316986,
      "variance": 0.018366113305091858,
      "count": 552216
    },
    "nmse": {
      "mean": 22.197343826293945,
      "std": 50.09062576293945,
      "variance": 2509.071044921875,
      "count": 552216
    },
    "mae": {
      "mean": 0.18366095423698425,
      "std": 0.18414005637168884,
      "variance": 0.033907562494277954,
      "count": 552216
    },
    "nmae": {
      "mean": 3.6722934246063232,
      "std": 2.951542377471924,
      "variance": 8.711602210998535,
      "count": 552216
    },
    "relative_mse": {
      "mean": 18.849796295166016,
      "std": 54.521392822265625,
      "variance": 2972.58251953125,
      "count": 552216
    }
  }
}