{
  "test1": {
    "mse": {
      "mean": 21.218326568603516,
      "std": 78.25991821289062,
      "variance": 6124.6142578125,
      "count": 1062096
    },
    "nmse": {
      "mean": 0.309157133102417,
      "std": 0.7672432661056519,
      "variance": 0.5886622667312622,
      "count": 1062096
    },
    "mae": {
      "mean": 2.582810878753662,
      "std": 3.8141074180603027,
      "variance": 14.547415733337402,
      "count": 1062096
    },
    "nmae": {
      "mean": 0.33209285140037537,
      "std": 0.44595006108283997,
      "variance": 0.198871448636055,
      "count": 1062096
    },
    "relative_mse": {
      "mean": 0.9362990260124207,
      "std": 2.6144113540649414,
      "variance": 6.835146903991699,
      "count": 1062096
    }
  },
  "test2": {
    "mse": {
      "mean": 23.581565856933594,
      "std": 85.45201873779297,
      "variance": 7302.04736328125,
      "count": 272832
    },
    "nmse": {
      "mean": 0.3106173276901245,
      "std": 0.7718436121940613,
      "variance": 0.5957425832748413,
      "count": 272832
    },
    "mae": {
      "mean": 2.719273090362549,
      "std": 4.023322105407715,
      "variance": 16.187118530273438,
      "count": 272832
    },
    "nmae": {
      "mean": 0.3315710425376892,
      "std": 0.447970986366272,
      "variance": 0.2006779909133911,
      "count": 272832
    },
    "relative_mse": {
      "mean": 0.9418674111366272,
      "std": 2.6070854663848877,
      "variance": 6.796894550323486,
      "count": 272832
    }
  }
}