{
  "test1": {
    "mse": {
      "mean": 20.69063949584961,
      "std": 74.20938873291016,
      "variance": 5507.033203125,
      "count": 1062096
    },
    "nmse": {
      "mean": 0.30264273285865784,
      "std": 0.7656117677688599,
      "variance": 0.5861613750457764,
      "count": 1062096
    },
    "mae": {
      "mean": 2.518033027648926,
      "std": 3.788159132003784,
      "variance": 14.350150108337402,
      "count": 1062096
    },
    "nmae": {
      "mean": 0.32173067331314087,
      "std": 0.44624218344688416,
      "variance": 0.19913208484649658,
      "count": 1062096
    },
    "relative_mse": {
      "mean": 0.9071283340454102,
      "std": 2.4859414100646973,
      "variance": 6.179904937744141,
      "count": 1062096
    }
  },
  "test2": {
    "mse": {
      "mean": 22.88796043395996,
      "std": 80.89753723144531,
      "variance": 6544.4111328125,
      "count": 272832
    },
    "nmse": {
      "mean": 0.30446305871009827,
      "std": 0.7668330669403076,
      "variance": 0.5880329012870789,
      "count": 272832
    },
    "mae": {
      "mean": 2.6576318740844727,
      "std": 3.9780588150024414,
      "variance": 15.824952125549316,
      "count": 272832
    },
    "nmae": {
      "mean": 0.32302504777908325,
      "std": 0.4473453760147095,
      "variance": 0.20011788606643677,
      "count": 272832
    },
    "relative_mse": {
      "mean": 0.914562463760376,
      "std": 2.4800119400024414,
      "variance": 6.150459289550781,
      "count": 272832
    }
  }
}