{
  "test1": {
    "mse": {
      "mean": 0.0014270899118855596,
      "std": 0.0057510812766849995,
      "variance": 3.307493170723319e-05,
      "count": 1967784
    },
    "nmse": {
      "mean": 4179037184.0,
      "std": 483929817088.0,
      "variance": 2.3418804531439425e+23,
      "count": 1967784
    },
    "mae": {
      "mean": 0.02273504063487053,
      "std": 0.030169649049639702,
      "variance": 0.0009102076874114573,
      "count": 1967784
    },
    "nmae": {
      "mean": 822.81689453125,
      "std": 64640.234375,
      "variance": 4178360064.0,
      "count": 1967784
    },
    "relative_mse": {
      "mean": 4179037184.0,
      "std": 483929817088.0,
      "variance": 2.3418804531439425e+23,
      "count": 1967784
    }
  },
  "test2": {
    "mse": {
      "mean": 0.001291113207116723,
      "std": 0.005186570808291435,
      "variance": 2.6900517696049064e-05,
      "count": 494088
    },
    "nmse": {
      "mean": 0.8163512945175171,
      "std": 5.863775253295898,
      "variance": 34.38385772705078,
      "count": 494088
    },
    "mae": {
      "mean": 0.02188136987388134,
      "std": 0.028501207008957863,
      "variance": 0.0008123187581077218,
      "count": 494088
    },
    "nmae": {
      "mean": 0.5306258797645569,
      "std": 0.731291651725769,
      "variance": 0.5347874164581299,
      "count": 494088
    },
    "relative_mse": {
      "mean": 0.4837902784347534,
      "std": 2.9388201236724854,
      "variance": 8.636664390563965,
      "count": 494088
    }
  }
}