{
  "test1": {
    "mse": {
      "mean": 455320.90625,
      "std": 8673032.0,
      "variance": 75221486796800.0,
      "count": 1183248
    },
    "nmse": {
      "mean": 91.85372924804688,
      "std": 2052.911865234375,
      "variance": 4214446.5,
      "count": 1183248
    },
    "mae": {
      "mean": 233.3625946044922,
      "std": 633.1372680664062,
      "variance": 400862.78125,
      "count": 1183248
    },
    "nmae": {
      "mean": 1.8032172918319702,
      "std": 9.412871360778809,
      "variance": 88.60214233398438,
      "count": 1183248
    },
    "relative_mse": {
      "mean": 1.944144606590271,
      "std": 24.945133209228516,
      "variance": 622.2596435546875,
      "count": 1183248
    }
  },
  "test2": {
    "mse": {
      "mean": 33501526.0,
      "std": 527266752.0,
      "variance": 2.780102265929728e+17,
      "count": 299376
    },
    "nmse": {
      "mean": 1.7035529613494873,
      "std": 11.449934959411621,
      "variance": 131.10101318359375,
      "count": 299376
    },
    "mae": {
      "mean": 887.6128540039062,
      "std": 5719.5869140625,
      "variance": 32713672.0,
      "count": 299376
    },
    "nmae": {
      "mean": 0.6612358689308167,
      "std": 1.125308871269226,
      "variance": 1.266319990158081,
      "count": 299376
    },
    "relative_mse": {
      "mean": 0.14635150134563446,
      "std": 0.7346808314323425,
      "variance": 0.5397558808326721,
      "count": 299376
    }
  },
  "valid1": {
    "mse": {
      "mean": 548412.375
    },
    "nmse": {
      "mean": 172.27090454101562
    },
    "mae": {
      "mean": 236.84156799316406
    },
    "nmae": {
      "mean": 2.068800449371338
    },
    "relative_mse": {
      "mean": 1.8098974227905273
    }
  },
  "valid2": {
    "mse": {
      "mean": 19145962.0
    },
    "nmse": {
      "mean": 1.4119681119918823
    },
    "mae": {
      "mean": 772.7603149414062
    },
    "nmae": {
      "mean": 0.6249192357063293
    },
    "relative_mse": {
      "mean": 0.13403716683387756
    }
  }
}