
2026-08-05T09:43:30+02:00 workflow start kind=revin family=core experiment_mode=small stages=train,tables skip_completed=true configurations=90 seed_runs=270 datasets=traffic electricity solar settings=168:24 336:48 504:168 336:96 336:720 models=patchtst methods=none_mse standard_mse instance_mse instance_nmse revin_mse revin_nmse seeds=1 2 3

2026-08-05T09:43:30+02:00 stage start name=train
2026-08-05T09:43:30+02:00 skip complete dataset=traffic lags=168 horizon=24 model=patchtst method=none_mse seeds=1,2,3
2026-08-05T09:43:30+02:00 skip complete dataset=traffic lags=168 horizon=24 model=patchtst method=standard_mse seeds=1,2,3
2026-08-05T09:43:30+02:00 skip complete dataset=traffic lags=168 horizon=24 model=patchtst method=instance_mse seeds=1,2,3
2026-08-05T09:43:30+02:00 skip complete dataset=traffic lags=168 horizon=24 model=patchtst method=instance_nmse seeds=1,2,3
2026-08-05T09:43:30+02:00 skip complete dataset=traffic lags=168 horizon=24 model=patchtst method=revin_mse seeds=1,2,3
2026-08-05T09:43:30+02:00 skip complete dataset=traffic lags=168 horizon=24 model=patchtst method=revin_nmse seeds=1,2,3
2026-08-05T09:43:30+02:00 skip complete dataset=traffic lags=336 horizon=48 model=patchtst method=none_mse seeds=1,2,3
2026-08-05T09:43:30+02:00 skip complete dataset=traffic lags=336 horizon=48 model=patchtst method=standard_mse seeds=1,2,3
2026-08-05T09:43:30+02:00 skip complete dataset=traffic lags=336 horizon=48 model=patchtst method=instance_mse seeds=1,2,3
2026-08-05T09:43:30+02:00 skip complete dataset=traffic lags=336 horizon=48 model=patchtst method=instance_nmse seeds=1,2,3
2026-08-05T09:43:30+02:00 skip complete dataset=traffic lags=336 horizon=48 model=patchtst method=revin_mse seeds=1,2,3
2026-08-05T09:43:30+02:00 skip complete dataset=traffic lags=336 horizon=48 model=patchtst method=revin_nmse seeds=1,2,3
2026-08-05T09:43:30+02:00 skip complete dataset=traffic lags=504 horizon=168 model=patchtst method=none_mse seeds=1,2,3
2026-08-05T09:43:30+02:00 skip complete dataset=traffic lags=504 horizon=168 model=patchtst method=standard_mse seeds=1,2,3
2026-08-05T09:43:30+02:00 skip complete dataset=traffic lags=504 horizon=168 model=patchtst method=instance_mse seeds=1,2,3
2026-08-05T09:43:30+02:00 skip complete dataset=traffic lags=504 horizon=168 model=patchtst method=instance_nmse seeds=1,2,3
2026-08-05T09:43:30+02:00 skip complete dataset=traffic lags=504 horizon=168 model=patchtst method=revin_mse seeds=1,2,3
2026-08-05T09:43:30+02:00 skip complete dataset=traffic lags=504 horizon=168 model=patchtst method=revin_nmse seeds=1,2,3
2026-08-05T09:43:31+02:00 skip complete dataset=traffic lags=336 horizon=96 model=patchtst method=none_mse seeds=1,2,3
2026-08-05T09:43:31+02:00 skip complete dataset=traffic lags=336 horizon=96 model=patchtst method=standard_mse seeds=1,2,3
2026-08-05T09:43:31+02:00 skip complete dataset=traffic lags=336 horizon=96 model=patchtst method=instance_mse seeds=1,2,3
2026-08-05T09:43:31+02:00 skip complete dataset=traffic lags=336 horizon=96 model=patchtst method=instance_nmse seeds=1,2,3
2026-08-05T09:43:31+02:00 skip complete dataset=traffic lags=336 horizon=96 model=patchtst method=revin_mse seeds=1,2,3
2026-08-05T09:43:31+02:00 skip complete dataset=traffic lags=336 horizon=96 model=patchtst method=revin_nmse seeds=1,2,3
2026-08-05T09:43:31+02:00 skip complete dataset=traffic lags=336 horizon=720 model=patchtst method=none_mse seeds=1,2,3
2026-08-05T09:43:31+02:00 skip complete dataset=traffic lags=336 horizon=720 model=patchtst method=standard_mse seeds=1,2,3
2026-08-05T09:43:31+02:00 skip complete dataset=traffic lags=336 horizon=720 model=patchtst method=instance_mse seeds=1,2,3
2026-08-05T09:43:31+02:00 skip complete dataset=traffic lags=336 horizon=720 model=patchtst method=instance_nmse seeds=1,2,3
2026-08-05T09:43:31+02:00 skip complete dataset=traffic lags=336 horizon=720 model=patchtst method=revin_mse seeds=1,2,3
2026-08-05T09:43:31+02:00 skip complete dataset=traffic lags=336 horizon=720 model=patchtst method=revin_nmse seeds=1,2,3
2026-08-05T09:43:31+02:00 skip complete dataset=electricity lags=168 horizon=24 model=patchtst method=none_mse seeds=1,2,3
2026-08-05T09:43:31+02:00 skip complete dataset=electricity lags=168 horizon=24 model=patchtst method=standard_mse seeds=1,2,3
2026-08-05T09:43:31+02:00 skip complete dataset=electricity lags=168 horizon=24 model=patchtst method=instance_mse seeds=1,2,3
2026-08-05T09:43:31+02:00 skip complete dataset=electricity lags=168 horizon=24 model=patchtst method=instance_nmse seeds=1,2,3
2026-08-05T09:43:32+02:00 skip complete dataset=electricity lags=168 horizon=24 model=patchtst method=revin_mse seeds=1,2,3
2026-08-05T09:43:32+02:00 skip complete dataset=electricity lags=168 horizon=24 model=patchtst method=revin_nmse seeds=1,2,3
2026-08-05T09:43:32+02:00 skip complete dataset=electricity lags=336 horizon=48 model=patchtst method=none_mse seeds=1,2,3
2026-08-05T09:43:32+02:00 skip complete dataset=electricity lags=336 horizon=48 model=patchtst method=standard_mse seeds=1,2,3
2026-08-05T09:43:32+02:00 skip complete dataset=electricity lags=336 horizon=48 model=patchtst method=instance_mse seeds=1,2,3
2026-08-05T09:43:32+02:00 skip complete dataset=electricity lags=336 horizon=48 model=patchtst method=instance_nmse seeds=1,2,3
2026-08-05T09:43:32+02:00 skip complete dataset=electricity lags=336 horizon=48 model=patchtst method=revin_mse seeds=1,2,3
2026-08-05T09:43:32+02:00 skip complete dataset=electricity lags=336 horizon=48 model=patchtst method=revin_nmse seeds=1,2,3
2026-08-05T09:43:32+02:00 skip complete dataset=electricity lags=504 horizon=168 model=patchtst method=none_mse seeds=1,2,3
2026-08-05T09:43:33+02:00 skip complete dataset=electricity lags=504 horizon=168 model=patchtst method=standard_mse seeds=1,2,3
2026-08-05T09:43:33+02:00 skip complete dataset=electricity lags=504 horizon=168 model=patchtst method=instance_mse seeds=1,2,3
2026-08-05T09:43:33+02:00 skip complete dataset=electricity lags=504 horizon=168 model=patchtst method=instance_nmse seeds=1,2,3
2026-08-05T09:43:33+02:00 skip complete dataset=electricity lags=504 horizon=168 model=patchtst method=revin_mse seeds=1,2,3
2026-08-05T09:43:33+02:00 skip complete dataset=electricity lags=504 horizon=168 model=patchtst method=revin_nmse seeds=1,2,3
2026-08-05T09:43:33+02:00 skip complete dataset=electricity lags=336 horizon=96 model=patchtst method=none_mse seeds=1,2,3
2026-08-05T09:43:33+02:00 skip complete dataset=electricity lags=336 horizon=96 model=patchtst method=standard_mse seeds=1,2,3
2026-08-05T09:43:33+02:00 skip complete dataset=electricity lags=336 horizon=96 model=patchtst method=instance_mse seeds=1,2,3
2026-08-05T09:43:34+02:00 skip complete dataset=electricity lags=336 horizon=96 model=patchtst method=instance_nmse seeds=1,2,3
2026-08-05T09:43:34+02:00 skip complete dataset=electricity lags=336 horizon=96 model=patchtst method=revin_mse seeds=1,2,3
2026-08-05T09:43:34+02:00 skip complete dataset=electricity lags=336 horizon=96 model=patchtst method=revin_nmse seeds=1,2,3
2026-08-05T09:43:34+02:00 skip complete dataset=electricity lags=336 horizon=720 model=patchtst method=none_mse seeds=1,2,3
2026-08-05T09:43:34+02:00 skip complete dataset=electricity lags=336 horizon=720 model=patchtst method=standard_mse seeds=1,2,3
2026-08-05T09:43:34+02:00 skip complete dataset=electricity lags=336 horizon=720 model=patchtst method=instance_mse seeds=1,2,3
2026-08-05T09:43:34+02:00 skip complete dataset=electricity lags=336 horizon=720 model=patchtst method=instance_nmse seeds=1,2,3
2026-08-05T09:43:34+02:00 skip complete dataset=electricity lags=336 horizon=720 model=patchtst method=revin_mse seeds=1,2,3
2026-08-05T09:43:35+02:00 skip complete dataset=electricity lags=336 horizon=720 model=patchtst method=revin_nmse seeds=1,2,3
2026-08-05T09:43:35+02:00 skip complete dataset=solar lags=168 horizon=24 model=patchtst method=none_mse seeds=1,2,3
2026-08-05T09:43:35+02:00 skip complete dataset=solar lags=168 horizon=24 model=patchtst method=standard_mse seeds=1,2,3
2026-08-05T09:43:35+02:00 skip complete dataset=solar lags=168 horizon=24 model=patchtst method=instance_mse seeds=1,2,3
2026-08-05T09:43:35+02:00 skip complete dataset=solar lags=168 horizon=24 model=patchtst method=instance_nmse seeds=1,2,3
2026-08-05T09:43:35+02:00 skip complete dataset=solar lags=168 horizon=24 model=patchtst method=revin_mse seeds=1,2,3
2026-08-05T09:43:35+02:00 skip complete dataset=solar lags=168 horizon=24 model=patchtst method=revin_nmse seeds=1,2,3
2026-08-05T09:43:35+02:00 skip complete dataset=solar lags=336 horizon=48 model=patchtst method=none_mse seeds=1,2,3
2026-08-05T09:43:35+02:00 skip complete dataset=solar lags=336 horizon=48 model=patchtst method=standard_mse seeds=1,2,3
2026-08-05T09:43:36+02:00 skip complete dataset=solar lags=336 horizon=48 model=patchtst method=instance_mse seeds=1,2,3
2026-08-05T09:43:36+02:00 skip complete dataset=solar lags=336 horizon=48 model=patchtst method=instance_nmse seeds=1,2,3
2026-08-05T09:43:36+02:00 skip complete dataset=solar lags=336 horizon=48 model=patchtst method=revin_mse seeds=1,2,3
2026-08-05T09:43:36+02:00 skip complete dataset=solar lags=336 horizon=48 model=patchtst method=revin_nmse seeds=1,2,3
2026-08-05T09:43:36+02:00 skip complete dataset=solar lags=504 horizon=168 model=patchtst method=none_mse seeds=1,2,3
2026-08-05T09:43:36+02:00 skip complete dataset=solar lags=504 horizon=168 model=patchtst method=standard_mse seeds=1,2,3
2026-08-05T09:43:36+02:00 skip complete dataset=solar lags=504 horizon=168 model=patchtst method=instance_mse seeds=1,2,3
2026-08-05T09:43:36+02:00 skip complete dataset=solar lags=504 horizon=168 model=patchtst method=instance_nmse seeds=1,2,3
2026-08-05T09:43:36+02:00 skip complete dataset=solar lags=504 horizon=168 model=patchtst method=revin_mse seeds=1,2,3
2026-08-05T09:43:36+02:00 skip complete dataset=solar lags=504 horizon=168 model=patchtst method=revin_nmse seeds=1,2,3
2026-08-05T09:43:36+02:00 skip complete dataset=solar lags=336 horizon=96 model=patchtst method=none_mse seeds=1,2,3
2026-08-05T09:43:36+02:00 skip complete dataset=solar lags=336 horizon=96 model=patchtst method=standard_mse seeds=1,2,3
2026-08-05T09:43:36+02:00 skip complete dataset=solar lags=336 horizon=96 model=patchtst method=instance_mse seeds=1,2,3

2026-08-05T09:43:36+02:00 configuration=82/90 dataset=solar lags=336 horizon=96 model=patchtst method=instance_nmse requested_seeds=1,2,3 run_seeds=1,2,3 batch_size=256 learning_rate=1e-5 epochs=10000 steps=10000 eval_stride=96 valid_eval_frequency=1000 logging_frequency=1000 overrides=normalization.name=revin normalization.kwargs.affine=false training.loss=nmse
2026-08-05T09:43:39 INFO utils.dataset | loaded dataset config path=/home/h61084/codes/revin_experiment/../datasets/solar/config.json keys=['aggr', 'aggr_period', 'date_col', 'drop_users', 'target_cols']
2026-08-05T09:43:40 INFO utils.dataset | loaded dataset name=solar users=137 dropped_users=[] config=/home/h61084/codes/revin_experiment/../datasets/solar/config.json
2026-08-05T09:43:42 INFO root | training patchtst/revin on cuda -> /home/h61084/codes/revin_experiment/outputs/revin_experiment/solar/336_96/patchtst_instance_nmse/seed_1
2026-08-05T09:44:02 INFO utils.pipeline | step=1000 train_interval=0.316773 valid={'valid1': {'mse': 535.1296997070312, 'nmse': 0.16040119528770447, 'mae': 12.751948356628418, 'nmae': 0.23744967579841614, 'relative_mse': 0.28950604796409607}, 'valid2': {'mse': 552.564208984375, 'nmse': 0.15997672080993652, 'mae': 13.129671096801758, 'nmae': 0.23817689716815948, 'relative_mse': 0.2898697555065155}}
2026-08-05T09:44:21 INFO utils.pipeline | step=2000 train_interval=0.226315 valid={'valid1': {'mse': 505.9474182128906, 'nmse': 0.152049258351326, 'mae': 12.115377426147461, 'nmae': 0.22555428743362427, 'relative_mse': 0.2746729552745819}, 'valid2': {'mse': 521.1162719726562, 'nmse': 0.15163780748844147, 'mae': 12.440546035766602, 'nmae': 0.2258341908454895, 'relative_mse': 0.27499109506607056}}
2026-08-05T09:44:41 INFO utils.pipeline | step=3000 train_interval=0.211547 valid={'valid1': {'mse': 492.878173828125, 'nmse': 0.1480117291212082, 'mae': 11.946748733520508, 'nmae': 0.22242189943790436, 'relative_mse': 0.26716235280036926}, 'valid2': {'mse': 508.0870666503906, 'nmse': 0.14780430495738983, 'mae': 12.256766319274902, 'nmae': 0.22249457240104675, 'relative_mse': 0.2678218185901642}}
2026-08-05T09:45:01 INFO utils.pipeline | step=4000 train_interval=0.20482 valid={'valid1': {'mse': 492.2199401855469, 'nmse': 0.14797091484069824, 'mae': 11.992766380310059, 'nmae': 0.22328874468803406, 'relative_mse': 0.2671807110309601}, 'valid2': {'mse': 508.3849182128906, 'nmse': 0.14784808456897736, 'mae': 12.306575775146484, 'nmae': 0.22337771952152252, 'relative_mse': 0.26799312233924866}}
2026-08-05T09:45:20 INFO utils.pipeline | step=5000 train_interval=0.201231 valid={'valid1': {'mse': 484.77984619140625, 'nmse': 0.14621621370315552, 'mae': 11.835616111755371, 'nmae': 0.22045950591564178, 'relative_mse': 0.26372477412223816}, 'valid2': {'mse': 498.11614990234375, 'nmse': 0.14547809958457947, 'mae': 12.124049186706543, 'nmae': 0.22016467154026031, 'relative_mse': 0.2634771764278412}}
2026-08-05T09:45:40 INFO utils.pipeline | step=6000 train_interval=0.1981 valid={'valid1': {'mse': 493.1978454589844, 'nmse': 0.14915409684181213, 'mae': 12.168973922729492, 'nmae': 0.22683294117450714, 'relative_mse': 0.269540011882782}, 'valid2': {'mse': 509.2823181152344, 'nmse': 0.1487288922071457, 'mae': 12.481700897216797, 'nmae': 0.22663992643356323, 'relative_mse': 0.2697591483592987}}
2026-08-05T09:46:00 INFO utils.pipeline | step=7000 train_interval=0.1965 valid={'valid1': {'mse': 494.5977783203125, 'nmse': 0.14948104321956635, 'mae': 12.165477752685547, 'nmae': 0.22674666345119476, 'relative_mse': 0.2700813412666321}, 'valid2': {'mse': 511.1527099609375, 'nmse': 0.1490411013364792, 'mae': 12.486555099487305, 'nmae': 0.22667069733142853, 'relative_mse': 0.27030622959136963}}
2026-08-05T09:46:20 INFO utils.pipeline | step=8000 train_interval=0.194533 valid={'valid1': {'mse': 492.21954345703125, 'nmse': 0.14829976856708527, 'mae': 12.073107719421387, 'nmae': 0.22494012117385864, 'relative_mse': 0.2676559388637543}, 'valid2': {'mse': 507.8032531738281, 'nmse': 0.14793141186237335, 'mae': 12.381143569946289, 'nmae': 0.2247987985610962, 'relative_mse': 0.26808691024780273}}
2026-08-05T09:46:39 INFO utils.pipeline | step=9000 train_interval=0.192257 valid={'valid1': {'mse': 496.6849670410156, 'nmse': 0.15059177577495575, 'mae': 12.166955947875977, 'nmae': 0.22699396312236786, 'relative_mse': 0.2722157835960388}, 'valid2': {'mse': 514.4295043945312, 'nmse': 0.15019886195659637, 'mae': 12.485706329345703, 'nmae': 0.22676371037960052, 'relative_mse': 0.27248552441596985}}
2026-08-05T09:46:59 INFO utils.pipeline | step=10000 train_interval=0.189886 valid={'valid1': {'mse': 491.8968811035156, 'nmse': 0.1491602659225464, 'mae': 12.24107551574707, 'nmae': 0.22835925221443176, 'relative_mse': 0.2694033682346344}, 'valid2': {'mse': 506.6064758300781, 'nmse': 0.14829449355602264, 'mae': 12.526188850402832, 'nmae': 0.22766368091106415, 'relative_mse': 0.26889321208000183}}
2026-08-05T09:46:59 INFO root | finished in 200.1 seconds
2026-08-05T09:46:59 INFO utils.dataset | loaded dataset config path=/home/h61084/codes/revin_experiment/../datasets/solar/config.json keys=['aggr', 'aggr_period', 'date_col', 'drop_users', 'target_cols']
2026-08-05T09:47:00 INFO utils.dataset | loaded dataset name=solar users=137 dropped_users=[] config=/home/h61084/codes/revin_experiment/../datasets/solar/config.json
2026-08-05T09:47:00 INFO root | training patchtst/revin on cuda -> /home/h61084/codes/revin_experiment/outputs/revin_experiment/solar/336_96/patchtst_instance_nmse/seed_2
2026-08-05T09:47:19 INFO utils.pipeline | step=1000 train_interval=0.313097 valid={'valid1': {'mse': 558.4940795898438, 'nmse': 0.15965625643730164, 'mae': 12.928776741027832, 'nmae': 0.23644733428955078, 'relative_mse': 0.2897329032421112}, 'valid2': {'mse': 443.8061828613281, 'nmse': 0.16040979325771332, 'mae': 12.233847618103027, 'nmae': 0.23901310563087463, 'relative_mse': 0.28526899218559265}}
2026-08-05T09:47:39 INFO utils.pipeline | step=2000 train_interval=0.226329 valid={'valid1': {'mse': 533.0901489257812, 'nmse': 0.15287598967552185, 'mae': 12.340816497802734, 'nmae': 0.2255372256040573, 'relative_mse': 0.2778266370296478}, 'valid2': {'mse': 422.6095275878906, 'nmse': 0.1533033847808838, 'mae': 11.684379577636719, 'nmae': 0.22830729186534882, 'relative_mse': 0.27306151390075684}}
2026-08-05T09:47:59 INFO utils.pipeline | step=3000 train_interval=0.210285 valid={'valid1': {'mse': 518.72998046875, 'nmse': 0.14881445467472076, 'mae': 12.2821683883667, 'nmae': 0.2246500700712204, 'relative_mse': 0.27010679244995117}, 'valid2': {'mse': 410.7469787597656, 'nmse': 0.14888152480125427, 'mae': 11.611087799072266, 'nmae': 0.22666463255882263, 'relative_mse': 0.2649061679840088}}
2026-08-05T09:48:18 INFO utils.pipeline | step=4000 train_interval=0.203863 valid={'valid1': {'mse': 517.1002197265625, 'nmse': 0.14888760447502136, 'mae': 12.401787757873535, 'nmae': 0.22703829407691956, 'relative_mse': 0.2703073024749756}, 'valid2': {'mse': 409.7447814941406, 'nmse': 0.14853069186210632, 'mae': 11.72713565826416, 'nmae': 0.2288537174463272, 'relative_mse': 0.2643958330154419}}
2026-08-05T09:48:38 INFO utils.pipeline | step=5000 train_interval=0.199638 valid={'valid1': {'mse': 518.200439453125, 'nmse': 0.14951471984386444, 'mae': 12.243735313415527, 'nmae': 0.22437091171741486, 'relative_mse': 0.2715727388858795}, 'valid2': {'mse': 411.4708557128906, 'nmse': 0.14890122413635254, 'mae': 11.56677532196045, 'nmae': 0.22561822831630707, 'relative_mse': 0.26515933871269226}}
2026-08-05T09:48:58 INFO utils.pipeline | step=6000 train_interval=0.195812 valid={'valid1': {'mse': 515.7006225585938, 'nmse': 0.14821363985538483, 'mae': 12.098581314086914, 'nmae': 0.22159233689308167, 'relative_mse': 0.2690853476524353}, 'valid2': {'mse': 408.6064758300781, 'nmse': 0.14766865968704224, 'mae': 11.429522514343262, 'nmae': 0.2228730171918869, 'relative_mse': 0.2627672851085663}}
2026-08-05T09:49:18 INFO utils.pipeline | step=7000 train_interval=0.19361 valid={'valid1': {'mse': 520.2750854492188, 'nmse': 0.15050464868545532, 'mae': 12.363903999328613, 'nmae': 0.22654980421066284, 'relative_mse': 0.27328142523765564}, 'valid2': {'mse': 412.89202880859375, 'nmse': 0.14978547394275665, 'mae': 11.67955207824707, 'nmae': 0.22789546847343445, 'relative_mse': 0.2667602598667145}}
2026-08-05T09:49:37 INFO utils.pipeline | step=8000 train_interval=0.192381 valid={'valid1': {'mse': 510.4925231933594, 'nmse': 0.14663705229759216, 'mae': 11.951546669006348, 'nmae': 0.21883347630500793, 'relative_mse': 0.2659873068332672}, 'valid2': {'mse': 403.4355163574219, 'nmse': 0.14607438445091248, 'mae': 11.30118179321289, 'nmae': 0.2204907089471817, 'relative_mse': 0.2597461938858032}}
2026-08-05T09:49:57 INFO utils.pipeline | step=9000 train_interval=0.190353 valid={'valid1': {'mse': 513.6481323242188, 'nmse': 0.1472775936126709, 'mae': 12.1046781539917, 'nmae': 0.22178412973880768, 'relative_mse': 0.2669900059700012}, 'valid2': {'mse': 405.98089599609375, 'nmse': 0.14677150547504425, 'mae': 11.44703197479248, 'nmae': 0.22323943674564362, 'relative_mse': 0.26069724559783936}}
2026-08-05T09:50:17 INFO utils.pipeline | step=10000 train_interval=0.188249 valid={'valid1': {'mse': 516.27099609375, 'nmse': 0.1490572690963745, 'mae': 12.151596069335938, 'nmae': 0.22284768521785736, 'relative_mse': 0.27054330706596375}, 'valid2': {'mse': 409.2205810546875, 'nmse': 0.14815181493759155, 'mae': 11.487077713012695, 'nmae': 0.22407184541225433, 'relative_mse': 0.2636675536632538}}
2026-08-05T09:50:17 INFO root | finished in 197.4 seconds
2026-08-05T09:50:17 INFO utils.dataset | loaded dataset config path=/home/h61084/codes/revin_experiment/../datasets/solar/config.json keys=['aggr', 'aggr_period', 'date_col', 'drop_users', 'target_cols']
2026-08-05T09:50:17 INFO utils.dataset | loaded dataset name=solar users=137 dropped_users=[] config=/home/h61084/codes/revin_experiment/../datasets/solar/config.json
2026-08-05T09:50:17 INFO root | training patchtst/revin on cuda -> /home/h61084/codes/revin_experiment/outputs/revin_experiment/solar/336_96/patchtst_instance_nmse/seed_3
2026-08-05T09:50:37 INFO utils.pipeline | step=1000 train_interval=0.319095 valid={'valid1': {'mse': 505.5904541015625, 'nmse': 0.16337035596370697, 'mae': 12.592695236206055, 'nmae': 0.2406599372625351, 'relative_mse': 0.2939646542072296}, 'valid2': {'mse': 710.3436889648438, 'nmse': 0.16245320439338684, 'mae': 14.400927543640137, 'nmae': 0.2387913316488266, 'relative_mse': 0.29895004630088806}}
2026-08-05T09:50:57 INFO utils.pipeline | step=2000 train_interval=0.226137 valid={'valid1': {'mse': 473.40093994140625, 'nmse': 0.1535833477973938, 'mae': 11.936427116394043, 'nmae': 0.22800256311893463, 'relative_mse': 0.27669593691825867}, 'valid2': {'mse': 665.1700439453125, 'nmse': 0.15340091288089752, 'mae': 13.608491897583008, 'nmae': 0.22578756511211395, 'relative_mse': 0.28267723321914673}}
2026-08-05T09:51:16 INFO utils.pipeline | step=3000 train_interval=0.209848 valid={'valid1': {'mse': 461.51910400390625, 'nmse': 0.14983248710632324, 'mae': 12.09402084350586, 'nmae': 0.23102961480617523, 'relative_mse': 0.26968127489089966}, 'valid2': {'mse': 647.905517578125, 'nmse': 0.14895722270011902, 'mae': 13.771439552307129, 'nmae': 0.22841748595237732, 'relative_mse': 0.2742200493812561}}
2026-08-05T09:51:36 INFO utils.pipeline | step=4000 train_interval=0.202608 valid={'valid1': {'mse': 454.54620361328125, 'nmse': 0.14763644337654114, 'mae': 11.656004905700684, 'nmae': 0.2226569801568985, 'relative_mse': 0.2656159996986389}, 'valid2': {'mse': 639.4254150390625, 'nmse': 0.14720208942890167, 'mae': 13.27896785736084, 'nmae': 0.22026535868644714, 'relative_mse': 0.27088525891304016}}
2026-08-05T09:51:56 INFO utils.pipeline | step=5000 train_interval=0.198774 valid={'valid1': {'mse': 456.0986328125, 'nmse': 0.14811208844184875, 'mae': 11.570969581604004, 'nmae': 0.2210511863231659, 'relative_mse': 0.2665918171405792}, 'valid2': {'mse': 641.5086059570312, 'nmse': 0.14768357574939728, 'mae': 13.179487228393555, 'nmae': 0.21855083107948303, 'relative_mse': 0.2719217538833618}}
2026-08-05T09:52:15 INFO utils.pipeline | step=6000 train_interval=0.196334 valid={'valid1': {'mse': 456.3945007324219, 'nmse': 0.1484779268503189, 'mae': 11.65070629119873, 'nmae': 0.22270560264587402, 'relative_mse': 0.26726505160331726}, 'valid2': {'mse': 641.7888793945312, 'nmse': 0.14810429513454437, 'mae': 13.280516624450684, 'nmae': 0.22050508856773376, 'relative_mse': 0.27267760038375854}}
2026-08-05T09:52:35 INFO utils.pipeline | step=7000 train_interval=0.194211 valid={'valid1': {'mse': 459.4205627441406, 'nmse': 0.1497567892074585, 'mae': 11.91439437866211, 'nmae': 0.22783072292804718, 'relative_mse': 0.2696110010147095}, 'valid2': {'mse': 644.5584716796875, 'nmse': 0.14895904064178467, 'mae': 13.567495346069336, 'nmae': 0.2254505604505539, 'relative_mse': 0.27428579330444336}}
2026-08-05T09:52:55 INFO utils.pipeline | step=8000 train_interval=0.192701 valid={'valid1': {'mse': 456.563720703125, 'nmse': 0.14867351949214935, 'mae': 11.726420402526855, 'nmae': 0.224191814661026, 'relative_mse': 0.26760032773017883}, 'valid2': {'mse': 640.3206176757812, 'nmse': 0.14791339635849, 'mae': 13.350738525390625, 'nmae': 0.22181250154972076, 'relative_mse': 0.2722786068916321}}
2026-08-05T09:53:15 INFO utils.pipeline | step=9000 train_interval=0.191133 valid={'valid1': {'mse': 457.1496887207031, 'nmse': 0.14868168532848358, 'mae': 11.569655418395996, 'nmae': 0.2211739420890808, 'relative_mse': 0.2676614224910736}, 'valid2': {'mse': 642.7315063476562, 'nmse': 0.1480521410703659, 'mae': 13.184675216674805, 'nmae': 0.21888253092765808, 'relative_mse': 0.27263548970222473}}
2026-08-05T09:53:34 INFO utils.pipeline | step=10000 train_interval=0.188897 valid={'valid1': {'mse': 451.4665222167969, 'nmse': 0.1463046669960022, 'mae': 11.385804176330566, 'nmae': 0.21750520169734955, 'relative_mse': 0.2630347013473511}, 'valid2': {'mse': 635.4104614257812, 'nmse': 0.14560167491436005, 'mae': 12.979936599731445, 'nmae': 0.2151237577199936, 'relative_mse': 0.26783135533332825}}
2026-08-05T09:53:35 INFO root | finished in 197.8 seconds

2026-08-05T09:53:35+02:00 configuration=83/90 dataset=solar lags=336 horizon=96 model=patchtst method=revin_mse requested_seeds=1,2,3 run_seeds=1,2,3 batch_size=256 learning_rate=1e-5 epochs=10000 steps=10000 eval_stride=96 valid_eval_frequency=1000 logging_frequency=1000 overrides=normalization.name=revin normalization.kwargs.affine=true training.loss=mse
2026-08-05T09:53:39 INFO utils.dataset | loaded dataset config path=/home/h61084/codes/revin_experiment/../datasets/solar/config.json keys=['aggr', 'aggr_period', 'date_col', 'drop_users', 'target_cols']
2026-08-05T09:53:39 INFO utils.dataset | loaded dataset name=solar users=137 dropped_users=[] config=/home/h61084/codes/revin_experiment/../datasets/solar/config.json
2026-08-05T09:53:41 INFO root | training patchtst/revin on cuda -> /home/h61084/codes/revin_experiment/outputs/revin_experiment/solar/336_96/patchtst_revin_mse/seed_1
2026-08-05T09:54:01 INFO utils.pipeline | step=1000 train_interval=1102.19 valid={'valid1': {'mse': 543.1214599609375, 'nmse': 0.16345258057117462, 'mae': 13.22628402709961, 'nmae': 0.24659843742847443, 'relative_mse': 0.2954130470752716}, 'valid2': {'mse': 561.3147583007812, 'nmse': 0.16301532089710236, 'mae': 13.61533260345459, 'nmae': 0.24726003408432007, 'relative_mse': 0.29579564929008484}}
2026-08-05T09:54:21 INFO utils.pipeline | step=2000 train_interval=783.491 valid={'valid1': {'mse': 520.2285766601562, 'nmse': 0.15697862207889557, 'mae': 12.473092079162598, 'nmae': 0.2324274480342865, 'relative_mse': 0.28394800424575806}, 'valid2': {'mse': 536.3692016601562, 'nmse': 0.1565166711807251, 'mae': 12.800528526306152, 'nmae': 0.2325684279203415, 'relative_mse': 0.2842056453227997}}
2026-08-05T09:54:41 INFO utils.pipeline | step=3000 train_interval=726.491 valid={'valid1': {'mse': 504.83758544921875, 'nmse': 0.15217220783233643, 'mae': 12.134591102600098, 'nmae': 0.22610004246234894, 'relative_mse': 0.27514365315437317}, 'valid2': {'mse': 521.4549560546875, 'nmse': 0.15182919800281525, 'mae': 12.44774055480957, 'nmae': 0.22606034576892853, 'relative_mse': 0.27555927634239197}}
2026-08-05T09:55:01 INFO utils.pipeline | step=4000 train_interval=706.555 valid={'valid1': {'mse': 501.3345947265625, 'nmse': 0.15115892887115479, 'mae': 12.138688087463379, 'nmae': 0.22600573301315308, 'relative_mse': 0.27324432134628296}, 'valid2': {'mse': 517.9301147460938, 'nmse': 0.15099161863327026, 'mae': 12.443979263305664, 'nmae': 0.22602371871471405, 'relative_mse': 0.27400416135787964}}
2026-08-05T09:55:21 INFO utils.pipeline | step=5000 train_interval=687.55 valid={'valid1': {'mse': 491.1254577636719, 'nmse': 0.14834289252758026, 'mae': 11.920507431030273, 'nmae': 0.22202926874160767, 'relative_mse': 0.26792213320732117}, 'valid2': {'mse': 505.38861083984375, 'nmse': 0.1476845145225525, 'mae': 12.216858863830566, 'nmae': 0.22185589373111725, 'relative_mse': 0.26780620217323303}}
2026-08-05T09:55:41 INFO utils.pipeline | step=6000 train_interval=684.267 valid={'valid1': {'mse': 497.2533264160156, 'nmse': 0.1505853682756424, 'mae': 12.131500244140625, 'nmae': 0.22603726387023926, 'relative_mse': 0.2724025249481201}, 'valid2': {'mse': 513.5286254882812, 'nmse': 0.15009300410747528, 'mae': 12.442675590515137, 'nmae': 0.2259511649608612, 'relative_mse': 0.2725035548210144}}
2026-08-05T09:56:01 INFO utils.pipeline | step=7000 train_interval=673.945 valid={'valid1': {'mse': 496.78741455078125, 'nmse': 0.15006481111049652, 'mae': 12.04337215423584, 'nmae': 0.2242959439754486, 'relative_mse': 0.2713150382041931}, 'valid2': {'mse': 513.3745727539062, 'nmse': 0.14969368278980255, 'mae': 12.35058307647705, 'nmae': 0.22423484921455383, 'relative_mse': 0.27167144417762756}}
2026-08-05T09:56:21 INFO utils.pipeline | step=8000 train_interval=667.934 valid={'valid1': {'mse': 497.32318115234375, 'nmse': 0.14986148476600647, 'mae': 12.094025611877441, 'nmae': 0.22525900602340698, 'relative_mse': 0.2708015441894531}, 'valid2': {'mse': 513.7778930664062, 'nmse': 0.14959445595741272, 'mae': 12.408378601074219, 'nmae': 0.22523264586925507, 'relative_mse': 0.2714041769504547}}
2026-08-05T09:56:40 INFO utils.pipeline | step=9000 train_interval=656.479 valid={'valid1': {'mse': 493.86553955078125, 'nmse': 0.14979533851146698, 'mae': 12.06134033203125, 'nmae': 0.22499263286590576, 'relative_mse': 0.27087315917015076}, 'valid2': {'mse': 510.0274353027344, 'nmse': 0.1491563320159912, 'mae': 12.354086875915527, 'nmae': 0.2244914174079895, 'relative_mse': 0.2706975042819977}}
2026-08-05T09:57:00 INFO utils.pipeline | step=10000 train_interval=651.865 valid={'valid1': {'mse': 496.0019226074219, 'nmse': 0.15062189102172852, 'mae': 12.140202522277832, 'nmae': 0.226405531167984, 'relative_mse': 0.2724798619747162}, 'valid2': {'mse': 511.0906066894531, 'nmse': 0.14976780116558075, 'mae': 12.425856590270996, 'nmae': 0.2258196771144867, 'relative_mse': 0.2719522714614868}}
2026-08-05T09:57:01 INFO root | finished in 202.1 seconds
2026-08-05T09:57:01 INFO utils.dataset | loaded dataset config path=/home/h61084/codes/revin_experiment/../datasets/solar/config.json keys=['aggr', 'aggr_period', 'date_col', 'drop_users', 'target_cols']
2026-08-05T09:57:01 INFO utils.dataset | loaded dataset name=solar users=137 dropped_users=[] config=/home/h61084/codes/revin_experiment/../datasets/solar/config.json
2026-08-05T09:57:01 INFO root | training patchtst/revin on cuda -> /home/h61084/codes/revin_experiment/outputs/revin_experiment/solar/336_96/patchtst_revin_mse/seed_2
2026-08-05T09:57:21 INFO utils.pipeline | step=1000 train_interval=1157.18 valid={'valid1': {'mse': 576.8883056640625, 'nmse': 0.1656748652458191, 'mae': 13.461174964904785, 'nmae': 0.24659650027751923, 'relative_mse': 0.3010876476764679}, 'valid2': {'mse': 459.4543762207031, 'nmse': 0.1663968712091446, 'mae': 12.737836837768555, 'nmae': 0.24888287484645844, 'relative_mse': 0.29651781916618347}}
2026-08-05T09:57:41 INFO utils.pipeline | step=2000 train_interval=828.452 valid={'valid1': {'mse': 550.8381958007812, 'nmse': 0.15892289578914642, 'mae': 12.78165340423584, 'nmae': 0.23398739099502563, 'relative_mse': 0.28941625356674194}, 'valid2': {'mse': 437.8039855957031, 'nmse': 0.15945787727832794, 'mae': 12.099004745483398, 'nmae': 0.23654210567474365, 'relative_mse': 0.2847844958305359}}
2026-08-05T09:58:01 INFO utils.pipeline | step=3000 train_interval=769.503 valid={'valid1': {'mse': 535.773193359375, 'nmse': 0.15410663187503815, 'mae': 12.6157808303833, 'nmae': 0.23099108040332794, 'relative_mse': 0.28002381324768066}, 'valid2': {'mse': 425.9073181152344, 'nmse': 0.15438427031040192, 'mae': 11.938661575317383, 'nmae': 0.2331366091966629, 'relative_mse': 0.27515295147895813}}
2026-08-05T09:58:21 INFO utils.pipeline | step=4000 train_interval=735.577 valid={'valid1': {'mse': 532.0147705078125, 'nmse': 0.15337981283664703, 'mae': 12.43229866027832, 'nmae': 0.2275518774986267, 'relative_mse': 0.2791159152984619}, 'valid2': {'mse': 422.6126708984375, 'nmse': 0.15346109867095947, 'mae': 11.756260871887207, 'nmae': 0.22956962883472443, 'relative_mse': 0.27391210198402405}}
2026-08-05T09:58:41 INFO utils.pipeline | step=5000 train_interval=728.593 valid={'valid1': {'mse': 531.12158203125, 'nmse': 0.15354019403457642, 'mae': 12.557326316833496, 'nmae': 0.23008909821510315, 'relative_mse': 0.2793339192867279}, 'valid2': {'mse': 422.7203063964844, 'nmse': 0.15342487394809723, 'mae': 11.880864143371582, 'nmae': 0.2318931519985199, 'relative_mse': 0.2737888693809509}}
2026-08-05T09:59:00 INFO utils.pipeline | step=6000 train_interval=708.353 valid={'valid1': {'mse': 528.3197021484375, 'nmse': 0.1521897166967392, 'mae': 12.362661361694336, 'nmae': 0.22625398635864258, 'relative_mse': 0.2767743170261383}, 'valid2': {'mse': 419.9289855957031, 'nmse': 0.15192286670207977, 'mae': 11.684246063232422, 'nmae': 0.22800986468791962, 'relative_mse': 0.2709239423274994}}
2026-08-05T09:59:20 INFO utils.pipeline | step=7000 train_interval=704.319 valid={'valid1': {'mse': 527.8151245117188, 'nmse': 0.15307772159576416, 'mae': 12.467926979064941, 'nmae': 0.228467658162117, 'relative_mse': 0.2784538269042969}, 'valid2': {'mse': 419.9609069824219, 'nmse': 0.15276452898979187, 'mae': 11.789173126220703, 'nmae': 0.23018218576908112, 'relative_mse': 0.2726905047893524}}
2026-08-05T09:59:40 INFO utils.pipeline | step=8000 train_interval=698.954 valid={'valid1': {'mse': 520.2080078125, 'nmse': 0.15043039619922638, 'mae': 12.189594268798828, 'nmae': 0.22331459820270538, 'relative_mse': 0.2735467255115509}, 'valid2': {'mse': 413.3764953613281, 'nmse': 0.15008589625358582, 'mae': 11.526206970214844, 'nmae': 0.2250470370054245, 'relative_mse': 0.2677784562110901}}
2026-08-05T10:00:00 INFO utils.pipeline | step=9000 train_interval=687.832 valid={'valid1': {'mse': 525.4210205078125, 'nmse': 0.151469424366951, 'mae': 12.323960304260254, 'nmae': 0.2259146124124527, 'relative_mse': 0.2752794921398163}, 'valid2': {'mse': 418.08197021484375, 'nmse': 0.15116092562675476, 'mae': 11.656035423278809, 'nmae': 0.22735397517681122, 'relative_mse': 0.2693943679332733}}
2026-08-05T10:00:20 INFO utils.pipeline | step=10000 train_interval=683.389 valid={'valid1': {'mse': 526.1361694335938, 'nmse': 0.15221679210662842, 'mae': 12.25093936920166, 'nmae': 0.22454620897769928, 'relative_mse': 0.27689820528030396}, 'valid2': {'mse': 418.7747497558594, 'nmse': 0.151768296957016, 'mae': 11.587908744812012, 'nmae': 0.22613254189491272, 'relative_mse': 0.27083271741867065}}
2026-08-05T10:00:20 INFO root | finished in 199.2 seconds
2026-08-05T10:00:20 INFO utils.dataset | loaded dataset config path=/home/h61084/codes/revin_experiment/../datasets/solar/config.json keys=['aggr', 'aggr_period', 'date_col', 'drop_users', 'target_cols']
2026-08-05T10:00:20 INFO utils.dataset | loaded dataset name=solar users=137 dropped_users=[] config=/home/h61084/codes/revin_experiment/../datasets/solar/config.json
2026-08-05T10:00:20 INFO root | training patchtst/revin on cuda -> /home/h61084/codes/revin_experiment/outputs/revin_experiment/solar/336_96/patchtst_revin_mse/seed_3
2026-08-05T10:00:40 INFO utils.pipeline | step=1000 train_interval=1025.09 valid={'valid1': {'mse': 509.1776123046875, 'nmse': 0.1649663895368576, 'mae': 12.908573150634766, 'nmae': 0.2469250112771988, 'relative_mse': 0.2972845435142517}, 'valid2': {'mse': 716.0053100585938, 'nmse': 0.16396082937717438, 'mae': 14.7737398147583, 'nmae': 0.24525687098503113, 'relative_mse': 0.30216068029403687}}
2026-08-05T10:01:00 INFO utils.pipeline | step=2000 train_interval=712.534 valid={'valid1': {'mse': 491.7361145019531, 'nmse': 0.15961623191833496, 'mae': 12.146201133728027, 'nmae': 0.23216122388839722, 'relative_mse': 0.28779923915863037}, 'valid2': {'mse': 692.0692138671875, 'nmse': 0.1598081886768341, 'mae': 13.884610176086426, 'nmae': 0.23049511015415192, 'relative_mse': 0.2946535050868988}}
2026-08-05T10:01:20 INFO utils.pipeline | step=3000 train_interval=667.904 valid={'valid1': {'mse': 470.1082763671875, 'nmse': 0.1531413346529007, 'mae': 12.103449821472168, 'nmae': 0.23137003183364868, 'relative_mse': 0.2759973406791687}, 'valid2': {'mse': 660.9777221679688, 'nmse': 0.1527186632156372, 'mae': 13.795611381530762, 'nmae': 0.22904296219348907, 'relative_mse': 0.281401664018631}}
2026-08-05T10:01:40 INFO utils.pipeline | step=4000 train_interval=637.557 valid={'valid1': {'mse': 461.50445556640625, 'nmse': 0.1502351611852646, 'mae': 11.78196907043457, 'nmae': 0.2251220941543579, 'relative_mse': 0.2705652713775635}, 'valid2': {'mse': 650.7682495117188, 'nmse': 0.15015031397342682, 'mae': 13.442509651184082, 'nmae': 0.22294509410858154, 'relative_mse': 0.2765067219734192}}
2026-08-05T10:02:00 INFO utils.pipeline | step=5000 train_interval=628.895 valid={'valid1': {'mse': 464.0174255371094, 'nmse': 0.15121839940547943, 'mae': 11.721527099609375, 'nmae': 0.22406980395317078, 'relative_mse': 0.2726241648197174}, 'valid2': {'mse': 654.508544921875, 'nmse': 0.15138374269008636, 'mae': 13.376723289489746, 'nmae': 0.22203418612480164, 'relative_mse': 0.2790820300579071}}
2026-08-05T10:02:20 INFO utils.pipeline | step=6000 train_interval=618.317 valid={'valid1': {'mse': 460.7997741699219, 'nmse': 0.1502508670091629, 'mae': 11.73739242553711, 'nmae': 0.2243686318397522, 'relative_mse': 0.2708015739917755}, 'valid2': {'mse': 649.37158203125, 'nmse': 0.15020203590393066, 'mae': 13.37894344329834, 'nmae': 0.22207853198051453, 'relative_mse': 0.27681854367256165}}
2026-08-05T10:02:40 INFO utils.pipeline | step=7000 train_interval=610.718 valid={'valid1': {'mse': 462.9489440917969, 'nmse': 0.15106520056724548, 'mae': 11.786667823791504, 'nmae': 0.22531072795391083, 'relative_mse': 0.2723213732242584}, 'valid2': {'mse': 651.82666015625, 'nmse': 0.15081936120986938, 'mae': 13.443185806274414, 'nmae': 0.2231433242559433, 'relative_mse': 0.2780303657054901}}
2026-08-05T10:03:00 INFO utils.pipeline | step=8000 train_interval=606.613 valid={'valid1': {'mse': 461.40374755859375, 'nmse': 0.15050479769706726, 'mae': 11.720333099365234, 'nmae': 0.22407805919647217, 'relative_mse': 0.2713097035884857}, 'valid2': {'mse': 649.5562133789062, 'nmse': 0.1501999944448471, 'mae': 13.357803344726562, 'nmae': 0.22183732688426971, 'relative_mse': 0.2768506109714508}}
2026-08-05T10:03:20 INFO utils.pipeline | step=9000 train_interval=603.527 valid={'valid1': {'mse': 460.7082824707031, 'nmse': 0.15027470886707306, 'mae': 11.696188926696777, 'nmae': 0.2236228585243225, 'relative_mse': 0.27081143856048584}, 'valid2': {'mse': 649.8726196289062, 'nmse': 0.15033864974975586, 'mae': 13.350072860717773, 'nmae': 0.22171422839164734, 'relative_mse': 0.2770101726055145}}
2026-08-05T10:03:40 INFO utils.pipeline | step=10000 train_interval=588.671 valid={'valid1': {'mse': 456.2002258300781, 'nmse': 0.14826948940753937, 'mae': 11.583003997802734, 'nmae': 0.22132056951522827, 'relative_mse': 0.26691269874572754}, 'valid2': {'mse': 643.668212890625, 'nmse': 0.14813727140426636, 'mae': 13.216246604919434, 'nmae': 0.21922600269317627, 'relative_mse': 0.2727188766002655}}
2026-08-05T10:03:40 INFO root | finished in 199.9 seconds

2026-08-05T10:03:41+02:00 configuration=84/90 dataset=solar lags=336 horizon=96 model=patchtst method=revin_nmse requested_seeds=1,2,3 run_seeds=1,2,3 batch_size=256 learning_rate=1e-5 epochs=10000 steps=10000 eval_stride=96 valid_eval_frequency=1000 logging_frequency=1000 overrides=normalization.name=revin normalization.kwargs.affine=true training.loss=nmse
2026-08-05T10:03:44 INFO utils.dataset | loaded dataset config path=/home/h61084/codes/revin_experiment/../datasets/solar/config.json keys=['aggr', 'aggr_period', 'date_col', 'drop_users', 'target_cols']
2026-08-05T10:03:44 INFO utils.dataset | loaded dataset name=solar users=137 dropped_users=[] config=/home/h61084/codes/revin_experiment/../datasets/solar/config.json
2026-08-05T10:03:46 INFO root | training patchtst/revin on cuda -> /home/h61084/codes/revin_experiment/outputs/revin_experiment/solar/336_96/patchtst_revin_nmse/seed_1
2026-08-05T10:04:06 INFO utils.pipeline | step=1000 train_interval=0.316318 valid={'valid1': {'mse': 535.7540893554688, 'nmse': 0.1605471670627594, 'mae': 12.741312980651855, 'nmae': 0.2372274547815323, 'relative_mse': 0.2897282540798187}, 'valid2': {'mse': 553.0916137695312, 'nmse': 0.16010285913944244, 'mae': 13.117134094238281, 'nmae': 0.23793469369411469, 'relative_mse': 0.29006144404411316}}
2026-08-05T10:04:26 INFO utils.pipeline | step=2000 train_interval=0.225769 valid={'valid1': {'mse': 505.93756103515625, 'nmse': 0.1520189493894577, 'mae': 12.097609519958496, 'nmae': 0.22520777583122253, 'relative_mse': 0.2745916247367859}, 'valid2': {'mse': 521.0426025390625, 'nmse': 0.15159673988819122, 'mae': 12.42134952545166, 'nmae': 0.22547666728496552, 'relative_mse': 0.27489417791366577}}
2026-08-05T10:04:46 INFO utils.pipeline | step=3000 train_interval=0.210883 valid={'valid1': {'mse': 492.6435241699219, 'nmse': 0.1479186713695526, 'mae': 11.926648139953613, 'nmae': 0.22203701734542847, 'relative_mse': 0.2669777274131775}, 'valid2': {'mse': 507.7793884277344, 'nmse': 0.1477050632238388, 'mae': 12.235508918762207, 'nmae': 0.22210505604743958, 'relative_mse': 0.26762914657592773}}
2026-08-05T10:05:06 INFO utils.pipeline | step=4000 train_interval=0.204035 valid={'valid1': {'mse': 491.7752685546875, 'nmse': 0.14783237874507904, 'mae': 11.982346534729004, 'nmae': 0.22309137880802155, 'relative_mse': 0.26691871881484985}, 'valid2': {'mse': 507.83489990234375, 'nmse': 0.14769460260868073, 'mae': 12.29521656036377, 'nmae': 0.22317081689834595, 'relative_mse': 0.26770541071891785}}
2026-08-05T10:05:26 INFO utils.pipeline | step=5000 train_interval=0.200339 valid={'valid1': {'mse': 484.64459228515625, 'nmse': 0.1461474746465683, 'mae': 11.828839302062988, 'nmae': 0.2203257530927658, 'relative_mse': 0.2635936439037323}, 'valid2': {'mse': 498.0052795410156, 'nmse': 0.14541690051555634, 'mae': 12.117293357849121, 'nmae': 0.22003282606601715, 'relative_mse': 0.2633601129055023}}
2026-08-05T10:05:46 INFO utils.pipeline | step=6000 train_interval=0.197116 valid={'valid1': {'mse': 492.6197814941406, 'nmse': 0.14895085990428925, 'mae': 12.14169979095459, 'nmae': 0.22631041705608368, 'relative_mse': 0.26915231347084045}, 'valid2': {'mse': 508.60040283203125, 'nmse': 0.14850793778896332, 'mae': 12.45220947265625, 'nmae': 0.2260962724685669, 'relative_mse': 0.2693433463573456}}
2026-08-05T10:06:06 INFO utils.pipeline | step=7000 train_interval=0.195432 valid={'valid1': {'mse': 493.868896484375, 'nmse': 0.14920242130756378, 'mae': 12.129783630371094, 'nmae': 0.2260618805885315, 'relative_mse': 0.2695450782775879}, 'valid2': {'mse': 510.2159729003906, 'nmse': 0.14874643087387085, 'mae': 12.448070526123047, 'nmae': 0.2259652316570282, 'relative_mse': 0.2697463929653168}}
2026-08-05T10:06:26 INFO utils.pipeline | step=8000 train_interval=0.1934 valid={'valid1': {'mse': 491.9146423339844, 'nmse': 0.14816248416900635, 'mae': 12.050023078918457, 'nmae': 0.2245045006275177, 'relative_mse': 0.26739272475242615}, 'valid2': {'mse': 507.4561767578125, 'nmse': 0.14779150485992432, 'mae': 12.357612609863281, 'nmae': 0.2243594229221344, 'relative_mse': 0.2678229808807373}}
2026-08-05T10:06:46 INFO utils.pipeline | step=9000 train_interval=0.191066 valid={'valid1': {'mse': 496.0330505371094, 'nmse': 0.15034545958042145, 'mae': 12.146607398986816, 'nmae': 0.22660401463508606, 'relative_mse': 0.27174660563468933}, 'valid2': {'mse': 513.5911254882812, 'nmse': 0.149929940700531, 'mae': 12.462329864501953, 'nmae': 0.22633904218673706, 'relative_mse': 0.2719804048538208}}
2026-08-05T10:07:05 INFO utils.pipeline | step=10000 train_interval=0.188645 valid={'valid1': {'mse': 491.68896484375, 'nmse': 0.1490800678730011, 'mae': 12.211297035217285, 'nmae': 0.2277933657169342, 'relative_mse': 0.2692594826221466}, 'valid2': {'mse': 506.5003356933594, 'nmse': 0.1482256054878235, 'mae': 12.495597839355469, 'nmae': 0.22709700465202332, 'relative_mse': 0.2687694728374481}}
2026-08-05T10:07:06 INFO root | finished in 202.1 seconds
2026-08-05T10:07:06 INFO utils.dataset | loaded dataset config path=/home/h61084/codes/revin_experiment/../datasets/solar/config.json keys=['aggr', 'aggr_period', 'date_col', 'drop_users', 'target_cols']
2026-08-05T10:07:06 INFO utils.dataset | loaded dataset name=solar users=137 dropped_users=[] config=/home/h61084/codes/revin_experiment/../datasets/solar/config.json
2026-08-05T10:07:06 INFO root | training patchtst/revin on cuda -> /home/h61084/codes/revin_experiment/outputs/revin_experiment/solar/336_96/patchtst_revin_nmse/seed_2
2026-08-05T10:07:26 INFO utils.pipeline | step=1000 train_interval=0.31262 valid={'valid1': {'mse': 558.9102783203125, 'nmse': 0.15973682701587677, 'mae': 12.912982940673828, 'nmae': 0.23612184822559357, 'relative_mse': 0.2898454964160919}, 'valid2': {'mse': 444.1264953613281, 'nmse': 0.16049107909202576, 'mae': 12.219341278076172, 'nmae': 0.2387276142835617, 'relative_mse': 0.2853763997554779}}
2026-08-05T10:07:46 INFO utils.pipeline | step=2000 train_interval=0.225762 valid={'valid1': {'mse': 533.0068969726562, 'nmse': 0.15282927453517914, 'mae': 12.330142974853516, 'nmae': 0.22532346844673157, 'relative_mse': 0.27772191166877747}, 'valid2': {'mse': 422.5348815917969, 'nmse': 0.1532524675130844, 'mae': 11.673857688903809, 'nmae': 0.22809861600399017, 'relative_mse': 0.2729504704475403}}
2026-08-05T10:08:06 INFO utils.pipeline | step=3000 train_interval=0.209615 valid={'valid1': {'mse': 518.37060546875, 'nmse': 0.14868591725826263, 'mae': 12.258439064025879, 'nmae': 0.2242008000612259, 'relative_mse': 0.2698604166507721}, 'valid2': {'mse': 410.44195556640625, 'nmse': 0.1487506926059723, 'mae': 11.5883207321167, 'nmae': 0.22621861100196838, 'relative_mse': 0.2646581828594208}}
2026-08-05T10:08:26 INFO utils.pipeline | step=4000 train_interval=0.203073 valid={'valid1': {'mse': 516.630126953125, 'nmse': 0.14872413873672485, 'mae': 12.386006355285645, 'nmae': 0.22674576938152313, 'relative_mse': 0.26999431848526}, 'valid2': {'mse': 409.3348083496094, 'nmse': 0.14836810529232025, 'mae': 11.712655067443848, 'nmae': 0.22856606543064117, 'relative_mse': 0.2640887498855591}}
2026-08-05T10:08:46 INFO utils.pipeline | step=5000 train_interval=0.198734 valid={'valid1': {'mse': 518.0436401367188, 'nmse': 0.1494792401790619, 'mae': 12.237894058227539, 'nmae': 0.22426585853099823, 'relative_mse': 0.2715037167072296}, 'valid2': {'mse': 411.3841247558594, 'nmse': 0.1488681584596634, 'mae': 11.5615816116333, 'nmae': 0.2255132794380188, 'relative_mse': 0.26509830355644226}}
2026-08-05T10:09:06 INFO utils.pipeline | step=6000 train_interval=0.194806 valid={'valid1': {'mse': 515.1880493164062, 'nmse': 0.14802469313144684, 'mae': 12.074835777282715, 'nmae': 0.22115084528923035, 'relative_mse': 0.26871833205223083}, 'valid2': {'mse': 408.1429443359375, 'nmse': 0.14749282598495483, 'mae': 11.407462120056152, 'nmae': 0.22243863344192505, 'relative_mse': 0.26242297887802124}}
2026-08-05T10:09:26 INFO utils.pipeline | step=7000 train_interval=0.192522 valid={'valid1': {'mse': 519.8382568359375, 'nmse': 0.15033680200576782, 'mae': 12.3521728515625, 'nmae': 0.2263176590204239, 'relative_mse': 0.2729584574699402}, 'valid2': {'mse': 412.520263671875, 'nmse': 0.14962893724441528, 'mae': 11.670082092285156, 'nmae': 0.2277090847492218, 'relative_mse': 0.26645585894584656}}
2026-08-05T10:09:46 INFO utils.pipeline | step=8000 train_interval=0.191223 valid={'valid1': {'mse': 510.3045349121094, 'nmse': 0.1465427279472351, 'mae': 11.92227554321289, 'nmae': 0.21827971935272217, 'relative_mse': 0.2658053934574127}, 'valid2': {'mse': 403.23785400390625, 'nmse': 0.14598828554153442, 'mae': 11.273172378540039, 'nmae': 0.21994240581989288, 'relative_mse': 0.2595730423927307}}
2026-08-05T10:10:05 INFO utils.pipeline | step=9000 train_interval=0.18914 valid={'valid1': {'mse': 513.177490234375, 'nmse': 0.14706602692604065, 'mae': 12.073707580566406, 'nmae': 0.2212076187133789, 'relative_mse': 0.26658740639686584}, 'valid2': {'mse': 405.4922180175781, 'nmse': 0.14658385515213013, 'mae': 11.4176664352417, 'nmae': 0.22266383469104767, 'relative_mse': 0.26033374667167664}}
2026-08-05T10:10:25 INFO utils.pipeline | step=10000 train_interval=0.186986 valid={'valid1': {'mse': 516.51806640625, 'nmse': 0.14912961423397064, 'mae': 12.143927574157715, 'nmae': 0.22269733250141144, 'relative_mse': 0.2706875503063202}, 'valid2': {'mse': 409.4884948730469, 'nmse': 0.1482314020395279, 'mae': 11.480228424072266, 'nmae': 0.22393681108951569, 'relative_mse': 0.26382049918174744}}
2026-08-05T10:10:26 INFO root | finished in 199.7 seconds
2026-08-05T10:10:26 INFO utils.dataset | loaded dataset config path=/home/h61084/codes/revin_experiment/../datasets/solar/config.json keys=['aggr', 'aggr_period', 'date_col', 'drop_users', 'target_cols']
2026-08-05T10:10:26 INFO utils.dataset | loaded dataset name=solar users=137 dropped_users=[] config=/home/h61084/codes/revin_experiment/../datasets/solar/config.json
2026-08-05T10:10:26 INFO root | training patchtst/revin on cuda -> /home/h61084/codes/revin_experiment/outputs/revin_experiment/solar/336_96/patchtst_revin_nmse/seed_3
2026-08-05T10:10:46 INFO utils.pipeline | step=1000 train_interval=0.318604 valid={'valid1': {'mse': 506.0638427734375, 'nmse': 0.16348765790462494, 'mae': 12.575474739074707, 'nmae': 0.24031764268875122, 'relative_mse': 0.2941383123397827}, 'valid2': {'mse': 711.0491943359375, 'nmse': 0.1625712364912033, 'mae': 14.380355834960938, 'nmae': 0.23842011392116547, 'relative_mse': 0.29912781715393066}}
2026-08-05T10:11:06 INFO utils.pipeline | step=2000 train_interval=0.225585 valid={'valid1': {'mse': 473.398193359375, 'nmse': 0.15356320142745972, 'mae': 11.9292631149292, 'nmae': 0.22785858809947968, 'relative_mse': 0.2766402065753937}, 'valid2': {'mse': 665.1947021484375, 'nmse': 0.15338581800460815, 'mae': 13.599950790405273, 'nmae': 0.22563599050045013, 'relative_mse': 0.2826273739337921}}
2026-08-05T10:11:26 INFO utils.pipeline | step=3000 train_interval=0.209186 valid={'valid1': {'mse': 461.0582275390625, 'nmse': 0.1496690958738327, 'mae': 12.056571960449219, 'nmae': 0.2303050309419632, 'relative_mse': 0.2693767547607422}, 'valid2': {'mse': 647.2549438476562, 'nmse': 0.14879155158996582, 'mae': 13.727691650390625, 'nmae': 0.2276742309331894, 'relative_mse': 0.2739047408103943}}
2026-08-05T10:11:46 INFO utils.pipeline | step=4000 train_interval=0.201838 valid={'valid1': {'mse': 454.335205078125, 'nmse': 0.1475593000650406, 'mae': 11.645087242126465, 'nmae': 0.2224438339471817, 'relative_mse': 0.26546967029571533}, 'valid2': {'mse': 639.1243896484375, 'nmse': 0.1471240073442459, 'mae': 13.266504287719727, 'nmae': 0.22005103528499603, 'relative_mse': 0.27073487639427185}}
2026-08-05T10:12:06 INFO utils.pipeline | step=5000 train_interval=0.197895 valid={'valid1': {'mse': 455.8300476074219, 'nmse': 0.14802232384681702, 'mae': 11.55929946899414, 'nmae': 0.22082851827144623, 'relative_mse': 0.26641950011253357}, 'valid2': {'mse': 641.1358032226562, 'nmse': 0.14760760962963104, 'mae': 13.16602611541748, 'nmae': 0.21833381056785583, 'relative_mse': 0.27177032828330994}}
2026-08-05T10:12:26 INFO utils.pipeline | step=6000 train_interval=0.195352 valid={'valid1': {'mse': 456.235595703125, 'nmse': 0.14841493964195251, 'mae': 11.636966705322266, 'nmae': 0.22243741154670715, 'relative_mse': 0.2671490013599396}, 'valid2': {'mse': 641.5330810546875, 'nmse': 0.1480375975370407, 'mae': 13.263671875, 'nmae': 0.22022275626659393, 'relative_mse': 0.2725561261177063}}
2026-08-05T10:12:46 INFO utils.pipeline | step=7000 train_interval=0.193148 valid={'valid1': {'mse': 458.9991455078125, 'nmse': 0.14960546791553497, 'mae': 11.885000228881836, 'nmae': 0.2272665947675705, 'relative_mse': 0.26933106780052185}, 'valid2': {'mse': 643.93408203125, 'nmse': 0.1488196849822998, 'mae': 13.53388786315918, 'nmae': 0.22490224242210388, 'relative_mse': 0.2740226686000824}}
2026-08-05T10:13:06 INFO utils.pipeline | step=8000 train_interval=0.191564 valid={'valid1': {'mse': 455.9514465332031, 'nmse': 0.1484266072511673, 'mae': 11.683295249938965, 'nmae': 0.22335609793663025, 'relative_mse': 0.2671416103839874}, 'valid2': {'mse': 639.4148559570312, 'nmse': 0.14763805270195007, 'mae': 13.29975414276123, 'nmae': 0.22095084190368652, 'relative_mse': 0.2717703878879547}}
2026-08-05T10:13:26 INFO utils.pipeline | step=9000 train_interval=0.189928 valid={'valid1': {'mse': 456.8183898925781, 'nmse': 0.14855720102787018, 'mae': 11.558881759643555, 'nmae': 0.22096261382102966, 'relative_mse': 0.2674224078655243}, 'valid2': {'mse': 642.1795654296875, 'nmse': 0.1479015052318573, 'mae': 13.17132568359375, 'nmae': 0.21866659820079803, 'relative_mse': 0.27234891057014465}}
2026-08-05T10:13:46 INFO utils.pipeline | step=10000 train_interval=0.18764 valid={'valid1': {'mse': 451.1085510253906, 'nmse': 0.14615194499492645, 'mae': 11.362518310546875, 'nmae': 0.2170470654964447, 'relative_mse': 0.262736439704895}, 'valid2': {'mse': 634.8292236328125, 'nmse': 0.14539596438407898, 'mae': 12.95155143737793, 'nmae': 0.21462854743003845, 'relative_mse': 0.26743796467781067}}
2026-08-05T10:13:46 INFO root | finished in 200.2 seconds

2026-08-05T10:13:46+02:00 configuration=85/90 dataset=solar lags=336 horizon=720 model=patchtst method=none_mse requested_seeds=1,2,3 run_seeds=1,2,3 batch_size=256 learning_rate=1e-5 epochs=10000 steps=10000 eval_stride=720 valid_eval_frequency=1000 logging_frequency=1000 overrides=normalization.name=none ~normalization.kwargs.affine training.loss=mse
2026-08-05T10:13:50 INFO utils.dataset | loaded dataset config path=/home/h61084/codes/revin_experiment/../datasets/solar/config.json keys=['aggr', 'aggr_period', 'date_col', 'drop_users', 'target_cols']
2026-08-05T10:13:50 INFO utils.dataset | loaded dataset name=solar users=137 dropped_users=[] config=/home/h61084/codes/revin_experiment/../datasets/solar/config.json
2026-08-05T10:13:52 INFO root | training patchtst/none on cuda -> /home/h61084/codes/revin_experiment/outputs/revin_experiment/solar/336_720/patchtst_none_mse/seed_1
2026-08-05T10:14:10 INFO utils.pipeline | step=1000 train_interval=4717 valid={'valid1': {'mse': 3144.8544921875, 'nmse': 0.9961618185043335, 'mae': 40.32194137573242, 'nmae': 0.7660654187202454, 'relative_mse': 1.685798168182373}, 'valid2': {'mse': 3265.687255859375, 'nmse': 1.0125547647476196, 'mae': 41.41110610961914, 'nmae': 0.7704929113388062, 'relative_mse': 1.721397042274475}}
2026-08-05T10:14:28 INFO utils.pipeline | step=2000 train_interval=3461.34 valid={'valid1': {'mse': 2692.522216796875, 'nmse': 0.9191944003105164, 'mae': 41.079010009765625, 'nmae': 0.7974023222923279, 'relative_mse': 1.557927131652832}, 'valid2': {'mse': 2794.052978515625, 'nmse': 0.9159557819366455, 'mae': 42.011817932128906, 'nmae': 0.7937237620353699, 'relative_mse': 1.5578454732894897}}
2026-08-05T10:14:46 INFO utils.pipeline | step=3000 train_interval=2898.67 valid={'valid1': {'mse': 2334.683349609375, 'nmse': 0.9667160511016846, 'mae': 41.63896179199219, 'nmae': 0.8498503565788269, 'relative_mse': 1.645819902420044}, 'valid2': {'mse': 2406.504150390625, 'nmse': 0.8964359164237976, 'mae': 42.14482498168945, 'nmae': 0.8252981901168823, 'relative_mse': 1.5260512828826904}}
2026-08-05T10:15:04 INFO utils.pipeline | step=4000 train_interval=2441.72 valid={'valid1': {'mse': 2101.7021484375, 'nmse': 0.9625149369239807, 'mae': 41.4108772277832, 'nmae': 0.8632268905639648, 'relative_mse': 1.6425098180770874}, 'valid2': {'mse': 2141.18212890625, 'nmse': 0.8389008045196533, 'mae': 41.645233154296875, 'nmae': 0.8262708783149719, 'relative_mse': 1.4279999732971191}}
2026-08-05T10:15:22 INFO utils.pipeline | step=5000 train_interval=1977.84 valid={'valid1': {'mse': 1685.265869140625, 'nmse': 0.7601557374000549, 'mae': 36.299217224121094, 'nmae': 0.7544993758201599, 'relative_mse': 1.2954562902450562}, 'valid2': {'mse': 1690.3477783203125, 'nmse': 0.6428313255310059, 'mae': 36.08525085449219, 'nmae': 0.713184654712677, 'relative_mse': 1.0924874544143677}}
2026-08-05T10:15:40 INFO utils.pipeline | step=6000 train_interval=1434.33 valid={'valid1': {'mse': 1156.9632568359375, 'nmse': 0.5198153853416443, 'mae': 29.268667221069336, 'nmae': 0.6090893745422363, 'relative_mse': 0.8849428296089172}, 'valid2': {'mse': 1159.996826171875, 'nmse': 0.4362258315086365, 'mae': 29.05100440979004, 'nmae': 0.5748124122619629, 'relative_mse': 0.7414438128471375}}
2026-08-05T10:15:58 INFO utils.pipeline | step=7000 train_interval=1046.17 valid={'valid1': {'mse': 792.6426391601562, 'nmse': 0.3354470729827881, 'mae': 22.71336555480957, 'nmae': 0.46948346495628357, 'relative_mse': 0.5695679783821106}, 'valid2': {'mse': 791.282470703125, 'nmse': 0.2836063504219055, 'mae': 22.370534896850586, 'nmae': 0.439069002866745, 'relative_mse': 0.4819612503051758}}
2026-08-05T10:16:15 INFO utils.pipeline | step=8000 train_interval=854.28 valid={'valid1': {'mse': 618.2572021484375, 'nmse': 0.23209306597709656, 'mae': 18.282629013061523, 'nmae': 0.37021195888519287, 'relative_mse': 0.3933471441268921}, 'valid2': {'mse': 631.143798828125, 'nmse': 0.2140979766845703, 'mae': 18.31036949157715, 'nmae': 0.3554959297180176, 'relative_mse': 0.3645114600658417}}
2026-08-05T10:16:33 INFO utils.pipeline | step=9000 train_interval=773.223 valid={'valid1': {'mse': 532.7908325195312, 'nmse': 0.18063774704933167, 'mae': 15.559001922607422, 'nmae': 0.3071178197860718, 'relative_mse': 0.3054063022136688}, 'valid2': {'mse': 554.1201782226562, 'nmse': 0.17946051061153412, 'mae': 16.00176239013672, 'nmae': 0.3061346709728241, 'relative_mse': 0.30559584498405457}}
2026-08-05T10:16:51 INFO utils.pipeline | step=10000 train_interval=750.076 valid={'valid1': {'mse': 515.7976684570312, 'nmse': 0.1718110889196396, 'mae': 14.96683406829834, 'nmae': 0.29377052187919617, 'relative_mse': 0.29035094380378723}, 'valid2': {'mse': 530.977294921875, 'nmse': 0.1684553623199463, 'mae': 15.169778823852539, 'nmae': 0.2879965007305145, 'relative_mse': 0.286572128534317}}
2026-08-05T10:16:54 INFO root | finished in 184.3 seconds
2026-08-05T10:16:55 INFO utils.dataset | loaded dataset config path=/home/h61084/codes/revin_experiment/../datasets/solar/config.json keys=['aggr', 'aggr_period', 'date_col', 'drop_users', 'target_cols']
2026-08-05T10:16:55 INFO utils.dataset | loaded dataset name=solar users=137 dropped_users=[] config=/home/h61084/codes/revin_experiment/../datasets/solar/config.json
2026-08-05T10:16:55 INFO root | training patchtst/none on cuda -> /home/h61084/codes/revin_experiment/outputs/revin_experiment/solar/336_720/patchtst_none_mse/seed_2
2026-08-05T10:17:13 INFO utils.pipeline | step=1000 train_interval=4994.79 valid={'valid1': {'mse': 3335.392578125, 'nmse': 1.0148956775665283, 'mae': 40.693336486816406, 'nmae': 0.7619113326072693, 'relative_mse': 1.7262746095657349}, 'valid2': {'mse': 2744.153564453125, 'nmse': 1.0174154043197632, 'mae': 38.849361419677734, 'nmae': 0.7668740749359131, 'relative_mse': 1.6968879699707031}}
2026-08-05T10:17:31 INFO utils.pipeline | step=2000 train_interval=3623.6 valid={'valid1': {'mse': 2778.538818359375, 'nmse': 0.9147734642028809, 'mae': 41.17855453491211, 'nmae': 0.7891523838043213, 'relative_mse': 1.5586731433868408}, 'valid2': {'mse': 2384.498046875, 'nmse': 0.9095720648765564, 'mae': 39.72179412841797, 'nmae': 0.7899518013000488, 'relative_mse': 1.5147358179092407}}
2026-08-05T10:17:49 INFO utils.pipeline | step=3000 train_interval=2985 valid={'valid1': {'mse': 2398.34375, 'nmse': 0.9500581622123718, 'mae': 41.47980880737305, 'nmae': 0.836111307144165, 'relative_mse': 1.6256139278411865}, 'valid2': {'mse': 2211.775146484375, 'nmse': 0.8920935988426208, 'mae': 40.74365234375, 'nmae': 0.8229294419288635, 'relative_mse': 1.4813557863235474}}
2026-08-05T10:18:07 INFO utils.pipeline | step=4000 train_interval=2423.15 valid={'valid1': {'mse': 1904.3896484375, 'nmse': 0.8336724042892456, 'mae': 37.45343017578125, 'nmae': 0.7727222442626953, 'relative_mse': 1.4300962686538696}, 'valid2': {'mse': 1752.712890625, 'nmse': 0.723135232925415, 'mae': 36.567413330078125, 'nmae': 0.7434305548667908, 'relative_mse': 1.1992766857147217}}
2026-08-05T10:18:24 INFO utils.pipeline | step=5000 train_interval=1859.64 valid={'valid1': {'mse': 1488.1575927734375, 'nmse': 0.6400853395462036, 'mae': 31.82039451599121, 'nmae': 0.6559131145477295, 'relative_mse': 1.0964158773422241}, 'valid2': {'mse': 1371.3468017578125, 'nmse': 0.5645848512649536, 'mae': 31.20540428161621, 'nmae': 0.6348819732666016, 'relative_mse': 0.9326274394989014}}
2026-08-05T10:18:42 INFO utils.pipeline | step=6000 train_interval=1339.09 valid={'valid1': {'mse': 1018.7838745117188, 'nmse': 0.4299853444099426, 'mae': 24.894376754760742, 'nmae': 0.5126487016677856, 'relative_mse': 0.7355191111564636}, 'valid2': {'mse': 922.0829467773438, 'nmse': 0.3830505609512329, 'mae': 24.357873916625977, 'nmae': 0.49673715233802795, 'relative_mse': 0.6280128359794617}}
2026-08-05T10:19:00 INFO utils.pipeline | step=7000 train_interval=1011.84 valid={'valid1': {'mse': 646.0738525390625, 'nmse': 0.24027644097805023, 'mae': 17.80666160583496, 'nmae': 0.35868722200393677, 'relative_mse': 0.4102558195590973}, 'valid2': {'mse': 555.0906372070312, 'nmse': 0.22554782032966614, 'mae': 17.181671142578125, 'nmae': 0.34799498319625854, 'relative_mse': 0.3699549734592438}}
2026-08-05T10:19:18 INFO utils.pipeline | step=8000 train_interval=849.399 valid={'valid1': {'mse': 545.865234375, 'nmse': 0.17604979872703552, 'mae': 14.748312950134277, 'nmae': 0.2860959768295288, 'relative_mse': 0.29958203434944153}, 'valid2': {'mse': 446.1507873535156, 'nmse': 0.17478081583976746, 'mae': 14.118687629699707, 'nmae': 0.2823598384857178, 'relative_mse': 0.28781431913375854}}
2026-08-05T10:19:36 INFO utils.pipeline | step=9000 train_interval=791.998 valid={'valid1': {'mse': 541.3706665039062, 'nmse': 0.1647324115037918, 'mae': 14.280472755432129, 'nmae': 0.2706211507320404, 'relative_mse': 0.27982544898986816}, 'valid2': {'mse': 434.7405700683594, 'nmse': 0.1678236871957779, 'mae': 13.65824031829834, 'nmae': 0.27163660526275635, 'relative_mse': 0.27744558453559875}}
2026-08-05T10:19:54 INFO utils.pipeline | step=10000 train_interval=768.77 valid={'valid1': {'mse': 531.8024291992188, 'nmse': 0.16068163514137268, 'mae': 14.275415420532227, 'nmae': 0.2699287533760071, 'relative_mse': 0.2729693353176117}, 'valid2': {'mse': 424.2903747558594, 'nmse': 0.16304780542850494, 'mae': 13.504939079284668, 'nmae': 0.2688211500644684, 'relative_mse': 0.26991063356399536}}
2026-08-05T10:19:54 INFO root | finished in 179.9 seconds
2026-08-05T10:19:54 INFO utils.dataset | loaded dataset config path=/home/h61084/codes/revin_experiment/../datasets/solar/config.json keys=['aggr', 'aggr_period', 'date_col', 'drop_users', 'target_cols']
2026-08-05T10:19:54 INFO utils.dataset | loaded dataset name=solar users=137 dropped_users=[] config=/home/h61084/codes/revin_experiment/../datasets/solar/config.json
2026-08-05T10:19:54 INFO root | training patchtst/none on cuda -> /home/h61084/codes/revin_experiment/outputs/revin_experiment/solar/336_720/patchtst_none_mse/seed_3
2026-08-05T10:20:12 INFO utils.pipeline | step=1000 train_interval=4352.46 valid={'valid1': {'mse': 2795.704345703125, 'nmse': 0.9628864526748657, 'mae': 38.85741424560547, 'nmae': 0.7585723996162415, 'relative_mse': 1.6270787715911865}, 'valid2': {'mse': 3968.8984375, 'nmse': 0.9386850595474243, 'mae': 44.286136627197266, 'nmae': 0.7459239363670349, 'relative_mse': 1.6069012880325317}}
2026-08-05T10:20:30 INFO utils.pipeline | step=2000 train_interval=3146.36 valid={'valid1': {'mse': 2487.677490234375, 'nmse': 0.9183685183525085, 'mae': 39.98788833618164, 'nmae': 0.7974246740341187, 'relative_mse': 1.5536161661148071}, 'valid2': {'mse': 3334.025390625, 'nmse': 0.8549380302429199, 'mae': 44.454044342041016, 'nmae': 0.7638972401618958, 'relative_mse': 1.4657756090164185}}
2026-08-05T10:20:48 INFO utils.pipeline | step=3000 train_interval=2651.74 valid={'valid1': {'mse': 2109.464111328125, 'nmse': 0.9359420537948608, 'mae': 40.17405700683594, 'nmae': 0.841209352016449, 'relative_mse': 1.590018391609192}, 'valid2': {'mse': 2508.904052734375, 'nmse': 0.7513329982757568, 'mae': 42.258975982666016, 'nmae': 0.758122444152832, 'relative_mse': 1.2916959524154663}}
2026-08-05T10:21:06 INFO utils.pipeline | step=4000 train_interval=2215.4 valid={'valid1': {'mse': 1657.3809814453125, 'nmse': 0.7950330972671509, 'mae': 35.336360931396484, 'nmae': 0.7541152238845825, 'relative_mse': 1.3534541130065918}, 'valid2': {'mse': 1955.8575439453125, 'nmse': 0.5876906514167786, 'mae': 36.62157440185547, 'nmae': 0.6608108878135681, 'relative_mse': 1.0106216669082642}}
2026-08-05T10:21:24 INFO utils.pipeline | step=5000 train_interval=1672.78 valid={'valid1': {'mse': 1093.65625, 'nmse': 0.511293888092041, 'mae': 27.50033187866211, 'nmae': 0.5843061208724976, 'relative_mse': 0.8679185509681702}, 'valid2': {'mse': 1361.4775390625, 'nmse': 0.37729611992836, 'mae': 28.73933219909668, 'nmae': 0.5105220079421997, 'relative_mse': 0.6479871273040771}}
2026-08-05T10:21:42 INFO utils.pipeline | step=6000 train_interval=1167.01 valid={'valid1': {'mse': 649.1516723632812, 'nmse': 0.2939887046813965, 'mae': 19.563007354736328, 'nmae': 0.4148240089416504, 'relative_mse': 0.4988345503807068}, 'valid2': {'mse': 838.1058349609375, 'nmse': 0.21277102828025818, 'mae': 20.445690155029297, 'nmae': 0.35692593455314636, 'relative_mse': 0.3652724325656891}}
2026-08-05T10:22:00 INFO utils.pipeline | step=7000 train_interval=892.383 valid={'valid1': {'mse': 482.0888977050781, 'nmse': 0.18726782500743866, 'mae': 14.345052719116211, 'nmae': 0.29481905698776245, 'relative_mse': 0.3161758482456207}, 'valid2': {'mse': 655.8118286132812, 'nmse': 0.1549406200647354, 'mae': 15.503060340881348, 'nmae': 0.26210108399391174, 'relative_mse': 0.2661293148994446}}
2026-08-05T10:22:17 INFO utils.pipeline | step=8000 train_interval=763.251 valid={'valid1': {'mse': 473.1507263183594, 'nmse': 0.17057745158672333, 'mae': 13.781533241271973, 'nmae': 0.276390939950943, 'relative_mse': 0.28700026869773865}, 'valid2': {'mse': 665.1570434570312, 'nmse': 0.15531393885612488, 'mae': 15.57443904876709, 'nmae': 0.26068997383117676, 'relative_mse': 0.2665099501609802}}
2026-08-05T10:22:35 INFO utils.pipeline | step=9000 train_interval=706.165 valid={'valid1': {'mse': 491.71978759765625, 'nmse': 0.17063681781291962, 'mae': 13.752419471740723, 'nmae': 0.2712344527244568, 'relative_mse': 0.2866241931915283}, 'valid2': {'mse': 688.4803466796875, 'nmse': 0.16418883204460144, 'mae': 15.680678367614746, 'nmae': 0.26304569840431213, 'relative_mse': 0.2813017964363098}}
2026-08-05T10:22:53 INFO utils.pipeline | step=10000 train_interval=684.213 valid={'valid1': {'mse': 472.2569885253906, 'nmse': 0.1629229336977005, 'mae': 13.276798248291016, 'nmae': 0.26128143072128296, 'relative_mse': 0.27376681566238403}, 'valid2': {'mse': 658.7239990234375, 'nmse': 0.15602533519268036, 'mae': 14.939846992492676, 'nmae': 0.25066930055618286, 'relative_mse': 0.2674036920070648}}
2026-08-05T10:22:53 INFO root | finished in 179.5 seconds

2026-08-05T10:22:54+02:00 configuration=86/90 dataset=solar lags=336 horizon=720 model=patchtst method=standard_mse requested_seeds=1,2,3 run_seeds=1,2,3 batch_size=256 learning_rate=1e-5 epochs=10000 steps=10000 eval_stride=720 valid_eval_frequency=1000 logging_frequency=1000 overrides=normalization.name=standard ~normalization.kwargs.affine training.loss=mse
2026-08-05T10:22:58 INFO utils.dataset | loaded dataset config path=/home/h61084/codes/revin_experiment/../datasets/solar/config.json keys=['aggr', 'aggr_period', 'date_col', 'drop_users', 'target_cols']
2026-08-05T10:22:58 INFO utils.dataset | loaded dataset name=solar users=137 dropped_users=[] config=/home/h61084/codes/revin_experiment/../datasets/solar/config.json
2026-08-05T10:23:01 INFO root | training patchtst/standard on cuda -> /home/h61084/codes/revin_experiment/outputs/revin_experiment/solar/336_720/patchtst_standard_mse/seed_1
2026-08-05T10:23:19 INFO utils.pipeline | step=1000 train_interval=1187.7 valid={'valid1': {'mse': 493.3042907714844, 'nmse': 0.1603696495294571, 'mae': 13.588977813720703, 'nmae': 0.2612834870815277, 'relative_mse': 0.2711803615093231}, 'valid2': {'mse': 519.0880737304688, 'nmse': 0.15919129550457, 'mae': 13.988187789916992, 'nmae': 0.26015719771385193, 'relative_mse': 0.27128005027770996}}
2026-08-05T10:23:37 INFO utils.pipeline | step=2000 train_interval=845.207 valid={'valid1': {'mse': 472.7097473144531, 'nmse': 0.15210744738578796, 'mae': 12.729687690734863, 'nmae': 0.2437397986650467, 'relative_mse': 0.257091224193573}, 'valid2': {'mse': 500.8734130859375, 'nmse': 0.1530582457780838, 'mae': 13.121374130249023, 'nmae': 0.24397552013397217, 'relative_mse': 0.2608806788921356}}
2026-08-05T10:23:55 INFO utils.pipeline | step=3000 train_interval=780.37 valid={'valid1': {'mse': 467.8350524902344, 'nmse': 0.1496635228395462, 'mae': 12.331930160522461, 'nmae': 0.23571759462356567, 'relative_mse': 0.252996563911438}, 'valid2': {'mse': 498.09161376953125, 'nmse': 0.1513492465019226, 'mae': 12.7466459274292, 'nmae': 0.23626568913459778, 'relative_mse': 0.25801774859428406}}
2026-08-05T10:24:13 INFO utils.pipeline | step=4000 train_interval=749.215 valid={'valid1': {'mse': 454.14678955078125, 'nmse': 0.1449693888425827, 'mae': 12.003567695617676, 'nmae': 0.22886234521865845, 'relative_mse': 0.2450217455625534}, 'valid2': {'mse': 483.296142578125, 'nmse': 0.1475510597229004, 'mae': 12.415712356567383, 'nmae': 0.23002098500728607, 'relative_mse': 0.25146687030792236}}
2026-08-05T10:24:31 INFO utils.pipeline | step=5000 train_interval=728.562 valid={'valid1': {'mse': 454.3423156738281, 'nmse': 0.14328931272029877, 'mae': 12.242539405822754, 'nmae': 0.23270508646965027, 'relative_mse': 0.24223707616329193}, 'valid2': {'mse': 484.4959411621094, 'nmse': 0.14654672145843506, 'mae': 12.670391082763672, 'nmae': 0.23455020785331726, 'relative_mse': 0.24979187548160553}}
2026-08-05T10:24:49 INFO utils.pipeline | step=6000 train_interval=721.174 valid={'valid1': {'mse': 447.64581298828125, 'nmse': 0.14263416826725006, 'mae': 11.923967361450195, 'nmae': 0.22763492166996002, 'relative_mse': 0.24121695756912231}, 'valid2': {'mse': 475.20257568359375, 'nmse': 0.14480316638946533, 'mae': 12.328704833984375, 'nmae': 0.22864830493927002, 'relative_mse': 0.24687349796295166}}
2026-08-05T10:25:07 INFO utils.pipeline | step=7000 train_interval=702.65 valid={'valid1': {'mse': 454.48388671875, 'nmse': 0.14327003061771393, 'mae': 12.021482467651367, 'nmae': 0.2282669097185135, 'relative_mse': 0.24249622225761414}, 'valid2': {'mse': 486.6017761230469, 'nmse': 0.146391823887825, 'mae': 12.455504417419434, 'nmae': 0.22998593747615814, 'relative_mse': 0.24969452619552612}}
2026-08-05T10:25:25 INFO utils.pipeline | step=8000 train_interval=696.629 valid={'valid1': {'mse': 447.036376953125, 'nmse': 0.1438927948474884, 'mae': 12.453550338745117, 'nmae': 0.2390253245830536, 'relative_mse': 0.24363502860069275}, 'valid2': {'mse': 477.2619934082031, 'nmse': 0.1454324573278427, 'mae': 12.880863189697266, 'nmae': 0.23948436975479126, 'relative_mse': 0.24802975356578827}}
2026-08-05T10:25:43 INFO utils.pipeline | step=9000 train_interval=688.999 valid={'valid1': {'mse': 450.44659423828125, 'nmse': 0.14416161179542542, 'mae': 12.240784645080566, 'nmae': 0.23384836316108704, 'relative_mse': 0.24407169222831726}, 'valid2': {'mse': 481.822021484375, 'nmse': 0.14629864692687988, 'mae': 12.684903144836426, 'nmae': 0.23482660949230194, 'relative_mse': 0.24952009320259094}}
2026-08-05T10:26:01 INFO utils.pipeline | step=10000 train_interval=689.041 valid={'valid1': {'mse': 455.4217529296875, 'nmse': 0.14638829231262207, 'mae': 12.10576057434082, 'nmae': 0.23180308938026428, 'relative_mse': 0.24805496633052826}, 'valid2': {'mse': 487.3664245605469, 'nmse': 0.14812786877155304, 'mae': 12.527217864990234, 'nmae': 0.23247520625591278, 'relative_mse': 0.2527708411216736}}
2026-08-05T10:26:01 INFO root | finished in 183.1 seconds
2026-08-05T10:26:01 INFO utils.dataset | loaded dataset config path=/home/h61084/codes/revin_experiment/../datasets/solar/config.json keys=['aggr', 'aggr_period', 'date_col', 'drop_users', 'target_cols']
2026-08-05T10:26:01 INFO utils.dataset | loaded dataset name=solar users=137 dropped_users=[] config=/home/h61084/codes/revin_experiment/../datasets/solar/config.json
2026-08-05T10:26:01 INFO root | training patchtst/standard on cuda -> /home/h61084/codes/revin_experiment/outputs/revin_experiment/solar/336_720/patchtst_standard_mse/seed_2
2026-08-05T10:26:19 INFO utils.pipeline | step=1000 train_interval=1269.97 valid={'valid1': {'mse': 524.1768798828125, 'nmse': 0.1615600734949112, 'mae': 13.879154205322266, 'nmae': 0.26244446635246277, 'relative_mse': 0.2749231457710266}, 'valid2': {'mse': 412.9034118652344, 'nmse': 0.1569262593984604, 'mae': 13.10726261138916, 'nmae': 0.26018643379211426, 'relative_mse': 0.26098161935806274}}
2026-08-05T10:26:37 INFO utils.pipeline | step=2000 train_interval=892.222 valid={'valid1': {'mse': 499.1253967285156, 'nmse': 0.15222059190273285, 'mae': 12.878101348876953, 'nmae': 0.24196526408195496, 'relative_mse': 0.258760541677475}, 'valid2': {'mse': 394.856689453125, 'nmse': 0.1502576619386673, 'mae': 12.167664527893066, 'nmae': 0.241827592253685, 'relative_mse': 0.24992699921131134}}
2026-08-05T10:26:55 INFO utils.pipeline | step=3000 train_interval=822.859 valid={'valid1': {'mse': 488.38818359375, 'nmse': 0.1482505053281784, 'mae': 12.435271263122559, 'nmae': 0.23318809270858765, 'relative_mse': 0.25214648246765137}, 'valid2': {'mse': 388.29278564453125, 'nmse': 0.1470058560371399, 'mae': 11.767184257507324, 'nmae': 0.23340928554534912, 'relative_mse': 0.2446770817041397}}
2026-08-05T10:27:13 INFO utils.pipeline | step=4000 train_interval=788.127 valid={'valid1': {'mse': 483.5529479980469, 'nmse': 0.14712053537368774, 'mae': 12.592596054077148, 'nmae': 0.2372412532567978, 'relative_mse': 0.250252366065979}, 'valid2': {'mse': 386.9055480957031, 'nmse': 0.14714832603931427, 'mae': 11.982457160949707, 'nmae': 0.2386355996131897, 'relative_mse': 0.24497908353805542}}
2026-08-05T10:27:31 INFO utils.pipeline | step=5000 train_interval=773.518 valid={'valid1': {'mse': 482.80987548828125, 'nmse': 0.1459418386220932, 'mae': 12.376838684082031, 'nmae': 0.2321200668811798, 'relative_mse': 0.24838481843471527}, 'valid2': {'mse': 387.6777648925781, 'nmse': 0.1466951072216034, 'mae': 11.78329086303711, 'nmae': 0.2340443879365921, 'relative_mse': 0.24436862766742706}}
2026-08-05T10:27:49 INFO utils.pipeline | step=6000 train_interval=755.369 valid={'valid1': {'mse': 476.9635009765625, 'nmse': 0.14501072466373444, 'mae': 12.366002082824707, 'nmae': 0.23245292901992798, 'relative_mse': 0.24693582952022552}, 'valid2': {'mse': 383.76043701171875, 'nmse': 0.14512649178504944, 'mae': 11.774131774902344, 'nmae': 0.23395511507987976, 'relative_mse': 0.2417423129081726}}
2026-08-05T10:28:07 INFO utils.pipeline | step=7000 train_interval=742.769 valid={'valid1': {'mse': 480.0739440917969, 'nmse': 0.14619462192058563, 'mae': 12.429478645324707, 'nmae': 0.233840674161911, 'relative_mse': 0.2489650845527649}, 'valid2': {'mse': 386.83074951171875, 'nmse': 0.14626838266849518, 'mae': 11.833396911621094, 'nmae': 0.23506943881511688, 'relative_mse': 0.24361474812030792}}
2026-08-05T10:28:25 INFO utils.pipeline | step=8000 train_interval=730.45 valid={'valid1': {'mse': 488.093994140625, 'nmse': 0.14730161428451538, 'mae': 12.430139541625977, 'nmae': 0.23329715430736542, 'relative_mse': 0.2509170472621918}, 'valid2': {'mse': 391.94903564453125, 'nmse': 0.14769874513149261, 'mae': 11.811037063598633, 'nmae': 0.2343870848417282, 'relative_mse': 0.24622073769569397}}
2026-08-05T10:28:43 INFO utils.pipeline | step=9000 train_interval=726.159 valid={'valid1': {'mse': 481.7119140625, 'nmse': 0.14631745219230652, 'mae': 12.235199928283691, 'nmae': 0.22983752191066742, 'relative_mse': 0.24921834468841553}, 'valid2': {'mse': 386.39007568359375, 'nmse': 0.1461079865694046, 'mae': 11.63183307647705, 'nmae': 0.23095187544822693, 'relative_mse': 0.2434770166873932}}
2026-08-05T10:29:01 INFO utils.pipeline | step=10000 train_interval=719.283 valid={'valid1': {'mse': 471.5369567871094, 'nmse': 0.14485788345336914, 'mae': 12.124678611755371, 'nmae': 0.22863702476024628, 'relative_mse': 0.2467690110206604}, 'valid2': {'mse': 380.2652282714844, 'nmse': 0.14411546289920807, 'mae': 11.538898468017578, 'nmae': 0.22926001250743866, 'relative_mse': 0.24002918601036072}}
2026-08-05T10:29:01 INFO root | finished in 180.1 seconds
2026-08-05T10:29:01 INFO utils.dataset | loaded dataset config path=/home/h61084/codes/revin_experiment/../datasets/solar/config.json keys=['aggr', 'aggr_period', 'date_col', 'drop_users', 'target_cols']
2026-08-05T10:29:02 INFO utils.dataset | loaded dataset name=solar users=137 dropped_users=[] config=/home/h61084/codes/revin_experiment/../datasets/solar/config.json
2026-08-05T10:29:02 INFO root | training patchtst/standard on cuda -> /home/h61084/codes/revin_experiment/outputs/revin_experiment/solar/336_720/patchtst_standard_mse/seed_3
2026-08-05T10:29:19 INFO utils.pipeline | step=1000 train_interval=1090.96 valid={'valid1': {'mse': 455.76544189453125, 'nmse': 0.1621062457561493, 'mae': 12.970535278320312, 'nmae': 0.25738102197647095, 'relative_mse': 0.27390623092651367}, 'valid2': {'mse': 650.3311767578125, 'nmse': 0.15356692671775818, 'mae': 14.680549621582031, 'nmae': 0.24609921872615814, 'relative_mse': 0.2634647488594055}}
2026-08-05T10:29:37 INFO utils.pipeline | step=2000 train_interval=752.344 valid={'valid1': {'mse': 437.408447265625, 'nmse': 0.15134894847869873, 'mae': 12.5043306350708, 'nmae': 0.245610773563385, 'relative_mse': 0.2554616332054138}, 'valid2': {'mse': 624.9868774414062, 'nmse': 0.1478544920682907, 'mae': 14.174147605895996, 'nmae': 0.23825979232788086, 'relative_mse': 0.25375062227249146}}
2026-08-05T10:29:55 INFO utils.pipeline | step=3000 train_interval=697.37 valid={'valid1': {'mse': 432.6184387207031, 'nmse': 0.14869087934494019, 'mae': 12.251300811767578, 'nmae': 0.24061065912246704, 'relative_mse': 0.2509917914867401}, 'valid2': {'mse': 617.8923950195312, 'nmse': 0.14657260477542877, 'mae': 13.880423545837402, 'nmae': 0.23316513001918793, 'relative_mse': 0.2515515387058258}}
2026-08-05T10:30:13 INFO utils.pipeline | step=4000 train_interval=673.808 valid={'valid1': {'mse': 432.5496826171875, 'nmse': 0.1470632404088974, 'mae': 12.140351295471191, 'nmae': 0.23726628720760345, 'relative_mse': 0.24844807386398315}, 'valid2': {'mse': 622.39990234375, 'nmse': 0.1448015570640564, 'mae': 13.796808242797852, 'nmae': 0.23033979535102844, 'relative_mse': 0.24863116443157196}}
2026-08-05T10:30:31 INFO utils.pipeline | step=5000 train_interval=658.36 valid={'valid1': {'mse': 426.6372375488281, 'nmse': 0.1460413634777069, 'mae': 12.01289176940918, 'nmae': 0.236110121011734, 'relative_mse': 0.24672184884548187}, 'valid2': {'mse': 611.1907958984375, 'nmse': 0.14336523413658142, 'mae': 13.606282234191895, 'nmae': 0.2278776317834854, 'relative_mse': 0.24611099064350128}}
2026-08-05T10:30:49 INFO utils.pipeline | step=6000 train_interval=643.041 valid={'valid1': {'mse': 421.1126403808594, 'nmse': 0.14685049653053284, 'mae': 12.232288360595703, 'nmae': 0.24257150292396545, 'relative_mse': 0.24828867614269257}, 'valid2': {'mse': 594.2328491210938, 'nmse': 0.14267556369304657, 'mae': 13.808271408081055, 'nmae': 0.23309102654457092, 'relative_mse': 0.24507850408554077}}
2026-08-05T10:31:07 INFO utils.pipeline | step=7000 train_interval=636.006 valid={'valid1': {'mse': 417.9559631347656, 'nmse': 0.1435946524143219, 'mae': 11.712021827697754, 'nmae': 0.22954651713371277, 'relative_mse': 0.24258564412593842}, 'valid2': {'mse': 594.6602172851562, 'nmse': 0.14097224175930023, 'mae': 13.280360221862793, 'nmae': 0.22250843048095703, 'relative_mse': 0.24205520749092102}}
2026-08-05T10:31:25 INFO utils.pipeline | step=8000 train_interval=633.223 valid={'valid1': {'mse': 428.8651428222656, 'nmse': 0.14784322679042816, 'mae': 12.003292083740234, 'nmae': 0.2359536588191986, 'relative_mse': 0.2500874102115631}, 'valid2': {'mse': 604.440185546875, 'nmse': 0.1446581780910492, 'mae': 13.58570671081543, 'nmae': 0.22873051464557648, 'relative_mse': 0.24854128062725067}}
2026-08-05T10:31:43 INFO utils.pipeline | step=9000 train_interval=623.247 valid={'valid1': {'mse': 419.69427490234375, 'nmse': 0.1445426493883133, 'mae': 11.558364868164062, 'nmae': 0.2266824096441269, 'relative_mse': 0.2443455457687378}, 'valid2': {'mse': 592.3812255859375, 'nmse': 0.14201506972312927, 'mae': 13.097769737243652, 'nmae': 0.22010186314582825, 'relative_mse': 0.24397026002407074}}
2026-08-05T10:32:01 INFO utils.pipeline | step=10000 train_interval=619.268 valid={'valid1': {'mse': 425.1358947753906, 'nmse': 0.14565737545490265, 'mae': 11.646902084350586, 'nmae': 0.22815948724746704, 'relative_mse': 0.24626128375530243}, 'valid2': {'mse': 602.9437255859375, 'nmse': 0.14326444268226624, 'mae': 13.205531120300293, 'nmae': 0.2214898318052292, 'relative_mse': 0.24608014523983002}}
2026-08-05T10:32:01 INFO root | finished in 179.7 seconds

2026-08-05T10:32:02+02:00 configuration=87/90 dataset=solar lags=336 horizon=720 model=patchtst method=instance_mse requested_seeds=1,2,3 run_seeds=1,2,3 batch_size=256 learning_rate=1e-5 epochs=10000 steps=10000 eval_stride=720 valid_eval_frequency=1000 logging_frequency=1000 overrides=normalization.name=revin normalization.kwargs.affine=false training.loss=mse
2026-08-05T10:32:05 INFO utils.dataset | loaded dataset config path=/home/h61084/codes/revin_experiment/../datasets/solar/config.json keys=['aggr', 'aggr_period', 'date_col', 'drop_users', 'target_cols']
2026-08-05T10:32:06 INFO utils.dataset | loaded dataset name=solar users=137 dropped_users=[] config=/home/h61084/codes/revin_experiment/../datasets/solar/config.json
2026-08-05T10:32:08 INFO root | training patchtst/revin on cuda -> /home/h61084/codes/revin_experiment/outputs/revin_experiment/solar/336_720/patchtst_instance_mse/seed_1
2026-08-05T10:32:26 INFO utils.pipeline | step=1000 train_interval=1087.94 valid={'valid1': {'mse': 479.189208984375, 'nmse': 0.15137718617916107, 'mae': 12.798892974853516, 'nmae': 0.24274615943431854, 'relative_mse': 0.25547921657562256}, 'valid2': {'mse': 504.4732666015625, 'nmse': 0.15381519496440887, 'mae': 13.202990531921387, 'nmae': 0.24511849880218506, 'relative_mse': 0.26201197504997253}}
2026-08-05T10:32:44 INFO utils.pipeline | step=2000 train_interval=765.401 valid={'valid1': {'mse': 469.7056579589844, 'nmse': 0.14920081198215485, 'mae': 12.528488159179688, 'nmae': 0.23796747624874115, 'relative_mse': 0.25258150696754456}, 'valid2': {'mse': 497.0523681640625, 'nmse': 0.1525401771068573, 'mae': 12.935929298400879, 'nmae': 0.2402786910533905, 'relative_mse': 0.26032620668411255}}
2026-08-05T10:33:02 INFO utils.pipeline | step=3000 train_interval=704.507 valid={'valid1': {'mse': 470.1413269042969, 'nmse': 0.14978860318660736, 'mae': 12.498600959777832, 'nmae': 0.23751695454120636, 'relative_mse': 0.25367045402526855}, 'valid2': {'mse': 497.85723876953125, 'nmse': 0.15309199690818787, 'mae': 12.88319206237793, 'nmae': 0.23944199085235596, 'relative_mse': 0.26136696338653564}}
2026-08-05T10:33:20 INFO utils.pipeline | step=4000 train_interval=688.046 valid={'valid1': {'mse': 461.60009765625, 'nmse': 0.1470983624458313, 'mae': 12.211301803588867, 'nmae': 0.23201337456703186, 'relative_mse': 0.2491186559200287}, 'valid2': {'mse': 488.03228759765625, 'nmse': 0.15033918619155884, 'mae': 12.590317726135254, 'nmae': 0.23393787443637848, 'relative_mse': 0.25664013624191284}}
2026-08-05T10:33:38 INFO utils.pipeline | step=5000 train_interval=677.974 valid={'valid1': {'mse': 460.06683349609375, 'nmse': 0.14646776020526886, 'mae': 12.245573997497559, 'nmae': 0.23270590603351593, 'relative_mse': 0.24803461134433746}, 'valid2': {'mse': 485.94757080078125, 'nmse': 0.14945709705352783, 'mae': 12.61104965209961, 'nmae': 0.23430494964122772, 'relative_mse': 0.25510287284851074}}
2026-08-05T10:33:56 INFO utils.pipeline | step=6000 train_interval=676.159 valid={'valid1': {'mse': 457.0364990234375, 'nmse': 0.1455858051776886, 'mae': 12.067646026611328, 'nmae': 0.22930854558944702, 'relative_mse': 0.24651016294956207}, 'valid2': {'mse': 482.0860595703125, 'nmse': 0.14849841594696045, 'mae': 12.43238353729248, 'nmae': 0.23110094666481018, 'relative_mse': 0.2534889876842499}}
2026-08-05T10:34:14 INFO utils.pipeline | step=7000 train_interval=661.82 valid={'valid1': {'mse': 460.2773742675781, 'nmse': 0.14686931669712067, 'mae': 12.040604591369629, 'nmae': 0.22878047823905945, 'relative_mse': 0.24881859123706818}, 'valid2': {'mse': 485.48468017578125, 'nmse': 0.14970672130584717, 'mae': 12.392141342163086, 'nmae': 0.23037846386432648, 'relative_mse': 0.255617618560791}}
2026-08-05T10:34:32 INFO utils.pipeline | step=8000 train_interval=658.989 valid={'valid1': {'mse': 453.2446594238281, 'nmse': 0.14465487003326416, 'mae': 11.932696342468262, 'nmae': 0.22680003941059113, 'relative_mse': 0.2450145035982132}, 'valid2': {'mse': 479.1535339355469, 'nmse': 0.14772291481494904, 'mae': 12.29934310913086, 'nmae': 0.22864721715450287, 'relative_mse': 0.25220075249671936}}
2026-08-05T10:34:50 INFO utils.pipeline | step=9000 train_interval=652.698 valid={'valid1': {'mse': 456.47308349609375, 'nmse': 0.14545838534832, 'mae': 11.927778244018555, 'nmae': 0.22664597630500793, 'relative_mse': 0.24636058509349823}, 'valid2': {'mse': 482.2541809082031, 'nmse': 0.1485361009836197, 'mae': 12.294500350952148, 'nmae': 0.2284231036901474, 'relative_mse': 0.25358131527900696}}
2026-08-05T10:35:08 INFO utils.pipeline | step=10000 train_interval=652.65 valid={'valid1': {'mse': 460.9380798339844, 'nmse': 0.14740215241909027, 'mae': 11.997663497924805, 'nmae': 0.2281089723110199, 'relative_mse': 0.24974940717220306}, 'valid2': {'mse': 487.0331726074219, 'nmse': 0.1504671573638916, 'mae': 12.365983009338379, 'nmae': 0.22995877265930176, 'relative_mse': 0.2569521367549896}}
2026-08-05T10:35:09 INFO root | finished in 183.6 seconds
2026-08-05T10:35:09 INFO utils.dataset | loaded dataset config path=/home/h61084/codes/revin_experiment/../datasets/solar/config.json keys=['aggr', 'aggr_period', 'date_col', 'drop_users', 'target_cols']
2026-08-05T10:35:09 INFO utils.dataset | loaded dataset name=solar users=137 dropped_users=[] config=/home/h61084/codes/revin_experiment/../datasets/solar/config.json
2026-08-05T10:35:09 INFO root | training patchtst/revin on cuda -> /home/h61084/codes/revin_experiment/outputs/revin_experiment/solar/336_720/patchtst_instance_mse/seed_2
2026-08-05T10:35:27 INFO utils.pipeline | step=1000 train_interval=1168.09 valid={'valid1': {'mse': 505.2291564941406, 'nmse': 0.15139727294445038, 'mae': 13.0682954788208, 'nmae': 0.2437310814857483, 'relative_mse': 0.2572647035121918}, 'valid2': {'mse': 400.0577087402344, 'nmse': 0.1523323357105255, 'mae': 12.427288055419922, 'nmae': 0.24677757918834686, 'relative_mse': 0.25308239459991455}}
2026-08-05T10:35:45 INFO utils.pipeline | step=2000 train_interval=811.095 valid={'valid1': {'mse': 496.5610656738281, 'nmse': 0.14972645044326782, 'mae': 12.9899263381958, 'nmae': 0.24269914627075195, 'relative_mse': 0.2548764944076538}, 'valid2': {'mse': 394.8867492675781, 'nmse': 0.15051378309726715, 'mae': 12.345139503479004, 'nmae': 0.2453078031539917, 'relative_mse': 0.2505631744861603}}
2026-08-05T10:36:03 INFO utils.pipeline | step=3000 train_interval=743.836 valid={'valid1': {'mse': 491.640869140625, 'nmse': 0.14852365851402283, 'mae': 12.676728248596191, 'nmae': 0.23681025207042694, 'relative_mse': 0.25304561853408813}, 'valid2': {'mse': 392.4963073730469, 'nmse': 0.14916139841079712, 'mae': 12.058314323425293, 'nmae': 0.23949304223060608, 'relative_mse': 0.2485647350549698}}
2026-08-05T10:36:21 INFO utils.pipeline | step=4000 train_interval=721.524 valid={'valid1': {'mse': 492.127685546875, 'nmse': 0.14901649951934814, 'mae': 12.530851364135742, 'nmae': 0.23418207466602325, 'relative_mse': 0.25393688678741455}, 'valid2': {'mse': 393.04180908203125, 'nmse': 0.14926181733608246, 'mae': 11.921638488769531, 'nmae': 0.23685680329799652, 'relative_mse': 0.24888502061367035}}
2026-08-05T10:36:39 INFO utils.pipeline | step=5000 train_interval=717.628 valid={'valid1': {'mse': 494.9806213378906, 'nmse': 0.15029379725456238, 'mae': 12.474385261535645, 'nmae': 0.23326697945594788, 'relative_mse': 0.25622764229774475}, 'valid2': {'mse': 396.4122009277344, 'nmse': 0.15055494010448456, 'mae': 11.87582778930664, 'nmae': 0.23591850697994232, 'relative_mse': 0.2512086033821106}}
2026-08-05T10:36:57 INFO utils.pipeline | step=6000 train_interval=706.274 valid={'valid1': {'mse': 488.4088134765625, 'nmse': 0.14812912046909332, 'mae': 12.44312858581543, 'nmae': 0.23260708153247833, 'relative_mse': 0.25248485803604126}, 'valid2': {'mse': 391.1893005371094, 'nmse': 0.14846771955490112, 'mae': 11.850446701049805, 'nmae': 0.23537561297416687, 'relative_mse': 0.24772673845291138}}
2026-08-05T10:37:15 INFO utils.pipeline | step=7000 train_interval=697.994 valid={'valid1': {'mse': 487.0530700683594, 'nmse': 0.14782027900218964, 'mae': 12.309591293334961, 'nmae': 0.23003855347633362, 'relative_mse': 0.25188881158828735}, 'valid2': {'mse': 390.62103271484375, 'nmse': 0.1482560634613037, 'mae': 11.72675895690918, 'nmae': 0.2329189032316208, 'relative_mse': 0.24727463722229004}}
2026-08-05T10:37:33 INFO utils.pipeline | step=8000 train_interval=688.151 valid={'valid1': {'mse': 495.42864990234375, 'nmse': 0.15055213868618011, 'mae': 12.405409812927246, 'nmae': 0.23196500539779663, 'relative_mse': 0.2567172944545746}, 'valid2': {'mse': 396.7673034667969, 'nmse': 0.150801420211792, 'mae': 11.806583404541016, 'nmae': 0.2345544695854187, 'relative_mse': 0.25176090002059937}}
2026-08-05T10:37:51 INFO utils.pipeline | step=9000 train_interval=685.927 valid={'valid1': {'mse': 491.3638000488281, 'nmse': 0.14939014613628387, 'mae': 12.326189994812012, 'nmae': 0.23048751056194305, 'relative_mse': 0.2546384334564209}, 'valid2': {'mse': 393.3432922363281, 'nmse': 0.14966058731079102, 'mae': 11.740028381347656, 'nmae': 0.2333150953054428, 'relative_mse': 0.24973958730697632}}
2026-08-05T10:38:09 INFO utils.pipeline | step=10000 train_interval=680.161 valid={'valid1': {'mse': 482.9976501464844, 'nmse': 0.1466561257839203, 'mae': 12.218892097473145, 'nmae': 0.22838059067726135, 'relative_mse': 0.24990403652191162}, 'valid2': {'mse': 387.20672607421875, 'nmse': 0.14717647433280945, 'mae': 11.64236831665039, 'nmae': 0.231306791305542, 'relative_mse': 0.24546077847480774}}
2026-08-05T10:38:09 INFO root | finished in 180.5 seconds
2026-08-05T10:38:09 INFO utils.dataset | loaded dataset config path=/home/h61084/codes/revin_experiment/../datasets/solar/config.json keys=['aggr', 'aggr_period', 'date_col', 'drop_users', 'target_cols']
2026-08-05T10:38:10 INFO utils.dataset | loaded dataset name=solar users=137 dropped_users=[] config=/home/h61084/codes/revin_experiment/../datasets/solar/config.json
2026-08-05T10:38:10 INFO root | training patchtst/revin on cuda -> /home/h61084/codes/revin_experiment/outputs/revin_experiment/solar/336_720/patchtst_instance_mse/seed_3
2026-08-05T10:38:28 INFO utils.pipeline | step=1000 train_interval=1021.56 valid={'valid1': {'mse': 446.28082275390625, 'nmse': 0.15260784327983856, 'mae': 12.582966804504395, 'nmae': 0.24535560607910156, 'relative_mse': 0.25737279653549194}, 'valid2': {'mse': 638.5939331054688, 'nmse': 0.15153206884860992, 'mae': 14.339341163635254, 'nmae': 0.24083887040615082, 'relative_mse': 0.2600904107093811}}
2026-08-05T10:38:46 INFO utils.pipeline | step=2000 train_interval=694.156 valid={'valid1': {'mse': 438.9489440917969, 'nmse': 0.15101702511310577, 'mae': 12.285968780517578, 'nmae': 0.23975203931331635, 'relative_mse': 0.25524696707725525}, 'valid2': {'mse': 629.435302734375, 'nmse': 0.14918121695518494, 'mae': 13.966443061828613, 'nmae': 0.2348141074180603, 'relative_mse': 0.2563193142414093}}
2026-08-05T10:39:04 INFO utils.pipeline | step=3000 train_interval=644.905 valid={'valid1': {'mse': 432.9244079589844, 'nmse': 0.14919514954090118, 'mae': 12.07905101776123, 'nmae': 0.23583011329174042, 'relative_mse': 0.2522364854812622}, 'valid2': {'mse': 619.8159790039062, 'nmse': 0.14765603840351105, 'mae': 13.775514602661133, 'nmae': 0.23174475133419037, 'relative_mse': 0.253680020570755}}
2026-08-05T10:39:22 INFO utils.pipeline | step=4000 train_interval=632.085 valid={'valid1': {'mse': 428.4266052246094, 'nmse': 0.1476197987794876, 'mae': 11.972558975219727, 'nmae': 0.233682319521904, 'relative_mse': 0.24959984421730042}, 'valid2': {'mse': 612.429931640625, 'nmse': 0.1458054780960083, 'mae': 13.619539260864258, 'nmae': 0.22889263927936554, 'relative_mse': 0.2505466043949127}}
2026-08-05T10:39:40 INFO utils.pipeline | step=5000 train_interval=621.898 valid={'valid1': {'mse': 429.3082580566406, 'nmse': 0.14787577092647552, 'mae': 11.932649612426758, 'nmae': 0.23281972110271454, 'relative_mse': 0.25001028180122375}, 'valid2': {'mse': 613.6947631835938, 'nmse': 0.14609459042549133, 'mae': 13.561433792114258, 'nmae': 0.22803662717342377, 'relative_mse': 0.25100407004356384}}
2026-08-05T10:39:58 INFO utils.pipeline | step=6000 train_interval=610.376 valid={'valid1': {'mse': 424.97271728515625, 'nmse': 0.14654085040092468, 'mae': 11.70162582397461, 'nmae': 0.2284790724515915, 'relative_mse': 0.2478438764810562}, 'valid2': {'mse': 604.20751953125, 'nmse': 0.14490166306495667, 'mae': 13.315194129943848, 'nmae': 0.2242969274520874, 'relative_mse': 0.2490527629852295}}
2026-08-05T10:40:16 INFO utils.pipeline | step=7000 train_interval=605.247 valid={'valid1': {'mse': 425.91107177734375, 'nmse': 0.14683747291564941, 'mae': 11.915970802307129, 'nmae': 0.23258019983768463, 'relative_mse': 0.24825811386108398}, 'valid2': {'mse': 610.3464965820312, 'nmse': 0.14532482624053955, 'mae': 13.568565368652344, 'nmae': 0.2283545285463333, 'relative_mse': 0.24968048930168152}}
2026-08-05T10:40:34 INFO utils.pipeline | step=8000 train_interval=603.676 valid={'valid1': {'mse': 431.76300048828125, 'nmse': 0.14898698031902313, 'mae': 11.935900688171387, 'nmae': 0.2330404818058014, 'relative_mse': 0.25205013155937195}, 'valid2': {'mse': 616.4395141601562, 'nmse': 0.1477350890636444, 'mae': 13.619546890258789, 'nmae': 0.2294132113456726, 'relative_mse': 0.2538922429084778}}
2026-08-05T10:40:52 INFO utils.pipeline | step=9000 train_interval=594.99 valid={'valid1': {'mse': 429.028076171875, 'nmse': 0.1481475681066513, 'mae': 11.665949821472168, 'nmae': 0.22778579592704773, 'relative_mse': 0.25062060356140137}, 'valid2': {'mse': 614.8092651367188, 'nmse': 0.1467716097831726, 'mae': 13.302292823791504, 'nmae': 0.22387804090976715, 'relative_mse': 0.25223901867866516}}
2026-08-05T10:41:10 INFO utils.pipeline | step=10000 train_interval=592.903 valid={'valid1': {'mse': 431.9608154296875, 'nmse': 0.14912880957126617, 'mae': 11.730772018432617, 'nmae': 0.22902433574199677, 'relative_mse': 0.25228169560432434}, 'valid2': {'mse': 619.6944580078125, 'nmse': 0.14764319360256195, 'mae': 13.348593711853027, 'nmae': 0.22473056614398956, 'relative_mse': 0.25369957089424133}}
2026-08-05T10:41:10 INFO root | finished in 180.5 seconds

2026-08-05T10:41:10+02:00 configuration=88/90 dataset=solar lags=336 horizon=720 model=patchtst method=instance_nmse requested_seeds=1,2,3 run_seeds=1,2,3 batch_size=256 learning_rate=1e-5 epochs=10000 steps=10000 eval_stride=720 valid_eval_frequency=1000 logging_frequency=1000 overrides=normalization.name=revin normalization.kwargs.affine=false training.loss=nmse
2026-08-05T10:41:14 INFO utils.dataset | loaded dataset config path=/home/h61084/codes/revin_experiment/../datasets/solar/config.json keys=['aggr', 'aggr_period', 'date_col', 'drop_users', 'target_cols']
2026-08-05T10:41:14 INFO utils.dataset | loaded dataset name=solar users=137 dropped_users=[] config=/home/h61084/codes/revin_experiment/../datasets/solar/config.json
2026-08-05T10:41:17 INFO root | training patchtst/revin on cuda -> /home/h61084/codes/revin_experiment/outputs/revin_experiment/solar/336_720/patchtst_instance_nmse/seed_1
2026-08-05T10:41:35 INFO utils.pipeline | step=1000 train_interval=0.312635 valid={'valid1': {'mse': 470.36676025390625, 'nmse': 0.1482137143611908, 'mae': 12.516782760620117, 'nmae': 0.237177312374115, 'relative_mse': 0.25003325939178467}, 'valid2': {'mse': 494.5702819824219, 'nmse': 0.15068066120147705, 'mae': 12.893793106079102, 'nmae': 0.2392326295375824, 'relative_mse': 0.25657159090042114}}
2026-08-05T10:41:53 INFO utils.pipeline | step=2000 train_interval=0.218673 valid={'valid1': {'mse': 467.603759765625, 'nmse': 0.14852102100849152, 'mae': 12.332791328430176, 'nmae': 0.23425880074501038, 'relative_mse': 0.2514418363571167}, 'valid2': {'mse': 493.0530700683594, 'nmse': 0.15160417556762695, 'mae': 12.712424278259277, 'nmae': 0.23621322214603424, 'relative_mse': 0.25875693559646606}}
2026-08-05T10:42:11 INFO utils.pipeline | step=3000 train_interval=0.205806 valid={'valid1': {'mse': 460.2294616699219, 'nmse': 0.14639146625995636, 'mae': 12.1379976272583, 'nmae': 0.23052860796451569, 'relative_mse': 0.2478194385766983}, 'valid2': {'mse': 486.20709228515625, 'nmse': 0.14950726926326752, 'mae': 12.506235122680664, 'nmae': 0.23237183690071106, 'relative_mse': 0.2551805078983307}}
2026-08-05T10:42:29 INFO utils.pipeline | step=4000 train_interval=0.20058 valid={'valid1': {'mse': 454.5037841796875, 'nmse': 0.14465633034706116, 'mae': 12.002899169921875, 'nmae': 0.22800926864147186, 'relative_mse': 0.24491724371910095}, 'valid2': {'mse': 478.8746032714844, 'nmse': 0.14764563739299774, 'mae': 12.364532470703125, 'nmae': 0.22984987497329712, 'relative_mse': 0.2520265579223633}}
2026-08-05T10:42:47 INFO utils.pipeline | step=5000 train_interval=0.197642 valid={'valid1': {'mse': 452.30755615234375, 'nmse': 0.1438661515712738, 'mae': 11.951520919799805, 'nmae': 0.22704584896564484, 'relative_mse': 0.2435765564441681}, 'valid2': {'mse': 476.67340087890625, 'nmse': 0.14669932425022125, 'mae': 12.303681373596191, 'nmae': 0.22863326966762543, 'relative_mse': 0.2503879964351654}}
2026-08-05T10:43:05 INFO utils.pipeline | step=6000 train_interval=0.195912 valid={'valid1': {'mse': 452.9751892089844, 'nmse': 0.14413996040821075, 'mae': 11.872783660888672, 'nmae': 0.22554920613765717, 'relative_mse': 0.24402616918087006}, 'valid2': {'mse': 475.9002990722656, 'nmse': 0.14669382572174072, 'mae': 12.216708183288574, 'nmae': 0.2270982563495636, 'relative_mse': 0.2504052519798279}}
2026-08-05T10:43:23 INFO utils.pipeline | step=7000 train_interval=0.193522 valid={'valid1': {'mse': 452.1991882324219, 'nmse': 0.14412668347358704, 'mae': 11.834673881530762, 'nmae': 0.2248544543981552, 'relative_mse': 0.24411800503730774}, 'valid2': {'mse': 475.1876525878906, 'nmse': 0.14670753479003906, 'mae': 12.175071716308594, 'nmae': 0.22636882960796356, 'relative_mse': 0.2505035698413849}}
2026-08-05T10:43:41 INFO utils.pipeline | step=8000 train_interval=0.191829 valid={'valid1': {'mse': 456.91876220703125, 'nmse': 0.14576441049575806, 'mae': 11.85147762298584, 'nmae': 0.22523465752601624, 'relative_mse': 0.24686798453330994}, 'valid2': {'mse': 481.6007080078125, 'nmse': 0.14864636957645416, 'mae': 12.20267105102539, 'nmae': 0.22685043513774872, 'relative_mse': 0.25380757451057434}}
2026-08-05T10:43:59 INFO utils.pipeline | step=9000 train_interval=0.190259 valid={'valid1': {'mse': 454.1153869628906, 'nmse': 0.14463284611701965, 'mae': 11.781306266784668, 'nmae': 0.22382593154907227, 'relative_mse': 0.2448909431695938}, 'valid2': {'mse': 477.97064208984375, 'nmse': 0.14739641547203064, 'mae': 12.128812789916992, 'nmae': 0.22541707754135132, 'relative_mse': 0.25163277983665466}}
2026-08-05T10:44:17 INFO utils.pipeline | step=10000 train_interval=0.188718 valid={'valid1': {'mse': 458.01861572265625, 'nmse': 0.14635156095027924, 'mae': 11.85981273651123, 'nmae': 0.22541439533233643, 'relative_mse': 0.2479512095451355}, 'valid2': {'mse': 481.3479309082031, 'nmse': 0.14895586669445038, 'mae': 12.19655990600586, 'nmae': 0.22684776782989502, 'relative_mse': 0.2544023394584656}}
2026-08-05T10:44:17 INFO root | finished in 183.7 seconds
2026-08-05T10:44:18 INFO utils.dataset | loaded dataset config path=/home/h61084/codes/revin_experiment/../datasets/solar/config.json keys=['aggr', 'aggr_period', 'date_col', 'drop_users', 'target_cols']
2026-08-05T10:44:18 INFO utils.dataset | loaded dataset name=solar users=137 dropped_users=[] config=/home/h61084/codes/revin_experiment/../datasets/solar/config.json
2026-08-05T10:44:18 INFO root | training patchtst/revin on cuda -> /home/h61084/codes/revin_experiment/outputs/revin_experiment/solar/336_720/patchtst_instance_nmse/seed_2
2026-08-05T10:44:36 INFO utils.pipeline | step=1000 train_interval=0.315059 valid={'valid1': {'mse': 494.7472839355469, 'nmse': 0.14784108102321625, 'mae': 12.786614418029785, 'nmae': 0.23820757865905762, 'relative_mse': 0.25109532475471497}, 'valid2': {'mse': 392.0721130371094, 'nmse': 0.14936889708042145, 'mae': 12.181405067443848, 'nmae': 0.24196884036064148, 'relative_mse': 0.24794040620326996}}
2026-08-05T10:44:54 INFO utils.pipeline | step=2000 train_interval=0.218713 valid={'valid1': {'mse': 490.4755859375, 'nmse': 0.14753830432891846, 'mae': 12.681968688964844, 'nmae': 0.23669400811195374, 'relative_mse': 0.25113704800605774}, 'valid2': {'mse': 390.22039794921875, 'nmse': 0.14872661232948303, 'mae': 12.066254615783691, 'nmae': 0.23979590833187103, 'relative_mse': 0.24752338230609894}}
2026-08-05T10:45:12 INFO utils.pipeline | step=3000 train_interval=0.205292 valid={'valid1': {'mse': 489.78253173828125, 'nmse': 0.1477530300617218, 'mae': 12.532010078430176, 'nmae': 0.23402155935764313, 'relative_mse': 0.2516043484210968}, 'valid2': {'mse': 391.2734069824219, 'nmse': 0.14860856533050537, 'mae': 11.925989151000977, 'nmae': 0.23681335151195526, 'relative_mse': 0.2475017011165619}}
2026-08-05T10:45:30 INFO utils.pipeline | step=4000 train_interval=0.199491 valid={'valid1': {'mse': 489.7989196777344, 'nmse': 0.14841045439243317, 'mae': 12.389780044555664, 'nmae': 0.2315211147069931, 'relative_mse': 0.2528825104236603}, 'valid2': {'mse': 392.9154052734375, 'nmse': 0.14918877184391022, 'mae': 11.817835807800293, 'nmae': 0.23479418456554413, 'relative_mse': 0.24872031807899475}}
2026-08-05T10:45:48 INFO utils.pipeline | step=5000 train_interval=0.196505 valid={'valid1': {'mse': 489.3343505859375, 'nmse': 0.1485172063112259, 'mae': 12.30072021484375, 'nmae': 0.2299719601869583, 'relative_mse': 0.25312182307243347}, 'valid2': {'mse': 392.0285339355469, 'nmse': 0.14888116717338562, 'mae': 11.714957237243652, 'nmae': 0.23269236087799072, 'relative_mse': 0.24833396077156067}}
2026-08-05T10:46:06 INFO utils.pipeline | step=6000 train_interval=0.19381 valid={'valid1': {'mse': 488.614990234375, 'nmse': 0.1482018530368805, 'mae': 12.346424102783203, 'nmae': 0.23073971271514893, 'relative_mse': 0.2525833249092102}, 'valid2': {'mse': 391.56829833984375, 'nmse': 0.14859624207019806, 'mae': 11.7572021484375, 'nmae': 0.23349913954734802, 'relative_mse': 0.24788236618041992}}
2026-08-05T10:46:24 INFO utils.pipeline | step=7000 train_interval=0.192203 valid={'valid1': {'mse': 489.98260498046875, 'nmse': 0.14878641068935394, 'mae': 12.262044906616211, 'nmae': 0.22918149828910828, 'relative_mse': 0.25358664989471436}, 'valid2': {'mse': 393.33489990234375, 'nmse': 0.14920493960380554, 'mae': 11.686098098754883, 'nmae': 0.2320733517408371, 'relative_mse': 0.24890488386154175}}
2026-08-05T10:46:42 INFO utils.pipeline | step=8000 train_interval=0.189912 valid={'valid1': {'mse': 495.6737976074219, 'nmse': 0.1506994664669037, 'mae': 12.300759315490723, 'nmae': 0.22996394336223602, 'relative_mse': 0.2569209635257721}, 'valid2': {'mse': 397.3531494140625, 'nmse': 0.150977224111557, 'mae': 11.716325759887695, 'nmae': 0.2327645868062973, 'relative_mse': 0.2519824504852295}}
2026-08-05T10:47:00 INFO utils.pipeline | step=9000 train_interval=0.188823 valid={'valid1': {'mse': 488.3450622558594, 'nmse': 0.14843754470348358, 'mae': 12.20889663696289, 'nmae': 0.22820991277694702, 'relative_mse': 0.25299885869026184}, 'valid2': {'mse': 391.51806640625, 'nmse': 0.14871276915073395, 'mae': 11.634695053100586, 'nmae': 0.23113134503364563, 'relative_mse': 0.24808114767074585}}
2026-08-05T10:47:18 INFO utils.pipeline | step=10000 train_interval=0.186524 valid={'valid1': {'mse': 486.4500427246094, 'nmse': 0.14775045216083527, 'mae': 12.178962707519531, 'nmae': 0.22764497995376587, 'relative_mse': 0.2518288791179657}, 'valid2': {'mse': 390.365966796875, 'nmse': 0.14813578128814697, 'mae': 11.599990844726562, 'nmae': 0.23038621246814728, 'relative_mse': 0.24710145592689514}}
2026-08-05T10:47:18 INFO root | finished in 180.8 seconds
2026-08-05T10:47:18 INFO utils.dataset | loaded dataset config path=/home/h61084/codes/revin_experiment/../datasets/solar/config.json keys=['aggr', 'aggr_period', 'date_col', 'drop_users', 'target_cols']
2026-08-05T10:47:19 INFO utils.dataset | loaded dataset name=solar users=137 dropped_users=[] config=/home/h61084/codes/revin_experiment/../datasets/solar/config.json
2026-08-05T10:47:19 INFO root | training patchtst/revin on cuda -> /home/h61084/codes/revin_experiment/outputs/revin_experiment/solar/336_720/patchtst_instance_nmse/seed_3
2026-08-05T10:47:37 INFO utils.pipeline | step=1000 train_interval=0.316829 valid={'valid1': {'mse': 438.266357421875, 'nmse': 0.14983268082141876, 'mae': 12.385340690612793, 'nmae': 0.24144642055034637, 'relative_mse': 0.25259163975715637}, 'valid2': {'mse': 628.9879150390625, 'nmse': 0.14902037382125854, 'mae': 14.116607666015625, 'nmae': 0.23696036636829376, 'relative_mse': 0.2557154595851898}}
2026-08-05T10:47:55 INFO utils.pipeline | step=2000 train_interval=0.217764 valid={'valid1': {'mse': 433.3310546875, 'nmse': 0.14900201559066772, 'mae': 12.163331031799316, 'nmae': 0.23729299008846283, 'relative_mse': 0.25176331400871277}, 'valid2': {'mse': 620.9635009765625, 'nmse': 0.14723770320415497, 'mae': 13.84197998046875, 'nmae': 0.23269474506378174, 'relative_mse': 0.25293266773223877}}
2026-08-05T10:48:13 INFO utils.pipeline | step=3000 train_interval=0.205001 valid={'valid1': {'mse': 430.6952209472656, 'nmse': 0.1483568251132965, 'mae': 11.958247184753418, 'nmae': 0.2334081381559372, 'relative_mse': 0.2507838010787964}, 'valid2': {'mse': 614.7376098632812, 'nmse': 0.14669431746006012, 'mae': 13.6275053024292, 'nmae': 0.22926969826221466, 'relative_mse': 0.25202375650405884}}
2026-08-05T10:48:31 INFO utils.pipeline | step=4000 train_interval=0.199468 valid={'valid1': {'mse': 426.3179626464844, 'nmse': 0.14677563309669495, 'mae': 11.83590030670166, 'nmae': 0.230997696518898, 'relative_mse': 0.24815642833709717}, 'valid2': {'mse': 606.0440063476562, 'nmse': 0.14485004544258118, 'mae': 13.46871566772461, 'nmae': 0.22659428417682648, 'relative_mse': 0.2488933801651001}}
2026-08-05T10:48:49 INFO utils.pipeline | step=5000 train_interval=0.196598 valid={'valid1': {'mse': 427.2085266113281, 'nmse': 0.1470542848110199, 'mae': 11.814675331115723, 'nmae': 0.2305300235748291, 'relative_mse': 0.2486294060945511}, 'valid2': {'mse': 605.8461303710938, 'nmse': 0.14513930678367615, 'mae': 13.413766860961914, 'nmae': 0.2259034961462021, 'relative_mse': 0.2494029998779297}}
2026-08-05T10:49:07 INFO utils.pipeline | step=6000 train_interval=0.194281 valid={'valid1': {'mse': 424.075927734375, 'nmse': 0.14609654247760773, 'mae': 11.656121253967285, 'nmae': 0.22752416133880615, 'relative_mse': 0.24705269932746887}, 'valid2': {'mse': 599.9647827148438, 'nmse': 0.14427751302719116, 'mae': 13.258441925048828, 'nmae': 0.2234443724155426, 'relative_mse': 0.24795076251029968}}
2026-08-05T10:49:25 INFO utils.pipeline | step=7000 train_interval=0.192307 valid={'valid1': {'mse': 428.67767333984375, 'nmse': 0.14778050780296326, 'mae': 11.84274959564209, 'nmae': 0.23116068542003632, 'relative_mse': 0.2499048262834549}, 'valid2': {'mse': 609.8983154296875, 'nmse': 0.145928755402565, 'mae': 13.467010498046875, 'nmae': 0.22687049210071564, 'relative_mse': 0.2507544159889221}}
2026-08-05T10:49:43 INFO utils.pipeline | step=8000 train_interval=0.191204 valid={'valid1': {'mse': 433.8642272949219, 'nmse': 0.1497155874967575, 'mae': 11.834242820739746, 'nmae': 0.2310490608215332, 'relative_mse': 0.253299355506897}, 'valid2': {'mse': 616.4776000976562, 'nmse': 0.1482071429491043, 'mae': 13.478470802307129, 'nmae': 0.22721955180168152, 'relative_mse': 0.25472381711006165}}
2026-08-05T10:50:01 INFO utils.pipeline | step=9000 train_interval=0.188805 valid={'valid1': {'mse': 429.51324462890625, 'nmse': 0.14822138845920563, 'mae': 11.687267303466797, 'nmae': 0.22815996408462524, 'relative_mse': 0.2507503032684326}, 'valid2': {'mse': 611.7705078125, 'nmse': 0.14682118594646454, 'mae': 13.311666488647461, 'nmae': 0.2243555188179016, 'relative_mse': 0.2523248493671417}}
2026-08-05T10:50:19 INFO utils.pipeline | step=10000 train_interval=0.187174 valid={'valid1': {'mse': 430.85565185546875, 'nmse': 0.14863644540309906, 'mae': 11.727876663208008, 'nmae': 0.2289554327726364, 'relative_mse': 0.25144168734550476}, 'valid2': {'mse': 613.59521484375, 'nmse': 0.1469745635986328, 'mae': 13.33879566192627, 'nmae': 0.22488442063331604, 'relative_mse': 0.2525579631328583}}
2026-08-05T10:50:19 INFO root | finished in 180.7 seconds

2026-08-05T10:50:20+02:00 configuration=89/90 dataset=solar lags=336 horizon=720 model=patchtst method=revin_mse requested_seeds=1,2,3 run_seeds=1,2,3 batch_size=256 learning_rate=1e-5 epochs=10000 steps=10000 eval_stride=720 valid_eval_frequency=1000 logging_frequency=1000 overrides=normalization.name=revin normalization.kwargs.affine=true training.loss=mse
2026-08-05T10:50:24 INFO utils.dataset | loaded dataset config path=/home/h61084/codes/revin_experiment/../datasets/solar/config.json keys=['aggr', 'aggr_period', 'date_col', 'drop_users', 'target_cols']
2026-08-05T10:50:24 INFO utils.dataset | loaded dataset name=solar users=137 dropped_users=[] config=/home/h61084/codes/revin_experiment/../datasets/solar/config.json
2026-08-05T10:50:27 INFO root | training patchtst/revin on cuda -> /home/h61084/codes/revin_experiment/outputs/revin_experiment/solar/336_720/patchtst_revin_mse/seed_1
2026-08-05T10:50:45 INFO utils.pipeline | step=1000 train_interval=1086.18 valid={'valid1': {'mse': 480.48236083984375, 'nmse': 0.151770681142807, 'mae': 12.813780784606934, 'nmae': 0.2429923117160797, 'relative_mse': 0.25610285997390747}, 'valid2': {'mse': 505.4272766113281, 'nmse': 0.15411372482776642, 'mae': 13.213507652282715, 'nmae': 0.2452867329120636, 'relative_mse': 0.26248639822006226}}
2026-08-05T10:51:04 INFO utils.pipeline | step=2000 train_interval=762.646 valid={'valid1': {'mse': 468.181396484375, 'nmse': 0.14869505167007446, 'mae': 12.478288650512695, 'nmae': 0.23698091506958008, 'relative_mse': 0.2516944408416748}, 'valid2': {'mse': 495.152587890625, 'nmse': 0.15197700262069702, 'mae': 12.880473136901855, 'nmae': 0.23925219476222992, 'relative_mse': 0.2593454122543335}}
2026-08-05T10:51:22 INFO utils.pipeline | step=3000 train_interval=701.861 valid={'valid1': {'mse': 469.3070373535156, 'nmse': 0.14950159192085266, 'mae': 12.463164329528809, 'nmae': 0.23682352900505066, 'relative_mse': 0.25316905975341797}, 'valid2': {'mse': 496.8363037109375, 'nmse': 0.1527864933013916, 'mae': 12.846010208129883, 'nmae': 0.2387588918209076, 'relative_mse': 0.2608349025249481}}
2026-08-05T10:51:41 INFO utils.pipeline | step=4000 train_interval=685.248 valid={'valid1': {'mse': 461.20306396484375, 'nmse': 0.14696073532104492, 'mae': 12.19784164428711, 'nmae': 0.23175537586212158, 'relative_mse': 0.24888135492801666}, 'valid2': {'mse': 487.48089599609375, 'nmse': 0.15017656981945038, 'mae': 12.575923919677734, 'nmae': 0.23367731273174286, 'relative_mse': 0.2563589811325073}}
2026-08-05T10:51:59 INFO utils.pipeline | step=5000 train_interval=674.79 valid={'valid1': {'mse': 459.89471435546875, 'nmse': 0.1464199274778366, 'mae': 12.224040031433105, 'nmae': 0.23229768872261047, 'relative_mse': 0.2479560375213623}, 'valid2': {'mse': 485.7069396972656, 'nmse': 0.14940384030342102, 'mae': 12.588829040527344, 'nmae': 0.23389767110347748, 'relative_mse': 0.25501295924186707}}
2026-08-05T10:52:17 INFO utils.pipeline | step=6000 train_interval=672.533 valid={'valid1': {'mse': 456.8135986328125, 'nmse': 0.1455087810754776, 'mae': 12.042611122131348, 'nmae': 0.22882471978664398, 'relative_mse': 0.24638089537620544}, 'valid2': {'mse': 481.7469787597656, 'nmse': 0.14840784668922424, 'mae': 12.4052734375, 'nmae': 0.23060119152069092, 'relative_mse': 0.25333380699157715}}
2026-08-05T10:52:36 INFO utils.pipeline | step=7000 train_interval=657.863 valid={'valid1': {'mse': 459.8021545410156, 'nmse': 0.14671768248081207, 'mae': 12.013407707214355, 'nmae': 0.22826187312602997, 'relative_mse': 0.24856255948543549}, 'valid2': {'mse': 484.9047546386719, 'nmse': 0.1495419144630432, 'mae': 12.36335563659668, 'nmae': 0.22984522581100464, 'relative_mse': 0.25533682107925415}}
2026-08-05T10:52:54 INFO utils.pipeline | step=8000 train_interval=654.73 valid={'valid1': {'mse': 452.8246765136719, 'nmse': 0.14451967179775238, 'mae': 11.911100387573242, 'nmae': 0.2263934165239334, 'relative_mse': 0.24478314816951752}, 'valid2': {'mse': 478.63739013671875, 'nmse': 0.14756682515144348, 'mae': 12.276620864868164, 'nmae': 0.2282264530658722, 'relative_mse': 0.25193271040916443}}
2026-08-05T10:53:13 INFO utils.pipeline | step=9000 train_interval=648.172 valid={'valid1': {'mse': 456.1976013183594, 'nmse': 0.14538675546646118, 'mae': 11.913006782531738, 'nmae': 0.2263668328523636, 'relative_mse': 0.24624349176883698}, 'valid2': {'mse': 481.9082336425781, 'nmse': 0.14845344424247742, 'mae': 12.27902603149414, 'nmae': 0.2281421422958374, 'relative_mse': 0.25344204902648926}}
2026-08-05T10:53:31 INFO utils.pipeline | step=10000 train_interval=647.91 valid={'valid1': {'mse': 460.34368896484375, 'nmse': 0.1472117155790329, 'mae': 11.96806526184082, 'nmae': 0.2275417298078537, 'relative_mse': 0.24942827224731445}, 'valid2': {'mse': 486.3457946777344, 'nmse': 0.15025614202022552, 'mae': 12.335430145263672, 'nmae': 0.22939032316207886, 'relative_mse': 0.2565900981426239}}
2026-08-05T10:53:31 INFO root | finished in 187.6 seconds
2026-08-05T10:53:31 INFO utils.dataset | loaded dataset config path=/home/h61084/codes/revin_experiment/../datasets/solar/config.json keys=['aggr', 'aggr_period', 'date_col', 'drop_users', 'target_cols']
2026-08-05T10:53:32 INFO utils.dataset | loaded dataset name=solar users=137 dropped_users=[] config=/home/h61084/codes/revin_experiment/../datasets/solar/config.json
2026-08-05T10:53:32 INFO root | training patchtst/revin on cuda -> /home/h61084/codes/revin_experiment/outputs/revin_experiment/solar/336_720/patchtst_revin_mse/seed_2
2026-08-05T10:53:50 INFO utils.pipeline | step=1000 train_interval=1166.19 valid={'valid1': {'mse': 505.92034912109375, 'nmse': 0.15157733857631683, 'mae': 13.051794052124023, 'nmae': 0.2433641254901886, 'relative_mse': 0.2575276494026184}, 'valid2': {'mse': 400.46868896484375, 'nmse': 0.1525399386882782, 'mae': 12.411338806152344, 'nmae': 0.24648617208003998, 'relative_mse': 0.2533874809741974}}
2026-08-05T10:54:08 INFO utils.pipeline | step=2000 train_interval=808.35 valid={'valid1': {'mse': 495.55224609375, 'nmse': 0.14940595626831055, 'mae': 12.924436569213867, 'nmae': 0.24143163859844208, 'relative_mse': 0.25430694222450256}, 'valid2': {'mse': 393.9178466796875, 'nmse': 0.15020109713077545, 'mae': 12.282451629638672, 'nmae': 0.24410274624824524, 'relative_mse': 0.250018835067749}}
2026-08-05T10:54:27 INFO utils.pipeline | step=3000 train_interval=741.184 valid={'valid1': {'mse': 490.88909912109375, 'nmse': 0.1482798159122467, 'mae': 12.631086349487305, 'nmae': 0.23593027889728546, 'relative_mse': 0.252620130777359}, 'valid2': {'mse': 391.7513122558594, 'nmse': 0.14891739189624786, 'mae': 12.013484001159668, 'nmae': 0.23863424360752106, 'relative_mse': 0.24814660847187042}}
2026-08-05T10:54:45 INFO utils.pipeline | step=4000 train_interval=718.623 valid={'valid1': {'mse': 491.7539367675781, 'nmse': 0.1489027887582779, 'mae': 12.519826889038086, 'nmae': 0.23397576808929443, 'relative_mse': 0.253740519285202}, 'valid2': {'mse': 392.6581726074219, 'nmse': 0.14913807809352875, 'mae': 11.909367561340332, 'nmae': 0.23662401735782623, 'relative_mse': 0.2486783266067505}}
2026-08-05T10:55:04 INFO utils.pipeline | step=5000 train_interval=714.273 valid={'valid1': {'mse': 494.7812805175781, 'nmse': 0.15023037791252136, 'mae': 12.462387084960938, 'nmae': 0.23304370045661926, 'relative_mse': 0.2561206519603729}, 'valid2': {'mse': 396.2463684082031, 'nmse': 0.1504872441291809, 'mae': 11.8643217086792, 'nmae': 0.235688716173172, 'relative_mse': 0.2510981857776642}}
2026-08-05T10:55:22 INFO utils.pipeline | step=6000 train_interval=702.474 valid={'valid1': {'mse': 488.19403076171875, 'nmse': 0.14807243645191193, 'mae': 12.43524169921875, 'nmae': 0.23246635496616364, 'relative_mse': 0.2523914873600006}, 'valid2': {'mse': 391.0617980957031, 'nmse': 0.14840596914291382, 'mae': 11.84333324432373, 'nmae': 0.23522573709487915, 'relative_mse': 0.24763016402721405}}
2026-08-05T10:55:40 INFO utils.pipeline | step=7000 train_interval=693.831 valid={'valid1': {'mse': 486.752197265625, 'nmse': 0.14774125814437866, 'mae': 12.293140411376953, 'nmae': 0.22973866760730743, 'relative_mse': 0.25175413489341736}, 'valid2': {'mse': 390.4164123535156, 'nmse': 0.1481819599866867, 'mae': 11.711936950683594, 'nmae': 0.23262496292591095, 'relative_mse': 0.24715737998485565}}
2026-08-05T10:55:58 INFO utils.pipeline | step=8000 train_interval=683.673 valid={'valid1': {'mse': 494.8307800292969, 'nmse': 0.15036945044994354, 'mae': 12.381820678710938, 'nmae': 0.23151910305023193, 'relative_mse': 0.25640466809272766}, 'valid2': {'mse': 396.2872619628906, 'nmse': 0.15061497688293457, 'mae': 11.783994674682617, 'nmae': 0.23410114645957947, 'relative_mse': 0.25145259499549866}}
2026-08-05T10:56:17 INFO utils.pipeline | step=9000 train_interval=681.183 valid={'valid1': {'mse': 490.3879699707031, 'nmse': 0.1490885466337204, 'mae': 12.293107986450195, 'nmae': 0.2298632562160492, 'relative_mse': 0.25411713123321533}, 'valid2': {'mse': 392.61090087890625, 'nmse': 0.14937737584114075, 'mae': 11.70878791809082, 'nmae': 0.23268786072731018, 'relative_mse': 0.24926339089870453}}
2026-08-05T10:56:35 INFO utils.pipeline | step=10000 train_interval=675.172 valid={'valid1': {'mse': 481.9687194824219, 'nmse': 0.1463424116373062, 'mae': 12.178547859191895, 'nmae': 0.22761604189872742, 'relative_mse': 0.24936115741729736}, 'valid2': {'mse': 386.4221496582031, 'nmse': 0.14687895774841309, 'mae': 11.604655265808105, 'nmae': 0.23055754601955414, 'relative_mse': 0.24496150016784668}}
2026-08-05T10:56:35 INFO root | finished in 183.9 seconds
2026-08-05T10:56:35 INFO utils.dataset | loaded dataset config path=/home/h61084/codes/revin_experiment/../datasets/solar/config.json keys=['aggr', 'aggr_period', 'date_col', 'drop_users', 'target_cols']
2026-08-05T10:56:36 INFO utils.dataset | loaded dataset name=solar users=137 dropped_users=[] config=/home/h61084/codes/revin_experiment/../datasets/solar/config.json
2026-08-05T10:56:36 INFO root | training patchtst/revin on cuda -> /home/h61084/codes/revin_experiment/outputs/revin_experiment/solar/336_720/patchtst_revin_mse/seed_3
2026-08-05T10:56:54 INFO utils.pipeline | step=1000 train_interval=1019.91 valid={'valid1': {'mse': 446.5794982910156, 'nmse': 0.15269364416599274, 'mae': 12.566773414611816, 'nmae': 0.2450144737958908, 'relative_mse': 0.2574782967567444}, 'valid2': {'mse': 639.2379760742188, 'nmse': 0.1517086774110794, 'mae': 14.323338508605957, 'nmae': 0.24051712453365326, 'relative_mse': 0.2603694200515747}}
2026-08-05T10:57:12 INFO utils.pipeline | step=2000 train_interval=691.854 valid={'valid1': {'mse': 437.9454650878906, 'nmse': 0.1506596803665161, 'mae': 12.246959686279297, 'nmae': 0.23896591365337372, 'relative_mse': 0.2546158730983734}, 'valid2': {'mse': 628.1934204101562, 'nmse': 0.14889831840991974, 'mae': 13.921887397766113, 'nmae': 0.2340160310268402, 'relative_mse': 0.2558211088180542}}
2026-08-05T10:57:31 INFO utils.pipeline | step=3000 train_interval=642.672 valid={'valid1': {'mse': 432.35931396484375, 'nmse': 0.1489861160516739, 'mae': 12.042522430419922, 'nmae': 0.23510557413101196, 'relative_mse': 0.25187140703201294}, 'valid2': {'mse': 619.0241088867188, 'nmse': 0.14746390283107758, 'mae': 13.731820106506348, 'nmae': 0.23097756505012512, 'relative_mse': 0.2533484101295471}}
2026-08-05T10:57:49 INFO utils.pipeline | step=4000 train_interval=629.653 valid={'valid1': {'mse': 428.40545654296875, 'nmse': 0.14761345088481903, 'mae': 11.962125778198242, 'nmae': 0.23348240554332733, 'relative_mse': 0.24958981573581696}, 'valid2': {'mse': 612.415283203125, 'nmse': 0.1457986980676651, 'mae': 13.60767650604248, 'nmae': 0.22869819402694702, 'relative_mse': 0.2505376636981964}}
2026-08-05T10:58:07 INFO utils.pipeline | step=5000 train_interval=619.067 valid={'valid1': {'mse': 429.238525390625, 'nmse': 0.1478618085384369, 'mae': 11.917821884155273, 'nmae': 0.23254096508026123, 'relative_mse': 0.2499915361404419}, 'valid2': {'mse': 613.6735229492188, 'nmse': 0.14609752595424652, 'mae': 13.547982215881348, 'nmae': 0.2278227061033249, 'relative_mse': 0.25101062655448914}}
2026-08-05T10:58:26 INFO utils.pipeline | step=6000 train_interval=607.192 valid={'valid1': {'mse': 424.8705139160156, 'nmse': 0.14650319516658783, 'mae': 11.689718246459961, 'nmae': 0.22824911773204803, 'relative_mse': 0.24778397381305695}, 'valid2': {'mse': 604.0308227539062, 'nmse': 0.1448546051979065, 'mae': 13.301569938659668, 'nmae': 0.22406238317489624, 'relative_mse': 0.24897587299346924}}
2026-08-05T10:58:44 INFO utils.pipeline | step=7000 train_interval=601.73 valid={'valid1': {'mse': 425.5765075683594, 'nmse': 0.14672423899173737, 'mae': 11.890829086303711, 'nmae': 0.23209568858146667, 'relative_mse': 0.24806848168373108}, 'valid2': {'mse': 609.85546875, 'nmse': 0.14522644877433777, 'mae': 13.540911674499512, 'nmae': 0.2278997004032135, 'relative_mse': 0.249512180685997}}
2026-08-05T10:59:02 INFO utils.pipeline | step=8000 train_interval=599.886 valid={'valid1': {'mse': 431.1277160644531, 'nmse': 0.1487603783607483, 'mae': 11.910438537597656, 'nmae': 0.23254621028900146, 'relative_mse': 0.25166651606559753}, 'valid2': {'mse': 615.3233032226562, 'nmse': 0.1474936157464981, 'mae': 13.590277671813965, 'nmae': 0.22891831398010254, 'relative_mse': 0.2534792423248291}}
2026-08-05T10:59:21 INFO utils.pipeline | step=9000 train_interval=590.998 valid={'valid1': {'mse': 428.6777648925781, 'nmse': 0.14801602065563202, 'mae': 11.644339561462402, 'nmae': 0.22736062109470367, 'relative_mse': 0.25039711594581604}, 'valid2': {'mse': 614.157958984375, 'nmse': 0.1466282606124878, 'mae': 13.278345108032227, 'nmae': 0.22345943748950958, 'relative_mse': 0.2519935369491577}}
2026-08-05T10:59:39 INFO utils.pipeline | step=10000 train_interval=588.706 valid={'valid1': {'mse': 432.2088623046875, 'nmse': 0.14921322464942932, 'mae': 11.708924293518066, 'nmae': 0.2285943478345871, 'relative_mse': 0.25242477655410767}, 'valid2': {'mse': 619.9047241210938, 'nmse': 0.14770743250846863, 'mae': 13.326268196105957, 'nmae': 0.22432120144367218, 'relative_mse': 0.25381049513816833}}
2026-08-05T10:59:39 INFO root | finished in 183.8 seconds

2026-08-05T10:59:40+02:00 configuration=90/90 dataset=solar lags=336 horizon=720 model=patchtst method=revin_nmse requested_seeds=1,2,3 run_seeds=1,2,3 batch_size=256 learning_rate=1e-5 epochs=10000 steps=10000 eval_stride=720 valid_eval_frequency=1000 logging_frequency=1000 overrides=normalization.name=revin normalization.kwargs.affine=true training.loss=nmse
2026-08-05T10:59:43 INFO utils.dataset | loaded dataset config path=/home/h61084/codes/revin_experiment/../datasets/solar/config.json keys=['aggr', 'aggr_period', 'date_col', 'drop_users', 'target_cols']
2026-08-05T10:59:44 INFO utils.dataset | loaded dataset name=solar users=137 dropped_users=[] config=/home/h61084/codes/revin_experiment/../datasets/solar/config.json
2026-08-05T10:59:46 INFO root | training patchtst/revin on cuda -> /home/h61084/codes/revin_experiment/outputs/revin_experiment/solar/336_720/patchtst_revin_nmse/seed_1
2026-08-05T11:00:05 INFO utils.pipeline | step=1000 train_interval=0.312085 valid={'valid1': {'mse': 471.7216491699219, 'nmse': 0.14862726628780365, 'mae': 12.537829399108887, 'nmae': 0.23753468692302704, 'relative_mse': 0.250690758228302}, 'valid2': {'mse': 495.5762023925781, 'nmse': 0.15099823474884033, 'mae': 12.909252166748047, 'nmae': 0.23949238657951355, 'relative_mse': 0.2570788264274597}}
2026-08-05T11:00:23 INFO utils.pipeline | step=2000 train_interval=0.21806 valid={'valid1': {'mse': 466.30621337890625, 'nmse': 0.14808280766010284, 'mae': 12.279793739318848, 'nmae': 0.2332216203212738, 'relative_mse': 0.25067782402038574}, 'valid2': {'mse': 491.4908142089844, 'nmse': 0.1511286348104477, 'mae': 12.654633522033691, 'nmae': 0.23514898121356964, 'relative_mse': 0.2579331398010254}}
2026-08-05T11:00:42 INFO utils.pipeline | step=3000 train_interval=0.205199 valid={'valid1': {'mse': 459.9745788574219, 'nmse': 0.14630085229873657, 'mae': 12.123190879821777, 'nmae': 0.23024173080921173, 'relative_mse': 0.24766068160533905}, 'valid2': {'mse': 485.8319091796875, 'nmse': 0.14939992129802704, 'mae': 12.489943504333496, 'nmae': 0.23207513988018036, 'relative_mse': 0.2549944221973419}}
2026-08-05T11:01:00 INFO utils.pipeline | step=4000 train_interval=0.199867 valid={'valid1': {'mse': 454.4277648925781, 'nmse': 0.1446293592453003, 'mae': 11.994001388549805, 'nmae': 0.22784020006656647, 'relative_mse': 0.24487602710723877}, 'valid2': {'mse': 478.71099853515625, 'nmse': 0.14760328829288483, 'mae': 12.354588508605957, 'nmae': 0.22966530919075012, 'relative_mse': 0.25195756554603577}}
2026-08-05T11:01:18 INFO utils.pipeline | step=5000 train_interval=0.196815 valid={'valid1': {'mse': 452.1866455078125, 'nmse': 0.14383618533611298, 'mae': 11.935399055480957, 'nmae': 0.22673900425434113, 'relative_mse': 0.24352800846099854}, 'valid2': {'mse': 476.4627990722656, 'nmse': 0.14665476977825165, 'mae': 12.286589622497559, 'nmae': 0.2283199280500412, 'relative_mse': 0.25031259655952454}}
2026-08-05T11:01:37 INFO utils.pipeline | step=6000 train_interval=0.194983 valid={'valid1': {'mse': 452.6372985839844, 'nmse': 0.14403223991394043, 'mae': 11.853800773620605, 'nmae': 0.2251870185136795, 'relative_mse': 0.24384409189224243}, 'valid2': {'mse': 475.53094482421875, 'nmse': 0.14659038186073303, 'mae': 12.197511672973633, 'nmae': 0.22674483060836792, 'relative_mse': 0.25022822618484497}}
2026-08-05T11:01:55 INFO utils.pipeline | step=7000 train_interval=0.192507 valid={'valid1': {'mse': 451.9951477050781, 'nmse': 0.14405938982963562, 'mae': 11.813435554504395, 'nmae': 0.22445060312747955, 'relative_mse': 0.24400143325328827}, 'valid2': {'mse': 474.96795654296875, 'nmse': 0.14663569629192352, 'mae': 12.153325080871582, 'nmae': 0.2259637713432312, 'relative_mse': 0.2503778636455536}}
2026-08-05T11:02:14 INFO utils.pipeline | step=8000 train_interval=0.190743 valid={'valid1': {'mse': 456.50860595703125, 'nmse': 0.14562754333019257, 'mae': 11.836504936218262, 'nmae': 0.22494535148143768, 'relative_mse': 0.24663302302360535}, 'valid2': {'mse': 481.0618896484375, 'nmse': 0.14849217236042023, 'mae': 12.1865873336792, 'nmae': 0.22655518352985382, 'relative_mse': 0.2535419762134552}}
2026-08-05T11:02:32 INFO utils.pipeline | step=9000 train_interval=0.189115 valid={'valid1': {'mse': 454.064208984375, 'nmse': 0.1446203738451004, 'mae': 11.768974304199219, 'nmae': 0.22359170019626617, 'relative_mse': 0.24486985802650452}, 'valid2': {'mse': 477.8685607910156, 'nmse': 0.14737163484096527, 'mae': 12.11485767364502, 'nmae': 0.2251519411802292, 'relative_mse': 0.2515895664691925}}
2026-08-05T11:02:50 INFO utils.pipeline | step=10000 train_interval=0.187528 valid={'valid1': {'mse': 458.05474853515625, 'nmse': 0.14636929333209991, 'mae': 11.841440200805664, 'nmae': 0.22506201267242432, 'relative_mse': 0.2479850798845291}, 'valid2': {'mse': 481.4648742675781, 'nmse': 0.148977130651474, 'mae': 12.179040908813477, 'nmae': 0.2265150249004364, 'relative_mse': 0.2544422447681427}}
2026-08-05T11:02:51 INFO root | finished in 187.3 seconds
2026-08-05T11:02:51 INFO utils.dataset | loaded dataset config path=/home/h61084/codes/revin_experiment/../datasets/solar/config.json keys=['aggr', 'aggr_period', 'date_col', 'drop_users', 'target_cols']
2026-08-05T11:02:51 INFO utils.dataset | loaded dataset name=solar users=137 dropped_users=[] config=/home/h61084/codes/revin_experiment/../datasets/solar/config.json
2026-08-05T11:02:51 INFO root | training patchtst/revin on cuda -> /home/h61084/codes/revin_experiment/outputs/revin_experiment/solar/336_720/patchtst_revin_nmse/seed_2
2026-08-05T11:03:10 INFO utils.pipeline | step=1000 train_interval=0.314504 valid={'valid1': {'mse': 495.347900390625, 'nmse': 0.14799422025680542, 'mae': 12.756669998168945, 'nmae': 0.23757705092430115, 'relative_mse': 0.2513121962547302}, 'valid2': {'mse': 392.39947509765625, 'nmse': 0.14955076575279236, 'mae': 12.152566909790039, 'nmae': 0.2414240539073944, 'relative_mse': 0.24820268154144287}}
2026-08-05T11:03:28 INFO utils.pipeline | step=2000 train_interval=0.218128 valid={'valid1': {'mse': 489.67431640625, 'nmse': 0.1472845822572708, 'mae': 12.631534576416016, 'nmae': 0.23572082817554474, 'relative_mse': 0.2506883144378662}, 'valid2': {'mse': 389.4267272949219, 'nmse': 0.14847281575202942, 'mae': 12.017166137695312, 'nmae': 0.23885977268218994, 'relative_mse': 0.2470831722021103}}
2026-08-05T11:03:46 INFO utils.pipeline | step=3000 train_interval=0.204691 valid={'valid1': {'mse': 489.2978515625, 'nmse': 0.14759963750839233, 'mae': 12.505658149719238, 'nmae': 0.23352351784706116, 'relative_mse': 0.2513410747051239}, 'valid2': {'mse': 390.79132080078125, 'nmse': 0.14845222234725952, 'mae': 11.899398803710938, 'nmae': 0.23630376160144806, 'relative_mse': 0.24723796546459198}}
2026-08-05T11:04:05 INFO utils.pipeline | step=4000 train_interval=0.198779 valid={'valid1': {'mse': 489.619873046875, 'nmse': 0.1483580619096756, 'mae': 12.381611824035645, 'nmae': 0.2313728928565979, 'relative_mse': 0.25279322266578674}, 'valid2': {'mse': 392.7414245605469, 'nmse': 0.1491251438856125, 'mae': 11.809086799621582, 'nmae': 0.23462054133415222, 'relative_mse': 0.248615562915802}}
2026-08-05T11:04:23 INFO utils.pipeline | step=5000 train_interval=0.195685 valid={'valid1': {'mse': 489.5016174316406, 'nmse': 0.14857536554336548, 'mae': 12.296001434326172, 'nmae': 0.2298848032951355, 'relative_mse': 0.25322532653808594}, 'valid2': {'mse': 392.17742919921875, 'nmse': 0.14893007278442383, 'mae': 11.709826469421387, 'nmae': 0.23259088397026062, 'relative_mse': 0.24842210114002228}}
2026-08-05T11:04:41 INFO utils.pipeline | step=6000 train_interval=0.192893 valid={'valid1': {'mse': 488.4102478027344, 'nmse': 0.14814437925815582, 'mae': 12.333649635314941, 'nmae': 0.23050077259540558, 'relative_mse': 0.2524857223033905}, 'valid2': {'mse': 391.417236328125, 'nmse': 0.14853808283805847, 'mae': 11.744850158691406, 'nmae': 0.2332538366317749, 'relative_mse': 0.24778801202774048}}
2026-08-05T11:05:00 INFO utils.pipeline | step=7000 train_interval=0.191202 valid={'valid1': {'mse': 489.6431579589844, 'nmse': 0.14869460463523865, 'mae': 12.243221282958984, 'nmae': 0.22883081436157227, 'relative_mse': 0.2534278929233551}, 'valid2': {'mse': 393.1019287109375, 'nmse': 0.14913471043109894, 'mae': 11.669051170349121, 'nmae': 0.23174189031124115, 'relative_mse': 0.24879048764705658}}
2026-08-05T11:05:18 INFO utils.pipeline | step=8000 train_interval=0.188841 valid={'valid1': {'mse': 495.1031188964844, 'nmse': 0.15051612257957458, 'mae': 12.274560928344727, 'nmae': 0.22946566343307495, 'relative_mse': 0.2566045820713043}, 'valid2': {'mse': 396.86798095703125, 'nmse': 0.15080250799655914, 'mae': 11.691073417663574, 'nmae': 0.23226279020309448, 'relative_mse': 0.2516922354698181}}
2026-08-05T11:05:37 INFO utils.pipeline | step=9000 train_interval=0.187698 valid={'valid1': {'mse': 487.2446594238281, 'nmse': 0.1480838507413864, 'mae': 12.17724609375, 'nmae': 0.2276088446378708, 'relative_mse': 0.252390056848526}, 'valid2': {'mse': 390.63616943359375, 'nmse': 0.14837750792503357, 'mae': 11.604477882385254, 'nmae': 0.23052765429019928, 'relative_mse': 0.24751557409763336}}
2026-08-05T11:05:55 INFO utils.pipeline | step=10000 train_interval=0.185351 valid={'valid1': {'mse': 485.737060546875, 'nmse': 0.1475265920162201, 'mae': 12.146498680114746, 'nmae': 0.22702303528785706, 'relative_mse': 0.2514396011829376}, 'valid2': {'mse': 389.8177185058594, 'nmse': 0.147928386926651, 'mae': 11.570443153381348, 'nmae': 0.2297986000776291, 'relative_mse': 0.24674902856349945}}
2026-08-05T11:05:55 INFO root | finished in 184.3 seconds
2026-08-05T11:05:55 INFO utils.dataset | loaded dataset config path=/home/h61084/codes/revin_experiment/../datasets/solar/config.json keys=['aggr', 'aggr_period', 'date_col', 'drop_users', 'target_cols']
2026-08-05T11:05:55 INFO utils.dataset | loaded dataset name=solar users=137 dropped_users=[] config=/home/h61084/codes/revin_experiment/../datasets/solar/config.json
2026-08-05T11:05:55 INFO root | training patchtst/revin on cuda -> /home/h61084/codes/revin_experiment/outputs/revin_experiment/solar/336_720/patchtst_revin_nmse/seed_3
2026-08-05T11:06:14 INFO utils.pipeline | step=1000 train_interval=0.316277 valid={'valid1': {'mse': 438.4488220214844, 'nmse': 0.14988099038600922, 'mae': 12.342284202575684, 'nmae': 0.24057318270206451, 'relative_mse': 0.25263160467147827}, 'valid2': {'mse': 629.4508056640625, 'nmse': 0.14917992055416107, 'mae': 14.068629264831543, 'nmae': 0.23610302805900574, 'relative_mse': 0.25596410036087036}}
2026-08-05T11:06:32 INFO utils.pipeline | step=2000 train_interval=0.217169 valid={'valid1': {'mse': 432.5984802246094, 'nmse': 0.1487351655960083, 'mae': 12.131982803344727, 'nmae': 0.2366628348827362, 'relative_mse': 0.2512914836406708}, 'valid2': {'mse': 619.9531860351562, 'nmse': 0.1470142900943756, 'mae': 13.803452491760254, 'nmae': 0.23201879858970642, 'relative_mse': 0.25254160165786743}}
2026-08-05T11:06:51 INFO utils.pipeline | step=3000 train_interval=0.204405 valid={'valid1': {'mse': 430.4679870605469, 'nmse': 0.14826814830303192, 'mae': 11.940974235534668, 'nmae': 0.23306883871555328, 'relative_mse': 0.2506304979324341}, 'valid2': {'mse': 614.3351440429688, 'nmse': 0.14660261571407318, 'mae': 13.606141090393066, 'nmae': 0.22890740633010864, 'relative_mse': 0.25186821818351746}}
2026-08-05T11:07:09 INFO utils.pipeline | step=4000 train_interval=0.198771 valid={'valid1': {'mse': 426.2457275390625, 'nmse': 0.14674945175647736, 'mae': 11.823380470275879, 'nmae': 0.23075447976589203, 'relative_mse': 0.2481141984462738}, 'valid2': {'mse': 605.908935546875, 'nmse': 0.14481471478939056, 'mae': 13.453387260437012, 'nmae': 0.22634147107601166, 'relative_mse': 0.24883577227592468}}
2026-08-05T11:07:28 INFO utils.pipeline | step=5000 train_interval=0.195786 valid={'valid1': {'mse': 427.0183410644531, 'nmse': 0.14699925482273102, 'mae': 11.796051025390625, 'nmae': 0.23017343878746033, 'relative_mse': 0.2485416829586029}, 'valid2': {'mse': 605.6470336914062, 'nmse': 0.1451038122177124, 'mae': 13.394935607910156, 'nmae': 0.22559267282485962, 'relative_mse': 0.24934467673301697}}
2026-08-05T11:07:46 INFO utils.pipeline | step=6000 train_interval=0.193367 valid={'valid1': {'mse': 423.9271240234375, 'nmse': 0.14605049788951874, 'mae': 11.63985538482666, 'nmae': 0.22721195220947266, 'relative_mse': 0.24698196351528168}, 'valid2': {'mse': 599.7000122070312, 'nmse': 0.1442166268825531, 'mae': 13.239344596862793, 'nmae': 0.22312070429325104, 'relative_mse': 0.24785269796848297}}
2026-08-05T11:08:04 INFO utils.pipeline | step=7000 train_interval=0.191308 valid={'valid1': {'mse': 428.2519836425781, 'nmse': 0.14763088524341583, 'mae': 11.825494766235352, 'nmae': 0.23082779347896576, 'relative_mse': 0.24965113401412964}, 'valid2': {'mse': 609.3198852539062, 'nmse': 0.14578482508659363, 'mae': 13.448177337646484, 'nmae': 0.22655929625034332, 'relative_mse': 0.2505072057247162}}
2026-08-05T11:08:23 INFO utils.pipeline | step=8000 train_interval=0.190137 valid={'valid1': {'mse': 433.2510070800781, 'nmse': 0.14949655532836914, 'mae': 11.806965827941895, 'nmae': 0.23051461577415466, 'relative_mse': 0.25292614102363586}, 'valid2': {'mse': 615.447509765625, 'nmse': 0.14798299968242645, 'mae': 13.44726848602295, 'nmae': 0.22668208181858063, 'relative_mse': 0.2543380856513977}}
2026-08-05T11:08:41 INFO utils.pipeline | step=9000 train_interval=0.187682 valid={'valid1': {'mse': 428.9895935058594, 'nmse': 0.14803408086299896, 'mae': 11.658353805541992, 'nmae': 0.2275886833667755, 'relative_mse': 0.2504321336746216}, 'valid2': {'mse': 610.8883056640625, 'nmse': 0.14660990238189697, 'mae': 13.277396202087402, 'nmae': 0.22375677525997162, 'relative_mse': 0.25196391344070435}}
2026-08-05T11:09:00 INFO utils.pipeline | step=10000 train_interval=0.186003 valid={'valid1': {'mse': 431.1952209472656, 'nmse': 0.1487632393836975, 'mae': 11.701499938964844, 'nmae': 0.22842805087566376, 'relative_mse': 0.2516627907752991}, 'valid2': {'mse': 614.0488891601562, 'nmse': 0.14706765115261078, 'mae': 13.306916236877441, 'nmae': 0.2242937833070755, 'relative_mse': 0.2527243196964264}}
2026-08-05T11:09:00 INFO root | finished in 184.7 seconds

2026-08-05T11:09:02+02:00 stage done name=train

2026-08-05T11:09:02+02:00 stage start name=tables

2026-08-05T11:09:02+02:00 table family=core model=patchtst split=test1 metric=mse output=/home/h61084/codes/revin_experiment/outputs/revin_experiment/tables/core/results_patchtst_test1_mse.tex
2026-08-05T11:09:04 INFO __main__ | wrote table path=/home/h61084/codes/revin_experiment/outputs/revin_experiment/tables/core/results_patchtst_test1_mse.tex
2026-08-05T11:09:05 INFO __main__ | wrote summary path=/home/h61084/codes/revin_experiment/outputs/revin_experiment/tables/core/summary_patchtst_test1_mse.json
2026-08-05T11:09:05 INFO __main__ | wrote summary path=/home/h61084/codes/revin_experiment/outputs/revin_experiment/tables/core/summary_patchtst_test1_mse.tex

2026-08-05T11:09:05+02:00 table family=core model=patchtst split=test2 metric=mse output=/home/h61084/codes/revin_experiment/outputs/revin_experiment/tables/core/results_patchtst_test2_mse.tex
2026-08-05T11:09:06 INFO __main__ | wrote table path=/home/h61084/codes/revin_experiment/outputs/revin_experiment/tables/core/results_patchtst_test2_mse.tex
2026-08-05T11:09:07 INFO __main__ | wrote summary path=/home/h61084/codes/revin_experiment/outputs/revin_experiment/tables/core/summary_patchtst_test2_mse.json
2026-08-05T11:09:07 INFO __main__ | wrote summary path=/home/h61084/codes/revin_experiment/outputs/revin_experiment/tables/core/summary_patchtst_test2_mse.tex

2026-08-05T11:09:07+02:00 stage done name=tables

2026-08-05T11:09:07+02:00 workflow done kind=revin family=core output=/home/h61084/codes/revin_experiment/outputs/revin_experiment
