{
  "test1": {
    "mse": {
      "mean": 20.343725204467773,
      "std": 75.24916076660156,
      "variance": 5662.435546875,
      "count": 1080408
    },
    "nmse": {
      "mean": 0.3720548748970032,
      "std": 1.6220606565475464,
      "variance": 2.6310806274414062,
      "count": 1080408
    },
    "mae": {
      "mean": 2.380561590194702,
      "std": 3.831012010574341,
      "variance": 14.676652908325195,
      "count": 1080408
    },
    "nmae": {
      "mean": 0.31868937611579895,
      "std": 0.5200884342193604,
      "variance": 0.27049195766448975,
      "count": 1080408
    },
    "relative_mse": {
      "mean": 1.3300690650939941,
      "std": 7.142729759216309,
      "variance": 51.01858901977539,
      "count": 1080408
    }
  },
  "test2": {
    "mse": {
      "mean": 16.57056427001953,
      "std": 49.77119827270508,
      "variance": 2477.17236328125,
      "count": 277536
    },
    "nmse": {
      "mean": 0.38833969831466675,
      "std": 1.7070246934890747,
      "variance": 2.913933277130127,
      "count": 277536
    },
    "mae": {
      "mean": 2.258100748062134,
      "std": 3.3869664669036865,
      "variance": 11.471542358398438,
      "count": 277536
    },
    "nmae": {
      "mean": 0.3243657648563385,
      "std": 0.5320963859558105,
      "variance": 0.283126562833786,
      "count": 277536
    },
    "relative_mse": {
      "mean": 1.3876465559005737,
      "std": 7.520955562591553,
      "variance": 56.56477355957031,
      "count": 277536
    }
  }
}