{
  "test1": {
    "mse": {
      "mean": 0.0017323702340945601,
      "std": 0.006614694371819496,
      "variance": 4.375418211566284e-05,
      "count": 1488240
    },
    "nmse": {
      "mean": 0.8750603795051575,
      "std": 4.58584451675415,
      "variance": 21.029972076416016,
      "count": 1488240
    },
    "mae": {
      "mean": 0.025393538177013397,
      "std": 0.03297784924507141,
      "variance": 0.001087538548745215,
      "count": 1488240
    },
    "nmae": {
      "mean": 0.5813469886779785,
      "std": 0.7328683733940125,
      "variance": 0.5370960831642151,
      "count": 1488240
    },
    "relative_mse": {
      "mean": 0.5123826861381531,
      "std": 2.892775774002075,
      "variance": 8.368152618408203,
      "count": 1488240
    }
  },
  "test2": {
    "mse": {
      "mean": 0.0018668414559215307,
      "std": 0.007280312478542328,
      "variance": 5.300294651533477e-05,
      "count": 373680
    },
    "nmse": {
      "mean": 0.7158801555633545,
      "std": 2.7512989044189453,
      "variance": 7.569645404815674,
      "count": 373680
    },
    "mae": {
      "mean": 0.025502707809209824,
      "std": 0.03487769141793251,
      "variance": 0.0012164533836767077,
      "count": 373680
    },
    "nmae": {
      "mean": 0.5460551977157593,
      "std": 0.646300196647644,
      "variance": 0.41770389676094055,
      "count": 373680
    },
    "relative_mse": {
      "mean": 0.4649890065193176,
      "std": 2.068403482437134,
      "variance": 4.278292655944824,
      "count": 373680
    }
  }
}