{
  "test1": {
    "mse": {
      "mean": 3523846.25,
      "std": 124392248.0,
      "variance": 1.5473431432658944e+16,
      "count": 1183248
    },
    "nmse": {
      "mean": 0.16200165450572968,
      "std": 6.526900768280029,
      "variance": 42.60043716430664,
      "count": 1183248
    },
    "mae": {
      "mean": 210.2974395751953,
      "std": 1865.374267578125,
      "variance": 3479621.25,
      "count": 1183248
    },
    "nmae": {
      "mean": 0.2458411157131195,
      "std": 0.31869077682495117,
      "variance": 0.10156381875276566,
      "count": 1183248
    },
    "relative_mse": {
      "mean": 0.03142685815691948,
      "std": 0.4761141538619995,
      "variance": 0.22668468952178955,
      "count": 1183248
    }
  },
  "test2": {
    "mse": {
      "mean": 47920.04296875,
      "std": 690645.875,
      "variance": 476991750144.0,
      "count": 299376
    },
    "nmse": {
      "mean": 0.1723736822605133,
      "std": 1.4541113376617432,
      "variance": 2.1144397258758545,
      "count": 299376
    },
    "mae": {
      "mean": 75.69862365722656,
      "std": 205.40145874023438,
      "variance": 42189.76171875,
      "count": 299376
    },
    "nmae": {
      "mean": 0.25490546226501465,
      "std": 0.32771462202072144,
      "variance": 0.10739688575267792,
      "count": 299376
    },
    "relative_mse": {
      "mean": 0.026088815182447433,
      "std": 0.30278280377388,
      "variance": 0.09167742729187012,
      "count": 299376
    }
  }
}