{
  "test1": {
    "mse": {
      "mean": 14.446735382080078,
      "std": 62.66622543334961,
      "variance": 3927.055908203125,
      "count": 1127496
    },
    "nmse": {
      "mean": 1.0875954627990723,
      "std": 10.71140193939209,
      "variance": 114.73412322998047,
      "count": 1127496
    },
    "mae": {
      "mean": 2.138468027114868,
      "std": 3.142242670059204,
      "variance": 9.873688697814941,
      "count": 1127496
    },
    "nmae": {
      "mean": 0.3974645733833313,
      "std": 0.9641665816307068,
      "variance": 0.9296172261238098,
      "count": 1127496
    },
    "relative_mse": {
      "mean": 4.450643539428711,
      "std": 52.33589172363281,
      "variance": 2739.04541015625,
      "count": 1127496
    }
  },
  "test2": {
    "mse": {
      "mean": 15.805404663085938,
      "std": 68.5407943725586,
      "variance": 4697.84033203125,
      "count": 289632
    },
    "nmse": {
      "mean": 1.0073094367980957,
      "std": 9.145660400390625,
      "variance": 83.64310455322266,
      "count": 289632
    },
    "mae": {
      "mean": 2.2409543991088867,
      "std": 3.2838282585144043,
      "variance": 10.783528327941895,
      "count": 289632
    },
    "nmae": {
      "mean": 0.3956526815891266,
      "std": 0.9223710894584656,
      "variance": 0.8507683873176575,
      "count": 289632
    },
    "relative_mse": {
      "mean": 3.9791669845581055,
      "std": 41.70943069458008,
      "variance": 1739.676513671875,
      "count": 289632
    }
  }
}