{
  "test1": {
    "mse": {
      "mean": 13.069938659667969,
      "std": 58.06939697265625,
      "variance": 3372.054931640625,
      "count": 1127496
    },
    "nmse": {
      "mean": 0.920731782913208,
      "std": 9.238503456115723,
      "variance": 85.34994506835938,
      "count": 1127496
    },
    "mae": {
      "mean": 1.973462700843811,
      "std": 3.0290896892547607,
      "variance": 9.175383567810059,
      "count": 1127496
    },
    "nmae": {
      "mean": 0.36370354890823364,
      "std": 0.8879478573799133,
      "variance": 0.7884514331817627,
      "count": 1127496
    },
    "relative_mse": {
      "mean": 3.7137062549591064,
      "std": 44.0943717956543,
      "variance": 1944.313720703125,
      "count": 1127496
    }
  },
  "test2": {
    "mse": {
      "mean": 14.24195384979248,
      "std": 62.83608627319336,
      "variance": 3948.373779296875,
      "count": 289632
    },
    "nmse": {
      "mean": 0.8602694869041443,
      "std": 7.874539375305176,
      "variance": 62.00836944580078,
      "count": 289632
    },
    "mae": {
      "mean": 2.067426919937134,
      "std": 3.1571664810180664,
      "variance": 9.967700004577637,
      "count": 289632
    },
    "nmae": {
      "mean": 0.362778902053833,
      "std": 0.8536164164543152,
      "variance": 0.728661060333252,
      "count": 289632
    },
    "relative_mse": {
      "mean": 3.353029251098633,
      "std": 34.949459075927734,
      "variance": 1221.4647216796875,
      "count": 289632
    }
  }
}