{
  "test1": {
    "mse": {
      "mean": 358506496.0,
      "std": 7437563392.0,
      "variance": 5.531735358317789e+19,
      "count": 1266912
    },
    "nmse": {
      "mean": 73.72669219970703,
      "std": 775.6552734375,
      "variance": 601641.125,
      "count": 1266912
    },
    "mae": {
      "mean": 3058.731689453125,
      "std": 18685.572265625,
      "variance": 349150656.0,
      "count": 1266912
    },
    "nmae": {
      "mean": 4.626041889190674,
      "std": 7.233700752258301,
      "variance": 52.3264274597168,
      "count": 1266912
    },
    "relative_mse": {
      "mean": 1.3473438024520874,
      "std": 1.9298580884933472,
      "variance": 3.7243523597717285,
      "count": 1266912
    }
  },
  "test2": {
    "mse": {
      "mean": 6494371.5,
      "std": 24197656.0,
      "variance": 585526516121600.0,
      "count": 320544
    },
    "nmse": {
      "mean": 19.61566162109375,
      "std": 59.92826843261719,
      "variance": 3591.397216796875,
      "count": 320544
    },
    "mae": {
      "mean": 1305.0286865234375,
      "std": 2188.8974609375,
      "variance": 4791272.0,
      "count": 320544
    },
    "nmae": {
      "mean": 3.71176815032959,
      "std": 2.416285753250122,
      "variance": 5.838437080383301,
      "count": 320544
    },
    "relative_mse": {
      "mean": 1.3250840902328491,
      "std": 2.2445433139801025,
      "variance": 5.0379743576049805,
      "count": 320544
    }
  }
}