{
  "test1": {
    "mse": {
      "mean": 0.0009103210759349167,
      "std": 0.005248383153229952,
      "variance": 2.754552406258881e-05,
      "count": 2199288
    },
    "nmse": {
      "mean": 0.37438905239105225,
      "std": 7.840278625488281,
      "variance": 61.469970703125,
      "count": 2199288
    },
    "mae": {
      "mean": 0.013854168355464935,
      "std": 0.0268026702105999,
      "variance": 0.0007183831185102463,
      "count": 2199288
    },
    "nmae": {
      "mean": 0.2941277027130127,
      "std": 0.5365425944328308,
      "variance": 0.28787797689437866,
      "count": 2199288
    },
    "relative_mse": {
      "mean": 0.2508314251899719,
      "std": 3.8603739738464355,
      "variance": 14.902486801147461,
      "count": 2199288
    }
  },
  "test2": {
    "mse": {
      "mean": 0.0009375223307870328,
      "std": 0.005529509857296944,
      "variance": 3.057548019569367e-05,
      "count": 552216
    },
    "nmse": {
      "mean": 348640128.0,
      "std": 11974430720.0,
      "variance": 1.4338698592282634e+20,
      "count": 552216
    },
    "mae": {
      "mean": 0.013953246176242828,
      "std": 0.027254892513155937,
      "variance": 0.0007428291719406843,
      "count": 552216
    },
    "nmae": {
      "mean": 655.180419921875,
      "std": 18660.41015625,
      "variance": 348210880.0,
      "count": 552216
    },
    "relative_mse": {
      "mean": 348640128.0,
      "std": 11974430720.0,
      "variance": 1.4338698592282634e+20,
      "count": 552216
    }
  }
}