{
  "test1": {
    "mse": {
      "mean": 10649870.0,
      "std": 262547920.0,
      "variance": 6.893141189722112e+16,
      "count": 1183248
    },
    "nmse": {
      "mean": 485.3143005371094,
      "std": 19588.017578125,
      "variance": 383690464.0,
      "count": 1183248
    },
    "mae": {
      "mean": 568.5626831054688,
      "std": 3213.503662109375,
      "variance": 10326606.0,
      "count": 1183248
    },
    "nmae": {
      "mean": 3.8191587924957275,
      "std": 21.69627571105957,
      "variance": 470.7283935546875,
      "count": 1183248
    },
    "relative_mse": {
      "mean": 7.644317150115967,
      "std": 116.16402435302734,
      "variance": 13494.080078125,
      "count": 1183248
    }
  },
  "test2": {
    "mse": {
      "mean": 618227.1875,
      "std": 3984136.5,
      "variance": 15873342439424.0,
      "count": 299376
    },
    "nmse": {
      "mean": 1308.2091064453125,
      "std": 14439.349609375,
      "variance": 208494800.0,
      "count": 299376
    },
    "mae": {
      "mean": 392.7673645019531,
      "std": 681.1467895507812,
      "variance": 463960.96875,
      "count": 299376
    },
    "nmae": {
      "mean": 6.9575581550598145,
      "std": 35.493682861328125,
      "variance": 1259.801513671875,
      "count": 299376
    },
    "relative_mse": {
      "mean": 35.01427459716797,
      "std": 407.2486572265625,
      "variance": 165851.46875,
      "count": 299376
    }
  },
  "valid1": {
    "mse": {
      "mean": 3886125.5
    },
    "nmse": {
      "mean": 1144.525634765625
    },
    "mae": {
      "mean": 482.9396057128906
    },
    "nmae": {
      "mean": 4.5569305419921875
    },
    "relative_mse": {
      "mean": 6.628451347351074
    }
  },
  "valid2": {
    "mse": {
      "mean": 515821.0625
    },
    "nmse": {
      "mean": 1387.34814453125
    },
    "mae": {
      "mean": 381.2353210449219
    },
    "nmae": {
      "mean": 6.807256698608398
    },
    "relative_mse": {
      "mean": 34.68312072753906
    }
  }
}