{
  "test1": {
    "mse": {
      "mean": 16810566.0,
      "std": 127091192.0,
      "variance": 1.6152170483154944e+16,
      "count": 1183248
    },
    "nmse": {
      "mean": 549.361572265625,
      "std": 8788.3037109375,
      "variance": 77234280.0,
      "count": 1183248
    },
    "mae": {
      "mean": 1678.0626220703125,
      "std": 3740.9453125,
      "variance": 13994672.0,
      "count": 1183248
    },
    "nmae": {
      "mean": 7.948877334594727,
      "std": 22.049419403076172,
      "variance": 486.1769104003906,
      "count": 1183248
    },
    "relative_mse": {
      "mean": 10.527810096740723,
      "std": 77.9600830078125,
      "variance": 6077.77392578125,
      "count": 1183248
    }
  },
  "test2": {
    "mse": {
      "mean": 1014941760.0,
      "std": 11658656768.0,
      "variance": 1.3592428384576183e+20,
      "count": 299376
    },
    "nmse": {
      "mean": 27.575153350830078,
      "std": 58.966278076171875,
      "variance": 3477.02197265625,
      "count": 299376
    },
    "mae": {
      "mean": 5580.55029296875,
      "std": 31365.576171875,
      "variance": 983799296.0,
      "count": 299376
    },
    "nmae": {
      "mean": 4.278408050537109,
      "std": 3.044729232788086,
      "variance": 9.270376205444336,
      "count": 299376
    },
    "relative_mse": {
      "mean": 2.2447123527526855,
      "std": 3.632338047027588,
      "variance": 13.193879127502441,
      "count": 299376
    }
  },
  "valid1": {
    "mse": {
      "mean": 14109363.0
    },
    "nmse": {
      "mean": 917.4090576171875
    },
    "mae": {
      "mean": 1549.307861328125
    },
    "nmae": {
      "mean": 8.3280611038208
    },
    "relative_mse": {
      "mean": 10.0053071975708
    }
  },
  "valid2": {
    "mse": {
      "mean": 385225984.0
    },
    "nmse": {
      "mean": 24.345401763916016
    },
    "mae": {
      "mean": 4303.00146484375
    },
    "nmae": {
      "mean": 4.121828556060791
    },
    "relative_mse": {
      "mean": 2.213366746902466
    }
  }
}