{
  "test1": {
    "mse": {
      "mean": 0.0008245035423897207,
      "std": 0.004789635539054871,
      "variance": 2.2940610506339e-05,
      "count": 1964928
    },
    "nmse": {
      "mean": 0.30571436882019043,
      "std": 2.851680040359497,
      "variance": 8.132080078125,
      "count": 1964928
    },
    "mae": {
      "mean": 0.01329802442342043,
      "std": 0.02544928528368473,
      "variance": 0.0006476661073975265,
      "count": 1964928
    },
    "nmae": {
      "mean": 0.2745664715766907,
      "std": 0.4799245595932007,
      "variance": 0.23032759130001068,
      "count": 1964928
    },
    "relative_mse": {
      "mean": 0.21909038722515106,
      "std": 3.2019598484039307,
      "variance": 10.252546310424805,
      "count": 1964928
    }
  },
  "test2": {
    "mse": {
      "mean": 0.0008346721879206598,
      "std": 0.004914263263344765,
      "variance": 2.4149983801180497e-05,
      "count": 491232
    },
    "nmse": {
      "mean": 0.30723968148231506,
      "std": 3.1448493003845215,
      "variance": 9.890076637268066,
      "count": 491232
    },
    "mae": {
      "mean": 0.013431662693619728,
      "std": 0.025578558444976807,
      "variance": 0.000654262606985867,
      "count": 491232
    },
    "nmae": {
      "mean": 0.2730495035648346,
      "std": 0.4823729693889618,
      "variance": 0.2326836735010147,
      "count": 491232
    },
    "relative_mse": {
      "mean": 0.2188902050256729,
      "std": 1.7216638326644897,
      "variance": 2.9641261100769043,
      "count": 491232
    }
  },
  "valid1": {
    "mse": {
      "mean": 0.0005988159100525081
    },
    "nmse": {
      "mean": 0.28897401690483093
    },
    "mae": {
      "mean": 0.010776209644973278
    },
    "nmae": {
      "mean": 0.2366734743118286
    },
    "relative_mse": {
      "mean": 0.18353863060474396
    }
  },
  "valid2": {
    "mse": {
      "mean": 0.0006144396029412746
    },
    "nmse": {
      "mean": 0.2423146367073059
    },
    "mae": {
      "mean": 0.010786663740873337
    },
    "nmae": {
      "mean": 0.22992712259292603
    },
    "relative_mse": {
      "mean": 0.1539309173822403
    }
  }
}