{
  "test1": {
    "mse": {
      "mean": 0.0008161856094375253,
      "std": 0.0047446624375879765,
      "variance": 2.2511820134241134e-05,
      "count": 1967784
    },
    "nmse": {
      "mean": 33909424.0,
      "std": 3486799104.0,
      "variance": 1.2157768460272665e+19,
      "count": 1967784
    },
    "mae": {
      "mean": 0.013080816715955734,
      "std": 0.025398382917046547,
      "variance": 0.0006450778455473483,
      "count": 1967784
    },
    "nmae": {
      "mean": 75.64323425292969,
      "std": 5822.6884765625,
      "variance": 33903700.0,
      "count": 1967784
    },
    "relative_mse": {
      "mean": 33909424.0,
      "std": 3486799104.0,
      "variance": 1.2157768460272665e+19,
      "count": 1967784
    }
  },
  "test2": {
    "mse": {
      "mean": 0.0008366642287001014,
      "std": 0.005128310061991215,
      "variance": 2.629956361488439e-05,
      "count": 494088
    },
    "nmse": {
      "mean": 0.2810989320278168,
      "std": 2.2108306884765625,
      "variance": 4.887772083282471,
      "count": 494088
    },
    "mae": {
      "mean": 0.013161041773855686,
      "std": 0.025757543742656708,
      "variance": 0.0006634510937146842,
      "count": 494088
    },
    "nmae": {
      "mean": 0.2666529417037964,
      "std": 0.4582522511482239,
      "variance": 0.2099951207637787,
      "count": 494088
    },
    "relative_mse": {
      "mean": 0.20894712209701538,
      "std": 1.4267288446426392,
      "variance": 2.035555124282837,
      "count": 494088
    }
  }
}