{
  "test1": {
    "mse": {
      "mean": 20.871349334716797,
      "std": 73.20830535888672,
      "variance": 5359.45654296875,
      "count": 1043784
    },
    "nmse": {
      "mean": 0.3350074589252472,
      "std": 0.9039810299873352,
      "variance": 0.8171817064285278,
      "count": 1043784
    },
    "mae": {
      "mean": 2.46799635887146,
      "std": 3.8445208072662354,
      "variance": 14.780341148376465,
      "count": 1043784
    },
    "nmae": {
      "mean": 0.3263965845108032,
      "std": 0.47798821330070496,
      "variance": 0.2284727245569229,
      "count": 1043784
    },
    "relative_mse": {
      "mean": 1.0292167663574219,
      "std": 3.1215662956237793,
      "variance": 9.744176864624023,
      "count": 1043784
    }
  },
  "test2": {
    "mse": {
      "mean": 23.38493537902832,
      "std": 79.36524963378906,
      "variance": 6298.8427734375,
      "count": 268128
    },
    "nmse": {
      "mean": 0.3463161587715149,
      "std": 0.9500657916069031,
      "variance": 0.9026250243186951,
      "count": 268128
    },
    "mae": {
      "mean": 2.6218106746673584,
      "std": 4.06337833404541,
      "variance": 16.511045455932617,
      "count": 268128
    },
    "nmae": {
      "mean": 0.3303174078464508,
      "std": 0.48703858256340027,
      "variance": 0.2372065782546997,
      "count": 268128
    },
    "relative_mse": {
      "mean": 1.0822484493255615,
      "std": 3.446561574935913,
      "variance": 11.878786087036133,
      "count": 268128
    }
  }
}