{
  "test1": {
    "mse": {
      "mean": 0.0009135097498074174,
      "std": 0.005117141176015139,
      "variance": 2.6185132810496725e-05,
      "count": 1488240
    },
    "nmse": {
      "mean": 0.35250693559646606,
      "std": 2.6057348251342773,
      "variance": 6.789854049682617,
      "count": 1488240
    },
    "mae": {
      "mean": 0.014272202737629414,
      "std": 0.0266423337161541,
      "variance": 0.0007098139612935483,
      "count": 1488240
    },
    "nmae": {
      "mean": 0.29803401231765747,
      "std": 0.513500452041626,
      "variance": 0.26368269324302673,
      "count": 1488240
    },
    "relative_mse": {
      "mean": 0.24810858070850372,
      "std": 2.12196683883667,
      "variance": 4.502742767333984,
      "count": 1488240
    }
  },
  "test2": {
    "mse": {
      "mean": 0.00083871406968683,
      "std": 0.004572483245283365,
      "variance": 2.0907602447550744e-05,
      "count": 373680
    },
    "nmse": {
      "mean": 0.38850662112236023,
      "std": 4.309792518615723,
      "variance": 18.574312210083008,
      "count": 373680
    },
    "mae": {
      "mean": 0.013721785508096218,
      "std": 0.025503462180495262,
      "variance": 0.0006504266057163477,
      "count": 373680
    },
    "nmae": {
      "mean": 0.30067917704582214,
      "std": 0.5459840893745422,
      "variance": 0.2980986535549164,
      "count": 373680
    },
    "relative_mse": {
      "mean": 0.26252591609954834,
      "std": 2.337329149246216,
      "variance": 5.463107585906982,
      "count": 373680
    }
  }
}