{
  "test1": {
    "mse": {
      "mean": 272206.875,
      "std": 9357846.0,
      "variance": 87569274503168.0,
      "count": 1254960
    },
    "nmse": {
      "mean": 0.5240012407302856,
      "std": 22.651762008666992,
      "variance": 513.102294921875,
      "count": 1254960
    },
    "mae": {
      "mean": 154.1715087890625,
      "std": 498.43560791015625,
      "variance": 248438.046875,
      "count": 1254960
    },
    "nmae": {
      "mean": 0.3435060679912567,
      "std": 0.6371850967407227,
      "variance": 0.4060048460960388,
      "count": 1254960
    },
    "relative_mse": {
      "mean": 0.059619124978780746,
      "std": 1.093033790588379,
      "variance": 1.1947228908538818,
      "count": 1254960
    }
  },
  "test2": {
    "mse": {
      "mean": 35709708.0,
      "std": 809242560.0,
      "variance": 6.5487345483042e+17,
      "count": 317520
    },
    "nmse": {
      "mean": 0.3292226195335388,
      "std": 3.4199609756469727,
      "variance": 11.696133613586426,
      "count": 317520
    },
    "mae": {
      "mean": 655.349365234375,
      "std": 5939.7158203125,
      "variance": 35280224.0,
      "count": 317520
    },
    "nmae": {
      "mean": 0.3524574339389801,
      "std": 0.45276522636413574,
      "variance": 0.20499634742736816,
      "count": 317520
    },
    "relative_mse": {
      "mean": 0.04645936191082001,
      "std": 0.520411491394043,
      "variance": 0.27082812786102295,
      "count": 317520
    }
  }
}