{
  "test1": {
    "mse": {
      "mean": 11.065999031066895,
      "std": 49.11327362060547,
      "variance": 2412.11376953125,
      "count": 1090872
    },
    "nmse": {
      "mean": 0.22198057174682617,
      "std": 1.18174147605896,
      "variance": 1.3965129852294922,
      "count": 1090872
    },
    "mae": {
      "mean": 1.7814420461654663,
      "std": 2.8093528747558594,
      "variance": 7.892463684082031,
      "count": 1090872
    },
    "nmae": {
      "mean": 0.24604135751724243,
      "std": 0.4018012285232544,
      "variance": 0.16144423186779022,
      "count": 1090872
    },
    "relative_mse": {
      "mean": 0.8117563724517822,
      "std": 4.8552985191345215,
      "variance": 23.573923110961914,
      "count": 1090872
    }
  },
  "test2": {
    "mse": {
      "mean": 12.084016799926758,
      "std": 54.12421417236328,
      "variance": 2929.430419921875,
      "count": 280224
    },
    "nmse": {
      "mean": 0.2322561889886856,
      "std": 1.3693209886550903,
      "variance": 1.8750399351119995,
      "count": 280224
    },
    "mae": {
      "mean": 1.8588316440582275,
      "std": 2.9374752044677734,
      "variance": 8.628761291503906,
      "count": 280224
    },
    "nmae": {
      "mean": 0.24685107171535492,
      "std": 0.41390910744667053,
      "variance": 0.17132073640823364,
      "count": 280224
    },
    "relative_mse": {
      "mean": 0.844649076461792,
      "std": 5.4244818687438965,
      "variance": 29.42500114440918,
      "count": 280224
    }
  }
}