{
  "test1": {
    "mse": {
      "mean": 4039225.75,
      "std": 129004320.0,
      "variance": 1.6642114582478848e+16,
      "count": 1183248
    },
    "nmse": {
      "mean": 0.2804837226867676,
      "std": 6.513146877288818,
      "variance": 42.421085357666016,
      "count": 1183248
    },
    "mae": {
      "mean": 263.74871826171875,
      "std": 1992.4012451171875,
      "variance": 3969662.5,
      "count": 1183248
    },
    "nmae": {
      "mean": 0.33730077743530273,
      "std": 0.4083036780357361,
      "variance": 0.16671189665794373,
      "count": 1183248
    },
    "relative_mse": {
      "mean": 0.0616801418364048,
      "std": 0.6313685774803162,
      "variance": 0.39862629771232605,
      "count": 1183248
    }
  },
  "test2": {
    "mse": {
      "mean": 64166.21484375,
      "std": 774640.125,
      "variance": 600067276800.0,
      "count": 299376
    },
    "nmse": {
      "mean": 0.2899942696094513,
      "std": 1.5858515501022339,
      "variance": 2.514925241470337,
      "count": 299376
    },
    "mae": {
      "mean": 99.4352798461914,
      "std": 232.9781951904297,
      "variance": 54278.84375,
      "count": 299376
    },
    "nmae": {
      "mean": 0.3444194793701172,
      "std": 0.413968026638031,
      "variance": 0.1713695377111435,
      "count": 299376
    },
    "relative_mse": {
      "mean": 0.04982220008969307,
      "std": 0.3798386752605438,
      "variance": 0.144277423620224,
      "count": 299376
    }
  }
}