{
  "test1": {
    "mse": {
      "mean": 20048984.0,
      "std": 582843968.0,
      "variance": 3.397071053824983e+17,
      "count": 1129464
    },
    "nmse": {
      "mean": 819.1766967773438,
      "std": 20221.0078125,
      "variance": 408889184.0,
      "count": 1129464
    },
    "mae": {
      "mean": 640.830078125,
      "std": 4431.51416015625,
      "variance": 19638320.0,
      "count": 1129464
    },
    "nmae": {
      "mean": 5.275564193725586,
      "std": 28.130857467651367,
      "variance": 791.3450927734375,
      "count": 1129464
    },
    "relative_mse": {
      "mean": 16.227619171142578,
      "std": 220.51690673828125,
      "variance": 48627.70703125,
      "count": 1129464
    }
  },
  "test2": {
    "mse": {
      "mean": 273120.15625,
      "std": 1181238.875,
      "variance": 1395325272064.0,
      "count": 285768
    },
    "nmse": {
      "mean": 32.533119201660156,
      "std": 261.1924743652344,
      "variance": 68221.5,
      "count": 285768
    },
    "mae": {
      "mean": 351.02557373046875,
      "std": 387.1707763671875,
      "variance": 149901.203125,
      "count": 285768
    },
    "nmae": {
      "mean": 2.810471773147583,
      "std": 4.963302135467529,
      "variance": 24.634368896484375,
      "count": 285768
    },
    "relative_mse": {
      "mean": 2.974733829498291,
      "std": 13.16076374053955,
      "variance": 173.2056884765625,
      "count": 285768
    }
  }
}