{
  "test1": {
    "mse": {
      "mean": 20.136756896972656,
      "std": 71.09966278076172,
      "variance": 5055.16162109375,
      "count": 1043784
    },
    "nmse": {
      "mean": 0.3211486339569092,
      "std": 0.8394575119018555,
      "variance": 0.7046889066696167,
      "count": 1043784
    },
    "mae": {
      "mean": 2.383849859237671,
      "std": 3.8018436431884766,
      "variance": 14.454015731811523,
      "count": 1043784
    },
    "nmae": {
      "mean": 0.3152971565723419,
      "std": 0.4708889126777649,
      "variance": 0.2217363715171814,
      "count": 1043784
    },
    "relative_mse": {
      "mean": 0.9964615702629089,
      "std": 2.9729037284851074,
      "variance": 8.838156700134277,
      "count": 1043784
    }
  },
  "test2": {
    "mse": {
      "mean": 22.23263931274414,
      "std": 75.23985290527344,
      "variance": 5661.03564453125,
      "count": 268128
    },
    "nmse": {
      "mean": 0.33276304602622986,
      "std": 0.8864553570747375,
      "variance": 0.7858030796051025,
      "count": 268128
    },
    "mae": {
      "mean": 2.5180532932281494,
      "std": 3.986483097076416,
      "variance": 15.892046928405762,
      "count": 268128
    },
    "nmae": {
      "mean": 0.31949758529663086,
      "std": 0.4802961051464081,
      "variance": 0.23068435490131378,
      "count": 268128
    },
    "relative_mse": {
      "mean": 1.0484358072280884,
      "std": 3.2616512775421143,
      "variance": 10.638368606567383,
      "count": 268128
    }
  }
}