{
  "test1": {
    "mse": {
      "mean": 0.0007784918416291475,
      "std": 0.004538618493825197,
      "variance": 2.0599056369974278e-05,
      "count": 2067000
    },
    "nmse": {
      "mean": 0.26863986253738403,
      "std": 2.628912925720215,
      "variance": 6.911182880401611,
      "count": 2067000
    },
    "mae": {
      "mean": 0.01321799773722887,
      "std": 0.0245718602091074,
      "variance": 0.0006037763087078929,
      "count": 2067000
    },
    "nmae": {
      "mean": 0.2636233866214752,
      "std": 0.4462539255619049,
      "variance": 0.19914256036281586,
      "count": 2067000
    },
    "relative_mse": {
      "mean": 0.2020293027162552,
      "std": 2.838710069656372,
      "variance": 8.058274269104004,
      "count": 2067000
    }
  },
  "test2": {
    "mse": {
      "mean": 0.0006779658142477274,
      "std": 0.003795458236709237,
      "variance": 1.4405502952286042e-05,
      "count": 519000
    },
    "nmse": {
      "mean": 0.2772851586341858,
      "std": 3.040421485900879,
      "variance": 9.244162559509277,
      "count": 519000
    },
    "mae": {
      "mean": 0.012417656369507313,
      "std": 0.022885970771312714,
      "variance": 0.0005237676668912172,
      "count": 519000
    },
    "nmae": {
      "mean": 0.26528364419937134,
      "std": 0.45487332344055176,
      "variance": 0.20690974593162537,
      "count": 519000
    },
    "relative_mse": {
      "mean": 0.18874314427375793,
      "std": 1.5810496807098389,
      "variance": 2.499718189239502,
      "count": 519000
    }
  }
}