{
  "test1": {
    "mse": {
      "mean": 0.0007304093451239169,
      "std": 0.004411013331264257,
      "variance": 1.945703843375668e-05,
      "count": 2064000
    },
    "nmse": {
      "mean": 0.2622893154621124,
      "std": 2.660374164581299,
      "variance": 7.077590465545654,
      "count": 2064000
    },
    "mae": {
      "mean": 0.012370338663458824,
      "std": 0.024028819054365158,
      "variance": 0.000577384140342474,
      "count": 2064000
    },
    "nmae": {
      "mean": 0.2509553134441376,
      "std": 0.44644230604171753,
      "variance": 0.19931073486804962,
      "count": 2064000
    },
    "relative_mse": {
      "mean": 0.19304530322551727,
      "std": 1.72920560836792,
      "variance": 2.990151882171631,
      "count": 2064000
    }
  },
  "test2": {
    "mse": {
      "mean": 0.0007468722760677338,
      "std": 0.004269259981811047,
      "variance": 1.8226579413749278e-05,
      "count": 516000
    },
    "nmse": {
      "mean": 0.26244744658470154,
      "std": 3.0254111289978027,
      "variance": 9.153112411499023,
      "count": 516000
    },
    "mae": {
      "mean": 0.012883979827165604,
      "std": 0.02410135790705681,
      "variance": 0.0005808754358440638,
      "count": 516000
    },
    "nmae": {
      "mean": 0.25517189502716064,
      "std": 0.4442237615585327,
      "variance": 0.19733473658561707,
      "count": 516000
    },
    "relative_mse": {
      "mean": 0.19092191755771637,
      "std": 4.891223430633545,
      "variance": 23.924068450927734,
      "count": 516000
    }
  },
  "valid1": {
    "mse": {
      "mean": 0.0005357497138902545
    },
    "nmse": {
      "mean": 0.22028405964374542
    },
    "mae": {
      "mean": 0.00991727039217949
    },
    "nmae": {
      "mean": 0.2140287607908249
    },
    "relative_mse": {
      "mean": 0.14465464651584625
    }
  },
  "valid2": {
    "mse": {
      "mean": 0.0005592700326815248
    },
    "nmse": {
      "mean": 0.2371026575565338
    },
    "mae": {
      "mean": 0.010475712828338146
    },
    "nmae": {
      "mean": 0.219100683927536
    },
    "relative_mse": {
      "mean": 0.18888841569423676
    }
  }
}