{
  "test1": {
    "mse": {
      "mean": 184899.765625,
      "std": 9604405.0,
      "variance": 92244598063104.0,
      "count": 1183248
    },
    "nmse": {
      "mean": 0.1658935248851776,
      "std": 6.520537376403809,
      "variance": 42.51740646362305,
      "count": 1183248
    },
    "mae": {
      "mean": 116.4046859741211,
      "std": 413.944091796875,
      "variance": 171349.71875,
      "count": 1183248
    },
    "nmae": {
      "mean": 0.24656955897808075,
      "std": 0.32418665289878845,
      "variance": 0.1050969809293747,
      "count": 1183248
    },
    "relative_mse": {
      "mean": 0.03203656151890755,
      "std": 0.4812770187854767,
      "variance": 0.23162756860256195,
      "count": 1183248
    }
  },
  "test2": {
    "mse": {
      "mean": 13181368.0,
      "std": 246130688.0,
      "variance": 6.058031614158438e+16,
      "count": 299376
    },
    "nmse": {
      "mean": 0.16109299659729004,
      "std": 1.5430200099945068,
      "variance": 2.380910873413086,
      "count": 299376
    },
    "mae": {
      "mean": 450.269775390625,
      "std": 3602.5859375,
      "variance": 12978626.0,
      "count": 299376
    },
    "nmae": {
      "mean": 0.25645554065704346,
      "std": 0.3087451159954071,
      "variance": 0.09532354027032852,
      "count": 299376
    },
    "relative_mse": {
      "mean": 0.024804305285215378,
      "std": 0.2637869119644165,
      "variance": 0.06958353519439697,
      "count": 299376
    }
  }
}