{
  "test1": {
    "mse": {
      "mean": 0.0007370203384198248,
      "std": 0.00448054913431406,
      "variance": 2.0075318388990127e-05,
      "count": 2064000
    },
    "nmse": {
      "mean": 0.27352374792099,
      "std": 2.8803393840789795,
      "variance": 8.296354293823242,
      "count": 2064000
    },
    "mae": {
      "mean": 0.01259797066450119,
      "std": 0.024048106744885445,
      "variance": 0.0005783114465884864,
      "count": 2064000
    },
    "nmae": {
      "mean": 0.26426059007644653,
      "std": 0.4513203799724579,
      "variance": 0.20369009673595428,
      "count": 2064000
    },
    "relative_mse": {
      "mean": 0.2030457854270935,
      "std": 2.8884735107421875,
      "variance": 8.343278884887695,
      "count": 2064000
    }
  },
  "test2": {
    "mse": {
      "mean": 0.0007843467174097896,
      "std": 0.004153136163949966,
      "variance": 1.7248537915293127e-05,
      "count": 516000
    },
    "nmse": {
      "mean": 0.26174306869506836,
      "std": 1.9546641111373901,
      "variance": 3.820711612701416,
      "count": 516000
    },
    "mae": {
      "mean": 0.01372266560792923,
      "std": 0.024413831532001495,
      "variance": 0.000596035155467689,
      "count": 516000
    },
    "nmae": {
      "mean": 0.26901429891586304,
      "std": 0.43517163395881653,
      "variance": 0.18937435746192932,
      "count": 516000
    },
    "relative_mse": {
      "mean": 0.17729505896568298,
      "std": 1.1585110425949097,
      "variance": 1.342147946357727,
      "count": 516000
    }
  },
  "valid1": {
    "mse": {
      "mean": 0.0005357781774364412
    },
    "nmse": {
      "mean": 0.23037302494049072
    },
    "mae": {
      "mean": 0.010121037252247334
    },
    "nmae": {
      "mean": 0.2261475920677185
    },
    "relative_mse": {
      "mean": 0.1616920530796051
    }
  },
  "valid2": {
    "mse": {
      "mean": 0.000603332300670445
    },
    "nmse": {
      "mean": 0.22990159690380096
    },
    "mae": {
      "mean": 0.011365015059709549
    },
    "nmae": {
      "mean": 0.23626862466335297
    },
    "relative_mse": {
      "mean": 0.13764943182468414
    }
  }
}