{
  "test1": {
    "mse": {
      "mean": 0.0007572618778795004,
      "std": 0.004519980866461992,
      "variance": 2.0430228687473573e-05,
      "count": 2067000
    },
    "nmse": {
      "mean": 226075552.0,
      "std": 15360329728.0,
      "variance": 2.359397141970105e+20,
      "count": 2067000
    },
    "mae": {
      "mean": 0.01286930963397026,
      "std": 0.024323705583810806,
      "variance": 0.000591642688959837,
      "count": 2067000
    },
    "nmae": {
      "mean": 254.7468719482422,
      "std": 15033.6513671875,
      "variance": 226010672.0,
      "count": 2067000
    },
    "relative_mse": {
      "mean": 226075552.0,
      "std": 15360329728.0,
      "variance": 2.359397141970105e+20,
      "count": 2067000
    }
  },
  "test2": {
    "mse": {
      "mean": 0.0006965402862988412,
      "std": 0.003978694789111614,
      "variance": 1.5830011761863716e-05,
      "count": 519000
    },
    "nmse": {
      "mean": 0.24948030710220337,
      "std": 1.860650897026062,
      "variance": 3.462021827697754,
      "count": 519000
    },
    "mae": {
      "mean": 0.012629588134586811,
      "std": 0.023173987865447998,
      "variance": 0.0005370337166823447,
      "count": 519000
    },
    "nmae": {
      "mean": 0.2600018382072449,
      "std": 0.42647314071655273,
      "variance": 0.18187934160232544,
      "count": 519000
    },
    "relative_mse": {
      "mean": 0.17760471999645233,
      "std": 1.209707498550415,
      "variance": 1.4633922576904297,
      "count": 519000
    }
  }
}