{
  "test1": {
    "mse": {
      "mean": 0.0009145840886048973,
      "std": 0.005149287637323141,
      "variance": 2.6515164790907875e-05,
      "count": 1488240
    },
    "nmse": {
      "mean": 0.3797471225261688,
      "std": 3.2126803398132324,
      "variance": 10.321314811706543,
      "count": 1488240
    },
    "mae": {
      "mean": 0.014378923922777176,
      "std": 0.026605086401104927,
      "variance": 0.0007078306516632438,
      "count": 1488240
    },
    "nmae": {
      "mean": 0.3120775520801544,
      "std": 0.5313705801963806,
      "variance": 0.2823547124862671,
      "count": 1488240
    },
    "relative_mse": {
      "mean": 0.2639869153499603,
      "std": 2.296433925628662,
      "variance": 5.273609161376953,
      "count": 1488240
    }
  },
  "test2": {
    "mse": {
      "mean": 0.000870034855324775,
      "std": 0.0045972540974617004,
      "variance": 2.113474693032913e-05,
      "count": 373680
    },
    "nmse": {
      "mean": 0.33213767409324646,
      "std": 1.9112069606781006,
      "variance": 3.652712106704712,
      "count": 373680
    },
    "mae": {
      "mean": 0.014460251666605473,
      "std": 0.025708673521876335,
      "variance": 0.0006609358824789524,
      "count": 373680
    },
    "nmae": {
      "mean": 0.30768948793411255,
      "std": 0.4873036742210388,
      "variance": 0.23746487498283386,
      "count": 373680
    },
    "relative_mse": {
      "mean": 0.2239598035812378,
      "std": 1.3442052602767944,
      "variance": 1.8068877458572388,
      "count": 373680
    }
  }
}