{
  "test1": {
    "mse": {
      "mean": 346019968.0,
      "std": 7230390272.0,
      "variance": 5.227854533656314e+19,
      "count": 1183248
    },
    "nmse": {
      "mean": 89.08243560791016,
      "std": 1112.3548583984375,
      "variance": 1237333.25,
      "count": 1183248
    },
    "mae": {
      "mean": 3022.94970703125,
      "std": 18354.337890625,
      "variance": 336881728.0,
      "count": 1183248
    },
    "nmae": {
      "mean": 4.940203666687012,
      "std": 8.042190551757812,
      "variance": 64.67683410644531,
      "count": 1183248
    },
    "relative_mse": {
      "mean": 1.9291542768478394,
      "std": 5.4373674392700195,
      "variance": 29.56496238708496,
      "count": 1183248
    }
  },
  "test2": {
    "mse": {
      "mean": 6343367.0,
      "std": 23427162.0,
      "variance": 548831959711744.0,
      "count": 299376
    },
    "nmse": {
      "mean": 19.441225051879883,
      "std": 36.383033752441406,
      "variance": 1323.72509765625,
      "count": 299376
    },
    "mae": {
      "mean": 1314.8038330078125,
      "std": 2148.17529296875,
      "variance": 4614657.5,
      "count": 299376
    },
    "nmae": {
      "mean": 3.830678701400757,
      "std": 2.1833748817443848,
      "variance": 4.767126083374023,
      "count": 299376
    },
    "relative_mse": {
      "mean": 1.5514776706695557,
      "std": 2.047128438949585,
      "variance": 4.19073486328125,
      "count": 299376
    }
  }
}