{
  "test1": {
    "mse": {
      "mean": 219244.484375,
      "std": 9329910.0,
      "variance": 87047217872896.0,
      "count": 1254960
    },
    "nmse": {
      "mean": 0.5200362801551819,
      "std": 22.53833770751953,
      "variance": 507.97662353515625,
      "count": 1254960
    },
    "mae": {
      "mean": 127.69681549072266,
      "std": 450.4864196777344,
      "variance": 202938.0,
      "count": 1254960
    },
    "nmae": {
      "mean": 0.33404549956321716,
      "std": 0.6391008496284485,
      "variance": 0.4084499180316925,
      "count": 1254960
    },
    "relative_mse": {
      "mean": 0.05276285484433174,
      "std": 0.9130966663360596,
      "variance": 0.833745539188385,
      "count": 1254960
    }
  },
  "test2": {
    "mse": {
      "mean": 36974344.0,
      "std": 828511872.0,
      "variance": 6.864319811682304e+17,
      "count": 317520
    },
    "nmse": {
      "mean": 0.24466831982135773,
      "std": 4.6422624588012695,
      "variance": 21.550601959228516,
      "count": 317520
    },
    "mae": {
      "mean": 719.7195434570312,
      "std": 6037.9091796875,
      "variance": 36456348.0,
      "count": 317520
    },
    "nmae": {
      "mean": 0.30417025089263916,
      "std": 0.390062540769577,
      "variance": 0.1521487832069397,
      "count": 317520
    },
    "relative_mse": {
      "mean": 0.04918153956532478,
      "std": 1.176452875137329,
      "variance": 1.384041428565979,
      "count": 317520
    }
  }
}