{
  "test1": {
    "mse": {
      "mean": 0.14577044546604156,
      "std": 0.32705456018447876,
      "variance": 0.10696467757225037,
      "count": 1967784
    },
    "nmse": {
      "mean": 42.409908294677734,
      "std": 86.64215850830078,
      "variance": 7506.86376953125,
      "count": 1967784
    },
    "mae": {
      "mean": 0.25457555055618286,
      "std": 0.28453776240348816,
      "variance": 0.08096174150705338,
      "count": 1967784
    },
    "nmae": {
      "mean": 4.835278034210205,
      "std": 4.362338066101074,
      "variance": 19.02999496459961,
      "count": 1967784
    },
    "relative_mse": {
      "mean": 65.48461151123047,
      "std": 3441.114501953125,
      "variance": 11841268.0,
      "count": 1967784
    }
  },
  "test2": {
    "mse": {
      "mean": 0.1377989798784256,
      "std": 0.30862876772880554,
      "variance": 0.09525170922279358,
      "count": 494088
    },
    "nmse": {
      "mean": 44.327552795410156,
      "std": 80.14495849609375,
      "variance": 6423.21484375,
      "count": 494088
    },
    "mae": {
      "mean": 0.24833674728870392,
      "std": 0.27591273188591003,
      "variance": 0.07612783461809158,
      "count": 494088
    },
    "nmae": {
      "mean": 4.956087112426758,
      "std": 4.445756435394287,
      "variance": 19.764751434326172,
      "count": 494088
    },
    "relative_mse": {
      "mean": 41.62287521362305,
      "std": 125.14557647705078,
      "variance": 15661.4140625,
      "count": 494088
    }
  }
}