{
  "test1": {
    "mse": {
      "mean": 0.0008029851014725864,
      "std": 0.004877621307969093,
      "variance": 2.3791191779309884e-05,
      "count": 1964928
    },
    "nmse": {
      "mean": 0.3031889796257019,
      "std": 3.03777813911438,
      "variance": 9.228095054626465,
      "count": 1964928
    },
    "mae": {
      "mean": 0.012688867747783661,
      "std": 0.025337278842926025,
      "variance": 0.0006419777637347579,
      "count": 1964928
    },
    "nmae": {
      "mean": 0.26427391171455383,
      "std": 0.4830613434314728,
      "variance": 0.23334825038909912,
      "count": 1964928
    },
    "relative_mse": {
      "mean": 0.2214098423719406,
      "std": 3.206085205078125,
      "variance": 10.278982162475586,
      "count": 1964928
    }
  },
  "test2": {
    "mse": {
      "mean": 0.0008642956963740289,
      "std": 0.004597879014909267,
      "variance": 2.1140489479876123e-05,
      "count": 491232
    },
    "nmse": {
      "mean": 0.29107746481895447,
      "std": 2.2023439407348633,
      "variance": 4.850318908691406,
      "count": 491232
    },
    "mae": {
      "mean": 0.013962938450276852,
      "std": 0.025871451944112778,
      "variance": 0.0006693320465274155,
      "count": 491232
    },
    "nmae": {
      "mean": 0.272085577249527,
      "std": 0.46588295698165894,
      "variance": 0.21704691648483276,
      "count": 491232
    },
    "relative_mse": {
      "mean": 0.19364622235298157,
      "std": 1.2644236087799072,
      "variance": 1.5987671613693237,
      "count": 491232
    }
  },
  "valid1": {
    "mse": {
      "mean": 0.0005810100701637566
    },
    "nmse": {
      "mean": 0.2810722291469574
    },
    "mae": {
      "mean": 0.010226046666502953
    },
    "nmae": {
      "mean": 0.2256404608488083
    },
    "relative_mse": {
      "mean": 0.18167522549629211
    }
  },
  "valid2": {
    "mse": {
      "mean": 0.000645199092105031
    },
    "nmse": {
      "mean": 0.25238287448883057
    },
    "mae": {
      "mean": 0.01146007515490055
    },
    "nmae": {
      "mean": 0.23605450987815857
    },
    "relative_mse": {
      "mean": 0.14902599155902863
    }
  }
}