{
  "test1": {
    "mse": {
      "mean": 0.0008210129453800619,
      "std": 0.004925357643514872,
      "variance": 2.4259146812255494e-05,
      "count": 1967784
    },
    "nmse": {
      "mean": 0.3057379424571991,
      "std": 3.0412769317626953,
      "variance": 9.249364852905273,
      "count": 1967784
    },
    "mae": {
      "mean": 0.012880412861704826,
      "std": 0.025595076382160187,
      "variance": 0.0006551078986376524,
      "count": 1967784
    },
    "nmae": {
      "mean": 0.26519179344177246,
      "std": 0.4851919710636139,
      "variance": 0.23541124165058136,
      "count": 1967784
    },
    "relative_mse": {
      "mean": 0.22136303782463074,
      "std": 3.2094085216522217,
      "variance": 10.30030345916748,
      "count": 1967784
    }
  },
  "test2": {
    "mse": {
      "mean": 0.0007656034431420267,
      "std": 0.004359557293355465,
      "variance": 1.9005739886779338e-05,
      "count": 494088
    },
    "nmse": {
      "mean": 0.2758003771305084,
      "std": 2.156043291091919,
      "variance": 4.648522853851318,
      "count": 494088
    },
    "mae": {
      "mean": 0.012759714387357235,
      "std": 0.024551844224333763,
      "variance": 0.0006027931231074035,
      "count": 494088
    },
    "nmae": {
      "mean": 0.260274201631546,
      "std": 0.4561334550380707,
      "variance": 0.2080577313899994,
      "count": 494088
    },
    "relative_mse": {
      "mean": 0.1918974369764328,
      "std": 1.3406503200531006,
      "variance": 1.797343373298645,
      "count": 494088
    }
  }
}