{
  "test1": {
    "mse": {
      "mean": 0.0008204972255043685,
      "std": 0.004942324012517929,
      "variance": 2.442656841594726e-05,
      "count": 1967784
    },
    "nmse": {
      "mean": 0.3040197789669037,
      "std": 3.0311713218688965,
      "variance": 9.18799877166748,
      "count": 1967784
    },
    "mae": {
      "mean": 0.012814799323678017,
      "std": 0.025617925450205803,
      "variance": 0.0006562781054526567,
      "count": 1967784
    },
    "nmae": {
      "mean": 0.26313599944114685,
      "std": 0.484540194272995,
      "variance": 0.23477919399738312,
      "count": 1967784
    },
    "relative_mse": {
      "mean": 0.22036664187908173,
      "std": 3.2110235691070557,
      "variance": 10.310672760009766,
      "count": 1967784
    }
  },
  "test2": {
    "mse": {
      "mean": 0.0007639024988748133,
      "std": 0.00436587305739522,
      "variance": 1.906084617075976e-05,
      "count": 494088
    },
    "nmse": {
      "mean": 0.2742336392402649,
      "std": 2.149458169937134,
      "variance": 4.620170593261719,
      "count": 494088
    },
    "mae": {
      "mean": 0.012681796215474606,
      "std": 0.024557575583457947,
      "variance": 0.0006030744989402592,
      "count": 494088
    },
    "nmae": {
      "mean": 0.25828397274017334,
      "std": 0.45554694533348083,
      "variance": 0.20752301812171936,
      "count": 494088
    },
    "relative_mse": {
      "mean": 0.190998837351799,
      "std": 1.3371115922927856,
      "variance": 1.787867546081543,
      "count": 494088
    }
  }
}