{
  "test1": {
    "mse": {
      "mean": 0.0008004349074326456,
      "std": 0.004895100370049477,
      "variance": 2.3962007617228664e-05,
      "count": 1964928
    },
    "nmse": {
      "mean": 0.3008204400539398,
      "std": 3.027390480041504,
      "variance": 9.165092468261719,
      "count": 1964928
    },
    "mae": {
      "mean": 0.012584573589265347,
      "std": 0.025338970124721527,
      "variance": 0.0006420634454116225,
      "count": 1964928
    },
    "nmae": {
      "mean": 0.26116567850112915,
      "std": 0.4822996258735657,
      "variance": 0.23261293768882751,
      "count": 1964928
    },
    "relative_mse": {
      "mean": 0.21996375918388367,
      "std": 3.2017617225646973,
      "variance": 10.2512788772583,
      "count": 1964928
    }
  },
  "test2": {
    "mse": {
      "mean": 0.0008616541163064539,
      "std": 0.004608018323779106,
      "variance": 2.1233834559097886e-05,
      "count": 491232
    },
    "nmse": {
      "mean": 0.28921017050743103,
      "std": 2.200211763381958,
      "variance": 4.8409318923950195,
      "count": 491232
    },
    "mae": {
      "mean": 0.013861924409866333,
      "std": 0.025874720886349678,
      "variance": 0.0006695011397823691,
      "count": 491232
    },
    "nmae": {
      "mean": 0.2693251669406891,
      "std": 0.4654827117919922,
      "variance": 0.21667414903640747,
      "count": 491232
    },
    "relative_mse": {
      "mean": 0.19258485734462738,
      "std": 1.2620729207992554,
      "variance": 1.5928281545639038,
      "count": 491232
    }
  }
}