{
  "test1": {
    "mse": {
      "mean": 4064513.0,
      "std": 129492776.0,
      "variance": 1.6768380178530304e+16,
      "count": 1183248
    },
    "nmse": {
      "mean": 0.2834113836288452,
      "std": 6.513176918029785,
      "variance": 42.42147445678711,
      "count": 1183248
    },
    "mae": {
      "mean": 264.93133544921875,
      "std": 1998.58056640625,
      "variance": 3994324.25,
      "count": 1183248
    },
    "nmae": {
      "mean": 0.3391602039337158,
      "std": 0.4103434383869171,
      "variance": 0.1683817356824875,
      "count": 1183248
    },
    "relative_mse": {
      "mean": 0.06235220655798912,
      "std": 0.6356304287910461,
      "variance": 0.4040260314941406,
      "count": 1183248
    }
  },
  "test2": {
    "mse": {
      "mean": 64617.1328125,
      "std": 778928.625,
      "variance": 606729797632.0,
      "count": 299376
    },
    "nmse": {
      "mean": 0.2929868698120117,
      "std": 1.589336633682251,
      "variance": 2.5259907245635986,
      "count": 299376
    },
    "mae": {
      "mean": 99.91050720214844,
      "std": 233.74136352539062,
      "variance": 54635.0234375,
      "count": 299376
    },
    "nmae": {
      "mean": 0.34634894132614136,
      "std": 0.4159678816795349,
      "variance": 0.17302927374839783,
      "count": 299376
    },
    "relative_mse": {
      "mean": 0.050343241542577744,
      "std": 0.38159409165382385,
      "variance": 0.14561404287815094,
      "count": 299376
    }
  }
}