{
  "test1": {
    "mse": {
      "mean": 0.0014971955679357052,
      "std": 0.005976747255772352,
      "variance": 3.5721506719710305e-05,
      "count": 1733760
    },
    "nmse": {
      "mean": 0.6922865509986877,
      "std": 3.992295265197754,
      "variance": 15.938421249389648,
      "count": 1733760
    },
    "mae": {
      "mean": 0.023025354370474815,
      "std": 0.031097084283828735,
      "variance": 0.0009670286672189832,
      "count": 1733760
    },
    "nmae": {
      "mean": 0.5134968757629395,
      "std": 0.6546812653541565,
      "variance": 0.4286075830459595,
      "count": 1733760
    },
    "relative_mse": {
      "mean": 0.4248465895652771,
      "std": 3.8987231254577637,
      "variance": 15.200041770935059,
      "count": 1733760
    }
  },
  "test2": {
    "mse": {
      "mean": 0.0013998603681102395,
      "std": 0.005597879644483328,
      "variance": 3.13362579618115e-05,
      "count": 433440
    },
    "nmse": {
      "mean": 0.6167896389961243,
      "std": 4.044592380523682,
      "variance": 16.358728408813477,
      "count": 433440
    },
    "mae": {
      "mean": 0.022429954260587692,
      "std": 0.02994590625166893,
      "variance": 0.0008967573521658778,
      "count": 433440
    },
    "nmae": {
      "mean": 0.48685210943222046,
      "std": 0.6162505149841309,
      "variance": 0.37976470589637756,
      "count": 433440
    },
    "relative_mse": {
      "mean": 0.3793712854385376,
      "std": 2.2454850673675537,
      "variance": 5.042202472686768,
      "count": 433440
    }
  }
}