{
  "test1": {
    "mse": {
      "mean": 0.0014170568902045488,
      "std": 0.005704429000616074,
      "variance": 3.254050898249261e-05,
      "count": 1736280
    },
    "nmse": {
      "mean": 0.710116446018219,
      "std": 4.320642471313477,
      "variance": 18.667951583862305,
      "count": 1736280
    },
    "mae": {
      "mean": 0.022595465183258057,
      "std": 0.030108168721199036,
      "variance": 0.0009065017802640796,
      "count": 1736280
    },
    "nmae": {
      "mean": 0.5145264863967896,
      "std": 0.667367160320282,
      "variance": 0.44537895917892456,
      "count": 1736280
    },
    "relative_mse": {
      "mean": 0.42967119812965393,
      "std": 4.03199577331543,
      "variance": 16.256990432739258,
      "count": 1736280
    }
  },
  "test2": {
    "mse": {
      "mean": 0.0015216610627248883,
      "std": 0.006297622807323933,
      "variance": 3.966005169786513e-05,
      "count": 435960
    },
    "nmse": {
      "mean": 0.5795413851737976,
      "std": 2.822786569595337,
      "variance": 7.9681243896484375,
      "count": 435960
    },
    "mae": {
      "mean": 0.022696441039443016,
      "std": 0.03172589838504791,
      "variance": 0.001006532576866448,
      "count": 435960
    },
    "nmae": {
      "mean": 0.4831726849079132,
      "std": 0.5882903337478638,
      "variance": 0.3460855484008789,
      "count": 435960
    },
    "relative_mse": {
      "mean": 0.38606107234954834,
      "std": 1.831771969795227,
      "variance": 3.3553884029388428,
      "count": 435960
    }
  }
}