{
  "test1": {
    "mse": {
      "mean": 0.0008154753013513982,
      "std": 0.004774304572492838,
      "variance": 2.2793985408497974e-05,
      "count": 1967784
    },
    "nmse": {
      "mean": 0.29832613468170166,
      "std": 2.6030757427215576,
      "variance": 6.776003360748291,
      "count": 1967784
    },
    "mae": {
      "mean": 0.013040774501860142,
      "std": 0.02540498971939087,
      "variance": 0.0006454135291278362,
      "count": 1967784
    },
    "nmae": {
      "mean": 0.26921388506889343,
      "std": 0.47523683309555054,
      "variance": 0.22585004568099976,
      "count": 1967784
    },
    "relative_mse": {
      "mean": 0.2162286341190338,
      "std": 3.1043550968170166,
      "variance": 9.6370210647583,
      "count": 1967784
    }
  },
  "test2": {
    "mse": {
      "mean": 0.0008322225185111165,
      "std": 0.004989306908100843,
      "variance": 2.4893181034713052e-05,
      "count": 494088
    },
    "nmse": {
      "mean": 173827280.0,
      "std": 8536762880.0,
      "variance": 7.2876325580342034e+19,
      "count": 494088
    },
    "mae": {
      "mean": 0.013141835108399391,
      "std": 0.025681016966700554,
      "variance": 0.0006595146260224283,
      "count": 494088
    },
    "nmae": {
      "mean": 346.30389404296875,
      "std": 13179.80859375,
      "variance": 173707360.0,
      "count": 494088
    },
    "relative_mse": {
      "mean": 173827280.0,
      "std": 8536762880.0,
      "variance": 7.2876325580342034e+19,
      "count": 494088
    }
  }
}