{
  "test1": {
    "mse": {
      "mean": 0.0007551874732598662,
      "std": 0.004517215769737959,
      "variance": 2.040523941104766e-05,
      "count": 2067000
    },
    "nmse": {
      "mean": 0.26289597153663635,
      "std": 2.650177001953125,
      "variance": 7.023437976837158,
      "count": 2067000
    },
    "mae": {
      "mean": 0.012735728174448013,
      "std": 0.02435136027634144,
      "variance": 0.0005929887411184609,
      "count": 2067000
    },
    "nmae": {
      "mean": 0.25503888726234436,
      "std": 0.4448046386241913,
      "variance": 0.19785116612911224,
      "count": 2067000
    },
    "relative_mse": {
      "mean": 0.19672562181949615,
      "std": 2.8825886249542236,
      "variance": 8.309317588806152,
      "count": 2067000
    }
  },
  "test2": {
    "mse": {
      "mean": 0.0006564618088304996,
      "std": 0.0037910346873104572,
      "variance": 1.4371943507285323e-05,
      "count": 519000
    },
    "nmse": {
      "mean": 0.27096542716026306,
      "std": 3.0529582500457764,
      "variance": 9.32055377960205,
      "count": 519000
    },
    "mae": {
      "mean": 0.01195961982011795,
      "std": 0.022658977657556534,
      "variance": 0.0005134292878210545,
      "count": 519000
    },
    "nmae": {
      "mean": 0.25678500533103943,
      "std": 0.4527989625930786,
      "variance": 0.20502690970897675,
      "count": 519000
    },
    "relative_mse": {
      "mean": 0.18377423286437988,
      "std": 1.5892605781555176,
      "variance": 2.5257492065429688,
      "count": 519000
    }
  }
}