{
  "test1": {
    "mse": {
      "mean": 0.0007335415575653315,
      "std": 0.0044175717048347,
      "variance": 1.951494050445035e-05,
      "count": 2064000
    },
    "nmse": {
      "mean": 0.2648013234138489,
      "std": 2.669600009918213,
      "variance": 7.126763820648193,
      "count": 2064000
    },
    "mae": {
      "mean": 0.012466829270124435,
      "std": 0.02404412068426609,
      "variance": 0.0005781197687610984,
      "count": 2064000
    },
    "nmae": {
      "mean": 0.25446033477783203,
      "std": 0.4472709000110626,
      "variance": 0.20005126297473907,
      "count": 2064000
    },
    "relative_mse": {
      "mean": 0.19444377720355988,
      "std": 1.7342534065246582,
      "variance": 3.0076348781585693,
      "count": 2064000
    }
  },
  "test2": {
    "mse": {
      "mean": 0.000749593076761812,
      "std": 0.004272810183465481,
      "variance": 1.8256907424074598e-05,
      "count": 516000
    },
    "nmse": {
      "mean": 0.2649898827075958,
      "std": 3.0370829105377197,
      "variance": 9.223872184753418,
      "count": 516000
    },
    "mae": {
      "mean": 0.012975524179637432,
      "std": 0.02410868927836418,
      "variance": 0.0005812288727611303,
      "count": 516000
    },
    "nmae": {
      "mean": 0.2585162818431854,
      "std": 0.445150762796402,
      "variance": 0.19815920293331146,
      "count": 516000
    },
    "relative_mse": {
      "mean": 0.19258370995521545,
      "std": 4.899336338043213,
      "variance": 24.003496170043945,
      "count": 516000
    }
  },
  "valid1": {
    "mse": {
      "mean": 0.0005390848382376134
    },
    "nmse": {
      "mean": 0.22299806773662567
    },
    "mae": {
      "mean": 0.010149802081286907
    },
    "nmae": {
      "mean": 0.22142626345157623
    },
    "relative_mse": {
      "mean": 0.14591385424137115
    }
  },
  "valid2": {
    "mse": {
      "mean": 0.0005631436943076551
    },
    "nmse": {
      "mean": 0.23992303013801575
    },
    "mae": {
      "mean": 0.01073326263576746
    },
    "nmae": {
      "mean": 0.22670461237430573
    },
    "relative_mse": {
      "mean": 0.1902908831834793
    }
  }
}