{
  "test1": {
    "mse": {
      "mean": 0.000810936966445297,
      "std": 0.004848049953579903,
      "variance": 2.350358772673644e-05,
      "count": 1733760
    },
    "nmse": {
      "mean": 0.32583242654800415,
      "std": 3.255195379257202,
      "variance": 10.596297264099121,
      "count": 1733760
    },
    "mae": {
      "mean": 0.01306285709142685,
      "std": 0.025304125621914864,
      "variance": 0.000640298705548048,
      "count": 1733760
    },
    "nmae": {
      "mean": 0.2750016152858734,
      "std": 0.500206470489502,
      "variance": 0.25020653009414673,
      "count": 1733760
    },
    "relative_mse": {
      "mean": 0.22601282596588135,
      "std": 2.2135753631591797,
      "variance": 4.899916172027588,
      "count": 1733760
    }
  },
  "test2": {
    "mse": {
      "mean": 0.0008262997725978494,
      "std": 0.0045660100877285,
      "variance": 2.0848448912147433e-05,
      "count": 433440
    },
    "nmse": {
      "mean": 0.3072468340396881,
      "std": 2.9794092178344727,
      "variance": 8.87687873840332,
      "count": 433440
    },
    "mae": {
      "mean": 0.013584903441369534,
      "std": 0.02533278800547123,
      "variance": 0.0006417501717805862,
      "count": 433440
    },
    "nmae": {
      "mean": 0.2745848298072815,
      "std": 0.4815080463886261,
      "variance": 0.23184999823570251,
      "count": 433440
    },
    "relative_mse": {
      "mean": 0.22181718051433563,
      "std": 6.05437707901001,
      "variance": 36.65548324584961,
      "count": 433440
    }
  },
  "valid1": {
    "mse": {
      "mean": 0.0006272848113439977
    },
    "nmse": {
      "mean": 0.32541704177856445
    },
    "mae": {
      "mean": 0.010838584043085575
    },
    "nmae": {
      "mean": 0.23865002393722534
    },
    "relative_mse": {
      "mean": 0.18759924173355103
    }
  },
  "valid2": {
    "mse": {
      "mean": 0.0006570027326233685
    },
    "nmse": {
      "mean": 0.4109726548194885
    },
    "mae": {
      "mean": 0.011459100060164928
    },
    "nmae": {
      "mean": 0.24617759883403778
    },
    "relative_mse": {
      "mean": 0.23541396856307983
    }
  }
}