{
  "test1": {
    "mse": {
      "mean": 0.0008339837659150362,
      "std": 0.004943307489156723,
      "variance": 2.4436289095319808e-05,
      "count": 1736280
    },
    "nmse": {
      "mean": 0.31865745782852173,
      "std": 3.0088729858398438,
      "variance": 9.053317070007324,
      "count": 1736280
    },
    "mae": {
      "mean": 0.013347222469747066,
      "std": 0.02560928277671337,
      "variance": 0.0006558353779837489,
      "count": 1736280
    },
    "nmae": {
      "mean": 0.2750566005706787,
      "std": 0.4929516315460205,
      "variance": 0.2430013120174408,
      "count": 1736280
    },
    "relative_mse": {
      "mean": 0.2296130657196045,
      "std": 3.625211715698242,
      "variance": 13.142159461975098,
      "count": 1736280
    }
  },
  "test2": {
    "mse": {
      "mean": 0.0007166113355197012,
      "std": 0.004041728097945452,
      "variance": 1.633556530578062e-05,
      "count": 435960
    },
    "nmse": {
      "mean": 0.3336176872253418,
      "std": 3.827728509902954,
      "variance": 14.651505470275879,
      "count": 435960
    },
    "mae": {
      "mean": 0.012487740255892277,
      "std": 0.02367842197418213,
      "variance": 0.000560667656827718,
      "count": 435960
    },
    "nmae": {
      "mean": 0.27834126353263855,
      "std": 0.5061065554618835,
      "variance": 0.25614386796951294,
      "count": 435960
    },
    "relative_mse": {
      "mean": 0.2053431272506714,
      "std": 1.8501484394073486,
      "variance": 3.4230494499206543,
      "count": 435960
    }
  }
}