{
  "test1": {
    "mse": {
      "mean": 273076352.0,
      "std": 6776267264.0,
      "variance": 4.59178002011348e+19,
      "count": 1161216
    },
    "nmse": {
      "mean": 2.2647476626139382e+20,
      "std": 4.824843640590647e+21,
      "variance": Infinity,
      "count": 1161216
    },
    "mae": {
      "mean": 2987.860107421875,
      "std": 16252.662109375,
      "variance": 264149040.0,
      "count": 1161216
    },
    "nmae": {
      "mean": 888888128.0,
      "std": 15022803968.0,
      "variance": 2.2568463081739492e+20,
      "count": 1161216
    },
    "relative_mse": {
      "mean": 2.2647476626139382e+20,
      "std": 4.824843640590647e+21,
      "variance": Infinity,
      "count": 1161216
    }
  },
  "test2": {
    "mse": {
      "mean": 7180072.0,
      "std": 34573820.0,
      "variance": 1195348991148032.0,
      "count": 294840
    },
    "nmse": {
      "mean": 86640.109375,
      "std": 1174754.25,
      "variance": 1380047519744.0,
      "count": 294840
    },
    "mae": {
      "mean": 1744.3314208984375,
      "std": 2034.0550537109375,
      "variance": 4137380.25,
      "count": 294840
    },
    "nmae": {
      "mean": 50.24333190917969,
      "std": 290.027099609375,
      "variance": 84115.71875,
      "count": 294840
    },
    "relative_mse": {
      "mean": 1307.525146484375,
      "std": 14254.125,
      "variance": 203180080.0,
      "count": 294840
    }
  }
}