{
  "test1": {
    "mse": {
      "mean": 106385296.0,
      "std": 2293074688.0,
      "variance": 5.258191158978281e+18,
      "count": 1129464
    },
    "nmse": {
      "mean": 221.3027801513672,
      "std": 8697.4775390625,
      "variance": 75646112.0,
      "count": 1129464
    },
    "mae": {
      "mean": 1437.1517333984375,
      "std": 10213.7109375,
      "variance": 104319888.0,
      "count": 1129464
    },
    "nmae": {
      "mean": 3.3564274311065674,
      "std": 14.492659568786621,
      "variance": 210.0371856689453,
      "count": 1129464
    },
    "relative_mse": {
      "mean": 5.1564836502075195,
      "std": 68.61768341064453,
      "variance": 4708.38623046875,
      "count": 1129464
    }
  },
  "test2": {
    "mse": {
      "mean": 5020939.0,
      "std": 26036752.0,
      "variance": 677912470618112.0,
      "count": 285768
    },
    "nmse": {
      "mean": 981.410400390625,
      "std": 9469.5185546875,
      "variance": 89671776.0,
      "count": 285768
    },
    "mae": {
      "mean": 890.72509765625,
      "std": 2056.100341796875,
      "variance": 4227548.5,
      "count": 285768
    },
    "nmae": {
      "mean": 6.336070537567139,
      "std": 30.680034637451172,
      "variance": 941.2645874023438,
      "count": 285768
    },
    "relative_mse": {
      "mean": 25.885589599609375,
      "std": 254.7823944091797,
      "variance": 64914.06640625,
      "count": 285768
    }
  }
}