{
  "test1": {
    "mse": {
      "mean": 125060104.0,
      "std": 2914652416.0,
      "variance": 8.495199020883378e+18,
      "count": 1134000
    },
    "nmse": {
      "mean": 2711.1591796875,
      "std": 100823.1171875,
      "variance": 10165301248.0,
      "count": 1134000
    },
    "mae": {
      "mean": 1734.3868408203125,
      "std": 11047.71484375,
      "variance": 122052016.0,
      "count": 1134000
    },
    "nmae": {
      "mean": 11.161264419555664,
      "std": 50.85848617553711,
      "variance": 2586.58544921875,
      "count": 1134000
    },
    "relative_mse": {
      "mean": 59.64558792114258,
      "std": 739.3095092773438,
      "variance": 546578.5625,
      "count": 1134000
    }
  },
  "test2": {
    "mse": {
      "mean": 4857532.0,
      "std": 26206868.0,
      "variance": 686799898804224.0,
      "count": 285768
    },
    "nmse": {
      "mean": 11098.0556640625,
      "std": 101928.984375,
      "variance": 10389517312.0,
      "count": 285768
    },
    "mae": {
      "mean": 1166.7369384765625,
      "std": 1869.828125,
      "variance": 3496257.0,
      "count": 285768
    },
    "nmae": {
      "mean": 21.858619689941406,
      "std": 103.05461883544922,
      "variance": 10620.2548828125,
      "count": 285768
    },
    "relative_mse": {
      "mean": 287.3999938964844,
      "std": 2735.176025390625,
      "variance": 7481188.0,
      "count": 285768
    }
  }
}