{
  "test1": {
    "mse": {
      "mean": 20.358062744140625,
      "std": 75.34893798828125,
      "variance": 5677.462890625,
      "count": 1080408
    },
    "nmse": {
      "mean": 0.3721536099910736,
      "std": 1.6227104663848877,
      "variance": 2.6331894397735596,
      "count": 1080408
    },
    "mae": {
      "mean": 2.3844029903411865,
      "std": 3.8304941654205322,
      "variance": 14.672684669494629,
      "count": 1080408
    },
    "nmae": {
      "mean": 0.319163054227829,
      "std": 0.5198928713798523,
      "variance": 0.2702885866165161,
      "count": 1080408
    },
    "relative_mse": {
      "mean": 1.3298746347427368,
      "std": 7.141459941864014,
      "variance": 51.000450134277344,
      "count": 1080408
    }
  },
  "test2": {
    "mse": {
      "mean": 16.582015991210938,
      "std": 49.83032989501953,
      "variance": 2483.061767578125,
      "count": 277536
    },
    "nmse": {
      "mean": 0.38842248916625977,
      "std": 1.7072827816009521,
      "variance": 2.9148147106170654,
      "count": 277536
    },
    "mae": {
      "mean": 2.2616119384765625,
      "std": 3.386314630508423,
      "variance": 11.467126846313477,
      "count": 277536
    },
    "nmae": {
      "mean": 0.3248128890991211,
      "std": 0.5319013595581055,
      "variance": 0.2829190492630005,
      "count": 277536
    },
    "relative_mse": {
      "mean": 1.3872880935668945,
      "std": 7.5162034034729,
      "variance": 56.49331283569336,
      "count": 277536
    }
  }
}