{
  "test1": {
    "mse": {
      "mean": 12.398660659790039,
      "std": 52.91339874267578,
      "variance": 2799.82763671875,
      "count": 1090872
    },
    "nmse": {
      "mean": 0.28687530755996704,
      "std": 1.6541601419448853,
      "variance": 2.736245632171631,
      "count": 1090872
    },
    "mae": {
      "mean": 1.8907932043075562,
      "std": 2.9704480171203613,
      "variance": 8.823561668395996,
      "count": 1090872
    },
    "nmae": {
      "mean": 0.27077603340148926,
      "std": 0.46212080121040344,
      "variance": 0.21355563402175903,
      "count": 1090872
    },
    "relative_mse": {
      "mean": 1.1069163084030151,
      "std": 7.275269508361816,
      "variance": 52.92954635620117,
      "count": 1090872
    }
  },
  "test2": {
    "mse": {
      "mean": 13.616569519042969,
      "std": 59.141319274902344,
      "variance": 3497.69580078125,
      "count": 280224
    },
    "nmse": {
      "mean": 0.29231083393096924,
      "std": 1.8170093297958374,
      "variance": 3.301523208618164,
      "count": 280224
    },
    "mae": {
      "mean": 1.976210117340088,
      "std": 3.116273880004883,
      "variance": 9.711162567138672,
      "count": 280224
    },
    "nmae": {
      "mean": 0.26889467239379883,
      "std": 0.4690484404563904,
      "variance": 0.22000645101070404,
      "count": 280224
    },
    "relative_mse": {
      "mean": 1.1213794946670532,
      "std": 7.680165767669678,
      "variance": 58.984947204589844,
      "count": 280224
    }
  }
}