{
  "test1": {
    "mse": {
      "mean": 0.0009059619624167681,
      "std": 0.005132425110787153,
      "variance": 2.63417878159089e-05,
      "count": 1488240
    },
    "nmse": {
      "mean": 0.3702406585216522,
      "std": 3.2620251178741455,
      "variance": 10.64080810546875,
      "count": 1488240
    },
    "mae": {
      "mean": 0.014092120341956615,
      "std": 0.02659650519490242,
      "variance": 0.0007073740707710385,
      "count": 1488240
    },
    "nmae": {
      "mean": 0.2991986870765686,
      "std": 0.5298309326171875,
      "variance": 0.2807208001613617,
      "count": 1488240
    },
    "relative_mse": {
      "mean": 0.2597798705101013,
      "std": 2.3403570652008057,
      "variance": 5.477271556854248,
      "count": 1488240
    }
  },
  "test2": {
    "mse": {
      "mean": 0.000863468274474144,
      "std": 0.004576586186885834,
      "variance": 2.0945139112882316e-05,
      "count": 373680
    },
    "nmse": {
      "mean": 0.3265469968318939,
      "std": 1.9312608242034912,
      "variance": 3.7297682762145996,
      "count": 373680
    },
    "mae": {
      "mean": 0.014248943887650967,
      "std": 0.0256989486515522,
      "variance": 0.0006604359368793666,
      "count": 373680
    },
    "nmae": {
      "mean": 0.2987774908542633,
      "std": 0.48711293935775757,
      "variance": 0.237279012799263,
      "count": 373680
    },
    "relative_mse": {
      "mean": 0.2208150178194046,
      "std": 1.359123706817627,
      "variance": 1.8472172021865845,
      "count": 373680
    }
  }
}