{
  "test1": {
    "mse": {
      "mean": 0.0009019210119731724,
      "std": 0.004906043875962496,
      "variance": 2.406926614639815e-05,
      "count": 1488240
    },
    "nmse": {
      "mean": 0.3770090341567993,
      "std": 3.2557945251464844,
      "variance": 10.600197792053223,
      "count": 1488240
    },
    "mae": {
      "mean": 0.014536906965076923,
      "std": 0.026279257610440254,
      "variance": 0.0006905993795953691,
      "count": 1488240
    },
    "nmae": {
      "mean": 0.31156352162361145,
      "std": 0.529090940952301,
      "variance": 0.2799372375011444,
      "count": 1488240
    },
    "relative_mse": {
      "mean": 0.25943875312805176,
      "std": 2.30928111076355,
      "variance": 5.332779407501221,
      "count": 1488240
    }
  },
  "test2": {
    "mse": {
      "mean": 0.0009205758688040078,
      "std": 0.005268420092761517,
      "variance": 2.7756248528021388e-05,
      "count": 373680
    },
    "nmse": {
      "mean": 0.3290517330169678,
      "std": 2.078676223754883,
      "variance": 4.320894718170166,
      "count": 373680
    },
    "mae": {
      "mean": 0.01463872380554676,
      "std": 0.026575997471809387,
      "variance": 0.0007062836666591465,
      "count": 373680
    },
    "nmae": {
      "mean": 0.30490022897720337,
      "std": 0.48588842153549194,
      "variance": 0.23608757555484772,
      "count": 373680
    },
    "relative_mse": {
      "mean": 0.23880469799041748,
      "std": 1.51970374584198,
      "variance": 2.3094992637634277,
      "count": 373680
    }
  }
}