{
  "test1": {
    "mse": {
      "mean": 0.0009235668694600463,
      "std": 0.005230898503214121,
      "variance": 2.7362300897948444e-05,
      "count": 1488240
    },
    "nmse": {
      "mean": 0.3570694327354431,
      "std": 2.800045967102051,
      "variance": 7.840256690979004,
      "count": 1488240
    },
    "mae": {
      "mean": 0.014222973957657814,
      "std": 0.026856541633605957,
      "variance": 0.0007212738855741918,
      "count": 1488240
    },
    "nmae": {
      "mean": 0.29598474502563477,
      "std": 0.5190976858139038,
      "variance": 0.2694624364376068,
      "count": 1488240
    },
    "relative_mse": {
      "mean": 0.25703445076942444,
      "std": 2.2540030479431152,
      "variance": 5.08052921295166,
      "count": 1488240
    }
  },
  "test2": {
    "mse": {
      "mean": 0.0007925191312097013,
      "std": 0.004251039121299982,
      "variance": 1.8071332306135446e-05,
      "count": 373680
    },
    "nmse": {
      "mean": 0.37097394466400146,
      "std": 3.868744134902954,
      "variance": 14.967181205749512,
      "count": 373680
    },
    "mae": {
      "mean": 0.013324248604476452,
      "std": 0.024798860773444176,
      "variance": 0.0006149834953248501,
      "count": 373680
    },
    "nmae": {
      "mean": 0.29860445857048035,
      "std": 0.5308571457862854,
      "variance": 0.28180932998657227,
      "count": 373680
    },
    "relative_mse": {
      "mean": 0.22890068590641022,
      "std": 1.8659703731536865,
      "variance": 3.4818451404571533,
      "count": 373680
    }
  }
}