{
  "test1": {
    "mse": {
      "mean": 17.837547302246094,
      "std": 69.4235610961914,
      "variance": 4819.63134765625,
      "count": 1127496
    },
    "nmse": {
      "mean": 1.2540158033370972,
      "std": 10.310942649841309,
      "variance": 106.31554412841797,
      "count": 1127496
    },
    "mae": {
      "mean": 2.60718035697937,
      "std": 3.3226733207702637,
      "variance": 11.04015827178955,
      "count": 1127496
    },
    "nmae": {
      "mean": 0.5097478032112122,
      "std": 0.9970821738243103,
      "variance": 0.9941728711128235,
      "count": 1127496
    },
    "relative_mse": {
      "mean": 5.193507671356201,
      "std": 51.56349563598633,
      "variance": 2658.7939453125,
      "count": 1127496
    }
  },
  "test2": {
    "mse": {
      "mean": 19.16429901123047,
      "std": 72.52252960205078,
      "variance": 5259.517578125,
      "count": 289632
    },
    "nmse": {
      "mean": 1.1240203380584717,
      "std": 8.78769302368164,
      "variance": 77.22354125976562,
      "count": 289632
    },
    "mae": {
      "mean": 2.71370792388916,
      "std": 3.4351260662078857,
      "variance": 11.800090789794922,
      "count": 289632
    },
    "nmae": {
      "mean": 0.4944702386856079,
      "std": 0.937826931476593,
      "variance": 0.8795193433761597,
      "count": 289632
    },
    "relative_mse": {
      "mean": 4.492459774017334,
      "std": 41.07426834106445,
      "variance": 1687.0953369140625,
      "count": 289632
    }
  }
}