{
  "test1": {
    "mse": {
      "mean": 15.222700119018555,
      "std": 59.90363311767578,
      "variance": 3588.4453125,
      "count": 1127496
    },
    "nmse": {
      "mean": 1.0514403581619263,
      "std": 9.265564918518066,
      "variance": 85.8506851196289,
      "count": 1127496
    },
    "mae": {
      "mean": 2.367600440979004,
      "std": 3.101155996322632,
      "variance": 9.617169380187988,
      "count": 1127496
    },
    "nmae": {
      "mean": 0.44976678490638733,
      "std": 0.9214934706687927,
      "variance": 0.8491501808166504,
      "count": 1127496
    },
    "relative_mse": {
      "mean": 4.32870626449585,
      "std": 46.11210632324219,
      "variance": 2126.326416015625,
      "count": 1127496
    }
  },
  "test2": {
    "mse": {
      "mean": 16.294918060302734,
      "std": 62.49800491333008,
      "variance": 3906.000732421875,
      "count": 289632
    },
    "nmse": {
      "mean": 0.9506293535232544,
      "std": 7.841103553771973,
      "variance": 61.48290252685547,
      "count": 289632
    },
    "mae": {
      "mean": 2.46614933013916,
      "std": 3.195782423019409,
      "variance": 10.213025093078613,
      "count": 289632
    },
    "nmae": {
      "mean": 0.4394412636756897,
      "std": 0.8703566789627075,
      "variance": 0.7575207352638245,
      "count": 289632
    },
    "relative_mse": {
      "mean": 3.7673392295837402,
      "std": 36.276119232177734,
      "variance": 1315.956787109375,
      "count": 289632
    }
  }
}