{
  "test1": {
    "mse": {
      "mean": 13987423.0,
      "std": 464474272.0,
      "variance": 2.1573634471703347e+17,
      "count": 1129464
    },
    "nmse": {
      "mean": 0.30855414271354675,
      "std": 6.94672966003418,
      "variance": 48.25705337524414,
      "count": 1129464
    },
    "mae": {
      "mean": 330.1961364746094,
      "std": 3725.37158203125,
      "variance": 13878394.0,
      "count": 1129464
    },
    "nmae": {
      "mean": 0.3458828926086426,
      "std": 0.434648334980011,
      "variance": 0.18891917169094086,
      "count": 1129464
    },
    "relative_mse": {
      "mean": 0.0580165833234787,
      "std": 0.7958399057388306,
      "variance": 0.6333612203598022,
      "count": 1129464
    }
  },
  "test2": {
    "mse": {
      "mean": 224127.3125,
      "std": 2074560.875,
      "variance": 4303802859520.0,
      "count": 285768
    },
    "nmse": {
      "mean": 0.43312904238700867,
      "std": 6.858641147613525,
      "variance": 47.040958404541016,
      "count": 285768
    },
    "mae": {
      "mean": 152.33807373046875,
      "std": 448.241455078125,
      "variance": 200920.40625,
      "count": 285768
    },
    "nmae": {
      "mean": 0.34255748987197876,
      "std": 0.5619460940361023,
      "variance": 0.31578341126441956,
      "count": 285768
    },
    "relative_mse": {
      "mean": 0.04464087262749672,
      "std": 0.6449142694473267,
      "variance": 0.4159144163131714,
      "count": 285768
    }
  }
}