{
  "test1": {
    "mse": {
      "mean": 9103751.0,
      "std": 338717408.0,
      "variance": 1.1472947710315725e+17,
      "count": 1171296
    },
    "nmse": {
      "mean": 0.39321383833885193,
      "std": 6.540500164031982,
      "variance": 42.778141021728516,
      "count": 1171296
    },
    "mae": {
      "mean": 319.3711853027344,
      "std": 3000.292236328125,
      "variance": 9001753.0,
      "count": 1171296
    },
    "nmae": {
      "mean": 0.4074961543083191,
      "std": 0.4766138195991516,
      "variance": 0.2271607369184494,
      "count": 1171296
    },
    "relative_mse": {
      "mean": 0.08447616547346115,
      "std": 0.8385499715805054,
      "variance": 0.7031660676002502,
      "count": 1171296
    }
  },
  "test2": {
    "mse": {
      "mean": 261174.953125,
      "std": 2515549.0,
      "variance": 6327986290688.0,
      "count": 296352
    },
    "nmse": {
      "mean": 0.41354289650917053,
      "std": 5.298564910888672,
      "variance": 28.074790954589844,
      "count": 296352
    },
    "mae": {
      "mean": 173.56314086914062,
      "std": 480.6774597167969,
      "variance": 231050.8125,
      "count": 296352
    },
    "nmae": {
      "mean": 0.3981654644012451,
      "std": 0.5049823522567749,
      "variance": 0.25500714778900146,
      "count": 296352
    },
    "relative_mse": {
      "mean": 0.04916523024439812,
      "std": 0.4790351390838623,
      "variance": 0.22947466373443604,
      "count": 296352
    }
  },
  "valid1": {
    "mse": {
      "mean": 2695165.0
    },
    "nmse": {
      "mean": 0.507876992225647
    },
    "mae": {
      "mean": 241.9423065185547
    },
    "nmae": {
      "mean": 0.3945196568965912
    },
    "relative_mse": {
      "mean": 0.10324566811323166
    }
  },
  "valid2": {
    "mse": {
      "mean": 224894.625
    },
    "nmse": {
      "mean": 0.33734461665153503
    },
    "mae": {
      "mean": 166.25831604003906
    },
    "nmae": {
      "mean": 0.39176496863365173
    },
    "relative_mse": {
      "mean": 0.04367329552769661
    }
  }
}