{
  "test1": {
    "mse": {
      "mean": 0.0007857255404815078,
      "std": 0.004631815943866968,
      "variance": 2.1453717636177316e-05,
      "count": 1852032
    },
    "nmse": {
      "mean": 0.29156404733657837,
      "std": 2.887850761413574,
      "variance": 8.339681625366211,
      "count": 1852032
    },
    "mae": {
      "mean": 0.012712587602436543,
      "std": 0.024982307106256485,
      "variance": 0.0006241156370379031,
      "count": 1852032
    },
    "nmae": {
      "mean": 0.25952160358428955,
      "std": 0.47351089119911194,
      "variance": 0.22421257197856903,
      "count": 1852032
    },
    "relative_mse": {
      "mean": 0.2075229436159134,
      "std": 1.8460203409194946,
      "variance": 3.4077913761138916,
      "count": 1852032
    }
  },
  "test2": {
    "mse": {
      "mean": 0.0008065724978223443,
      "std": 0.0050903609953820705,
      "variance": 2.591177326394245e-05,
      "count": 465024
    },
    "nmse": {
      "mean": 0.26646167039871216,
      "std": 2.090066432952881,
      "variance": 4.368377208709717,
      "count": 465024
    },
    "mae": {
      "mean": 0.01280171237885952,
      "std": 0.025351304560899734,
      "variance": 0.0006426886538974941,
      "count": 465024
    },
    "nmae": {
      "mean": 0.25700655579566956,
      "std": 0.44767099618911743,
      "variance": 0.20040932297706604,
      "count": 465024
    },
    "relative_mse": {
      "mean": 0.19947606325149536,
      "std": 1.38152015209198,
      "variance": 1.9085978269577026,
      "count": 465024
    }
  }
}