{
  "test1": {
    "mse": {
      "mean": 156081.921875,
      "std": 9192237.0,
      "variance": 84497232035840.0,
      "count": 1183248
    },
    "nmse": {
      "mean": 0.17329099774360657,
      "std": 6.576411724090576,
      "variance": 43.24919128417969,
      "count": 1183248
    },
    "mae": {
      "mean": 100.94779205322266,
      "std": 381.9574279785156,
      "variance": 145891.484375,
      "count": 1183248
    },
    "nmae": {
      "mean": 0.25171899795532227,
      "std": 0.33155474066734314,
      "variance": 0.10992854088544846,
      "count": 1183248
    },
    "relative_mse": {
      "mean": 0.03285536170005798,
      "std": 0.4946885406970978,
      "variance": 0.24471673369407654,
      "count": 1183248
    }
  },
  "test2": {
    "mse": {
      "mean": 13330044.0,
      "std": 248573968.0,
      "variance": 6.17890144279593e+16,
      "count": 299376
    },
    "nmse": {
      "mean": 0.12992160022258759,
      "std": 0.45731621980667114,
      "variance": 0.20913812518119812,
      "count": 299376
    },
    "mae": {
      "mean": 514.9967651367188,
      "std": 3614.529296875,
      "variance": 13064822.0,
      "count": 299376
    },
    "nmae": {
      "mean": 0.23662561178207397,
      "std": 0.27190056443214417,
      "variance": 0.07392992079257965,
      "count": 299376
    },
    "relative_mse": {
      "mean": 0.02071588858962059,
      "std": 0.1472504734992981,
      "variance": 0.021682702004909515,
      "count": 299376
    }
  },
  "valid1": {
    "mse": {
      "mean": 118370.734375
    },
    "nmse": {
      "mean": 0.19005274772644043
    },
    "mae": {
      "mean": 94.59925842285156
    },
    "nmae": {
      "mean": 0.2439393550157547
    },
    "relative_mse": {
      "mean": 0.04023459926247597
    }
  },
  "valid2": {
    "mse": {
      "mean": 4275640.0
    },
    "nmse": {
      "mean": 0.12155700474977493
    },
    "mae": {
      "mean": 321.8507385253906
    },
    "nmae": {
      "mean": 0.2278074324131012
    },
    "relative_mse": {
      "mean": 0.019353635609149933
    }
  }
}