{
  "test1": {
    "mse": {
      "mean": 193493.796875,
      "std": 8371174.0,
      "variance": 70076556378112.0,
      "count": 1266912
    },
    "nmse": {
      "mean": 0.26498234272003174,
      "std": 12.926254272460938,
      "variance": 167.0880584716797,
      "count": 1266912
    },
    "mae": {
      "mean": 126.60657501220703,
      "std": 421.26544189453125,
      "variance": 177464.578125,
      "count": 1266912
    },
    "nmae": {
      "mean": 0.285762220621109,
      "std": 0.42816153168678284,
      "variance": 0.18332231044769287,
      "count": 1266912
    },
    "relative_mse": {
      "mean": 0.04447316378355026,
      "std": 1.0012186765670776,
      "variance": 1.0024389028549194,
      "count": 1266912
    }
  },
  "test2": {
    "mse": {
      "mean": 13441620.0,
      "std": 281441184.0,
      "variance": 7.920914408249754e+16,
      "count": 320544
    },
    "nmse": {
      "mean": 0.22461891174316406,
      "std": 2.186640501022339,
      "variance": 4.781396389007568,
      "count": 320544
    },
    "mae": {
      "mean": 455.7655029296875,
      "std": 3637.842529296875,
      "variance": 13233898.0,
      "count": 320544
    },
    "nmae": {
      "mean": 0.2983393669128418,
      "std": 0.3682560324668884,
      "variance": 0.13561251759529114,
      "count": 320544
    },
    "relative_mse": {
      "mean": 0.03891796991229057,
      "std": 0.37448611855506897,
      "variance": 0.14023984968662262,
      "count": 320544
    }
  },
  "valid1": {
    "mse": {
      "mean": 144034.734375
    },
    "nmse": {
      "mean": 0.3058709502220154
    },
    "mae": {
      "mean": 113.76132202148438
    },
    "nmae": {
      "mean": 0.27297258377075195
    },
    "relative_mse": {
      "mean": 0.04943862929940224
    }
  },
  "valid2": {
    "mse": {
      "mean": 4241666.5
    },
    "nmse": {
      "mean": 0.1936689019203186
    },
    "mae": {
      "mean": 288.6230773925781
    },
    "nmae": {
      "mean": 0.2805290222167969
    },
    "relative_mse": {
      "mean": 0.03421898931264877
    }
  }
}