{
  "test1": {
    "mse": {
      "mean": 186943.53125,
      "std": 8622744.0,
      "variance": 74351705587712.0,
      "count": 1266912
    },
    "nmse": {
      "mean": 0.2458840161561966,
      "std": 12.868884086608887,
      "variance": 165.60816955566406,
      "count": 1266912
    },
    "mae": {
      "mean": 121.44209289550781,
      "std": 414.9642639160156,
      "variance": 172195.34375,
      "count": 1266912
    },
    "nmae": {
      "mean": 0.2708578109741211,
      "std": 0.4153553545475006,
      "variance": 0.17252007126808167,
      "count": 1266912
    },
    "relative_mse": {
      "mean": 0.039709579199552536,
      "std": 0.9808778166770935,
      "variance": 0.962121307849884,
      "count": 1266912
    }
  },
  "test2": {
    "mse": {
      "mean": 14844905.0,
      "std": 307433696.0,
      "variance": 9.45154798125056e+16,
      "count": 320544
    },
    "nmse": {
      "mean": 0.20073820650577545,
      "std": 2.2123830318450928,
      "variance": 4.8946380615234375,
      "count": 320544
    },
    "mae": {
      "mean": 458.98089599609375,
      "std": 3825.47265625,
      "variance": 14634242.0,
      "count": 320544
    },
    "nmae": {
      "mean": 0.2788863480091095,
      "std": 0.3506573736667633,
      "variance": 0.12296059727668762,
      "count": 320544
    },
    "relative_mse": {
      "mean": 0.03187350183725357,
      "std": 0.33145591616630554,
      "variance": 0.1098630279302597,
      "count": 320544
    }
  },
  "valid1": {
    "mse": {
      "mean": 133145.03125
    },
    "nmse": {
      "mean": 0.28795069456100464
    },
    "mae": {
      "mean": 107.90998077392578
    },
    "nmae": {
      "mean": 0.25728607177734375
    },
    "relative_mse": {
      "mean": 0.045392539352178574
    }
  },
  "valid2": {
    "mse": {
      "mean": 4201649.5
    },
    "nmse": {
      "mean": 0.1700957715511322
    },
    "mae": {
      "mean": 276.0574645996094
    },
    "nmae": {
      "mean": 0.26030030846595764
    },
    "relative_mse": {
      "mean": 0.027901560068130493
    }
  }
}