{
  "test1": {
    "mse": {
      "mean": 0.0009186519309878349,
      "std": 0.005113139748573303,
      "variance": 2.6144200091948733e-05,
      "count": 1488240
    },
    "nmse": {
      "mean": 0.3559354543685913,
      "std": 2.615572690963745,
      "variance": 6.841220855712891,
      "count": 1488240
    },
    "mae": {
      "mean": 0.014480091631412506,
      "std": 0.02662665583193302,
      "variance": 0.0007089788559824228,
      "count": 1488240
    },
    "nmae": {
      "mean": 0.303104966878891,
      "std": 0.5138704776763916,
      "variance": 0.26406288146972656,
      "count": 1488240
    },
    "relative_mse": {
      "mean": 0.2501392662525177,
      "std": 2.1346499919891357,
      "variance": 4.5567307472229,
      "count": 1488240
    }
  },
  "test2": {
    "mse": {
      "mean": 0.0008425618289038539,
      "std": 0.004543418530374765,
      "variance": 2.0642650270019658e-05,
      "count": 373680
    },
    "nmse": {
      "mean": 0.3914172947406769,
      "std": 4.320903301239014,
      "variance": 18.670204162597656,
      "count": 373680
    },
    "mae": {
      "mean": 0.013918337412178516,
      "std": 0.0254723709076643,
      "variance": 0.0006488417275249958,
      "count": 373680
    },
    "nmae": {
      "mean": 0.3057776987552643,
      "std": 0.5458179712295532,
      "variance": 0.29791727662086487,
      "count": 373680
    },
    "relative_mse": {
      "mean": 0.264282763004303,
      "std": 2.344856023788452,
      "variance": 5.498349189758301,
      "count": 373680
    }
  }
}