{
  "test1": {
    "mse": {
      "mean": 0.0011873464100062847,
      "std": 0.005203558132052422,
      "variance": 2.7077016056864522e-05,
      "count": 2298504
    },
    "nmse": {
      "mean": 3835460096.0,
      "std": 317192994816.0,
      "variance": 1.0061139746017565e+23,
      "count": 2298504
    },
    "mae": {
      "mean": 0.02002180740237236,
      "std": 0.028044138103723526,
      "variance": 0.0007864736835472286,
      "count": 2298504
    },
    "nmae": {
      "mean": 1084.99609375,
      "std": 61921.5859375,
      "variance": 3834282752.0,
      "count": 2298504
    },
    "relative_mse": {
      "mean": 3835460096.0,
      "std": 317192994816.0,
      "variance": 1.0061139746017565e+23,
      "count": 2298504
    }
  },
  "test2": {
    "mse": {
      "mean": 0.0010625662980601192,
      "std": 0.004562481306493282,
      "variance": 2.0816234609810635e-05,
      "count": 577128
    },
    "nmse": {
      "mean": 0.6218788027763367,
      "std": 9.018671989440918,
      "variance": 81.3364486694336,
      "count": 577128
    },
    "mae": {
      "mean": 0.019142694771289825,
      "std": 0.026384152472019196,
      "variance": 0.0006961234612390399,
      "count": 577128
    },
    "nmae": {
      "mean": 0.4562862813472748,
      "std": 0.6431808471679688,
      "variance": 0.41368162631988525,
      "count": 577128
    },
    "relative_mse": {
      "mean": 1.5639287233352661,
      "std": 312.3690185546875,
      "variance": 97574.3984375,
      "count": 577128
    }
  }
}