{
  "test1": {
    "mse": {
      "mean": 11.063628196716309,
      "std": 45.6920166015625,
      "variance": 2087.760498046875,
      "count": 1127496
    },
    "nmse": {
      "mean": 0.8649132251739502,
      "std": 7.652766704559326,
      "variance": 58.56483459472656,
      "count": 1127496
    },
    "mae": {
      "mean": 1.8096870183944702,
      "std": 2.7908172607421875,
      "variance": 7.788660526275635,
      "count": 1127496
    },
    "nmae": {
      "mean": 0.3772067129611969,
      "std": 0.8500754833221436,
      "variance": 0.7226283550262451,
      "count": 1127496
    },
    "relative_mse": {
      "mean": 3.516160249710083,
      "std": 37.059425354003906,
      "variance": 1373.40087890625,
      "count": 1127496
    }
  },
  "test2": {
    "mse": {
      "mean": 15.870711326599121,
      "std": 82.26551818847656,
      "variance": 6767.615234375,
      "count": 289632
    },
    "nmse": {
      "mean": 0.8820099830627441,
      "std": 8.124834060668945,
      "variance": 66.01293182373047,
      "count": 289632
    },
    "mae": {
      "mean": 2.041011095046997,
      "std": 3.421254873275757,
      "variance": 11.704984664916992,
      "count": 289632
    },
    "nmae": {
      "mean": 0.3678937554359436,
      "std": 0.8640972971916199,
      "variance": 0.7466641664505005,
      "count": 289632
    },
    "relative_mse": {
      "mean": 3.694958209991455,
      "std": 41.021183013916016,
      "variance": 1682.737548828125,
      "count": 289632
    }
  }
}