{
  "test1": {
    "mse": {
      "mean": 19539686.0,
      "std": 560240320.0,
      "variance": 3.138692006050529e+17,
      "count": 1129464
    },
    "nmse": {
      "mean": 303.4921875,
      "std": 9491.2099609375,
      "variance": 90083064.0,
      "count": 1129464
    },
    "mae": {
      "mean": 564.8372192382812,
      "std": 4384.1357421875,
      "variance": 19220646.0,
      "count": 1129464
    },
    "nmae": {
      "mean": 2.9324228763580322,
      "std": 17.17245101928711,
      "variance": 294.8930358886719,
      "count": 1129464
    },
    "relative_mse": {
      "mean": 6.174370288848877,
      "std": 104.04867553710938,
      "variance": 10826.1259765625,
      "count": 1129464
    }
  },
  "test2": {
    "mse": {
      "mean": 171480.890625,
      "std": 1050846.625,
      "variance": 1104278716416.0,
      "count": 285768
    },
    "nmse": {
      "mean": 69.2174072265625,
      "std": 791.3121948242188,
      "variance": 626175.0,
      "count": 285768
    },
    "mae": {
      "mean": 242.7591552734375,
      "std": 335.4830322265625,
      "variance": 112548.8671875,
      "count": 285768
    },
    "nmae": {
      "mean": 2.720951557159424,
      "std": 7.86217737197876,
      "variance": 61.8138313293457,
      "count": 285768
    },
    "relative_mse": {
      "mean": 2.3394932746887207,
      "std": 16.12969207763672,
      "variance": 260.1669616699219,
      "count": 285768
    }
  }
}