{
  "test1": {
    "mse": {
      "mean": 0.0008425734704360366,
      "std": 0.004966802429407835,
      "variance": 2.466912701493129e-05,
      "count": 1736280
    },
    "nmse": {
      "mean": 0.32311341166496277,
      "std": 2.995450735092163,
      "variance": 8.972724914550781,
      "count": 1736280
    },
    "mae": {
      "mean": 0.013513999059796333,
      "std": 0.025689400732517242,
      "variance": 0.000659945304505527,
      "count": 1736280
    },
    "nmae": {
      "mean": 0.2812628746032715,
      "std": 0.4939682185649872,
      "variance": 0.24400460720062256,
      "count": 1736280
    },
    "relative_mse": {
      "mean": 0.23223114013671875,
      "std": 3.606513023376465,
      "variance": 13.006936073303223,
      "count": 1736280
    }
  },
  "test2": {
    "mse": {
      "mean": 0.0007222178974188864,
      "std": 0.004053086042404175,
      "variance": 1.6427506125182845e-05,
      "count": 435960
    },
    "nmse": {
      "mean": 0.34051641821861267,
      "std": 3.8121209144592285,
      "variance": 14.532264709472656,
      "count": 435960
    },
    "mae": {
      "mean": 0.01265531312674284,
      "std": 0.02370782569050789,
      "variance": 0.0005620609736070037,
      "count": 435960
    },
    "nmae": {
      "mean": 0.287768691778183,
      "std": 0.5076471567153931,
      "variance": 0.25770559906959534,
      "count": 435960
    },
    "relative_mse": {
      "mean": 0.20851506292819977,
      "std": 1.8462836742401123,
      "variance": 3.4087631702423096,
      "count": 435960
    }
  }
}