{
  "test1": {
    "mse": {
      "mean": 0.0008212058455683291,
      "std": 0.00485127791762352,
      "variance": 2.3534897991339676e-05,
      "count": 1733760
    },
    "nmse": {
      "mean": 0.3315548598766327,
      "std": 3.272002696990967,
      "variance": 10.706002235412598,
      "count": 1733760
    },
    "mae": {
      "mean": 0.0133707569912076,
      "std": 0.0253461766988039,
      "variance": 0.0006424286984838545,
      "count": 1733760
    },
    "nmae": {
      "mean": 0.2834070920944214,
      "std": 0.5012337565422058,
      "variance": 0.2512352764606476,
      "count": 1733760
    },
    "relative_mse": {
      "mean": 0.22905635833740234,
      "std": 2.2072906494140625,
      "variance": 4.872132301330566,
      "count": 1733760
    }
  },
  "test2": {
    "mse": {
      "mean": 0.0008380125509575009,
      "std": 0.0045715635642409325,
      "variance": 2.089919325953815e-05,
      "count": 433440
    },
    "nmse": {
      "mean": 0.3130451440811157,
      "std": 2.988898992538452,
      "variance": 8.933517456054688,
      "count": 433440
    },
    "mae": {
      "mean": 0.013899714685976505,
      "std": 0.02539311721920967,
      "variance": 0.0006448103813454509,
      "count": 433440
    },
    "nmae": {
      "mean": 0.28304925560951233,
      "std": 0.48262640833854675,
      "variance": 0.23292824625968933,
      "count": 433440
    },
    "relative_mse": {
      "mean": 0.22523893415927887,
      "std": 6.056619644165039,
      "variance": 36.68264389038086,
      "count": 433440
    }
  }
}