{
  "test1": {
    "mse": {
      "mean": 0.0007263601291924715,
      "std": 0.004451945424079895,
      "variance": 1.9819817680399865e-05,
      "count": 2064000
    },
    "nmse": {
      "mean": 0.26648443937301636,
      "std": 2.902384042739868,
      "variance": 8.423832893371582,
      "count": 2064000
    },
    "mae": {
      "mean": 0.012262275442481041,
      "std": 0.023999931290745735,
      "variance": 0.0005759967025369406,
      "count": 2064000
    },
    "nmae": {
      "mean": 0.25204724073410034,
      "std": 0.45050710439682007,
      "variance": 0.2029566466808319,
      "count": 2064000
    },
    "relative_mse": {
      "mean": 0.1987127810716629,
      "std": 2.958278179168701,
      "variance": 8.751410484313965,
      "count": 2064000
    }
  },
  "test2": {
    "mse": {
      "mean": 0.0007739316788502038,
      "std": 0.00414347555488348,
      "variance": 1.7168387785204686e-05,
      "count": 516000
    },
    "nmse": {
      "mean": 0.25611862540245056,
      "std": 1.961840033531189,
      "variance": 3.848816156387329,
      "count": 516000
    },
    "mae": {
      "mean": 0.013431240804493427,
      "std": 0.02436254359781742,
      "variance": 0.00059353350661695,
      "count": 516000
    },
    "nmae": {
      "mean": 0.2591606378555298,
      "std": 0.4346888065338135,
      "variance": 0.18895436823368073,
      "count": 516000
    },
    "relative_mse": {
      "mean": 0.17396269738674164,
      "std": 1.1635961532592773,
      "variance": 1.3539561033248901,
      "count": 516000
    }
  }
}