{
  "test1": {
    "mse": {
      "mean": 0.0007458337931893766,
      "std": 0.004491181578487158,
      "variance": 2.0170713469269685e-05,
      "count": 2067000
    },
    "nmse": {
      "mean": 0.2694963216781616,
      "std": 2.9167897701263428,
      "variance": 8.507661819458008,
      "count": 2067000
    },
    "mae": {
      "mean": 0.012491516768932343,
      "std": 0.024285711348056793,
      "variance": 0.0005897958180867136,
      "count": 2067000
    },
    "nmae": {
      "mean": 0.2540018558502197,
      "std": 0.4527464807033539,
      "variance": 0.20497937500476837,
      "count": 2067000
    },
    "relative_mse": {
      "mean": 0.19907541573047638,
      "std": 2.947429656982422,
      "variance": 8.687341690063477,
      "count": 2067000
    }
  },
  "test2": {
    "mse": {
      "mean": 0.0006872527883388102,
      "std": 0.003952628467231989,
      "variance": 1.5623272702214308e-05,
      "count": 519000
    },
    "nmse": {
      "mean": 0.24245159327983856,
      "std": 1.8629189729690552,
      "variance": 3.4704670906066895,
      "count": 519000
    },
    "mae": {
      "mean": 0.01230950653553009,
      "std": 0.02314581722021103,
      "variance": 0.0005357288173399866,
      "count": 519000
    },
    "nmae": {
      "mean": 0.248549222946167,
      "std": 0.42505866289138794,
      "variance": 0.18067486584186554,
      "count": 519000
    },
    "relative_mse": {
      "mean": 0.17329974472522736,
      "std": 1.2134242057800293,
      "variance": 1.4723981618881226,
      "count": 519000
    }
  }
}