{
  "test1": {
    "mse": {
      "mean": 0.0007713011000305414,
      "std": 0.0046729133464396,
      "variance": 2.1836120140505955e-05,
      "count": 2295168
    },
    "nmse": {
      "mean": 0.3317008912563324,
      "std": 7.549139022827148,
      "variance": 56.989498138427734,
      "count": 2295168
    },
    "mae": {
      "mean": 0.01262806449085474,
      "std": 0.024735258892178535,
      "variance": 0.0006118330638855696,
      "count": 2295168
    },
    "nmae": {
      "mean": 0.2681993842124939,
      "std": 0.5096763372421265,
      "variance": 0.2597699463367462,
      "count": 2295168
    },
    "relative_mse": {
      "mean": 1.103198766708374,
      "std": 265.0804443359375,
      "variance": 70267.6328125,
      "count": 2295168
    }
  },
  "test2": {
    "mse": {
      "mean": 0.0008241233299486339,
      "std": 0.004335389006882906,
      "variance": 1.87955993169453e-05,
      "count": 573792
    },
    "nmse": {
      "mean": 0.29557493329048157,
      "std": 2.3014588356018066,
      "variance": 5.296712875366211,
      "count": 573792
    },
    "mae": {
      "mean": 0.013837850652635098,
      "std": 0.025152280926704407,
      "variance": 0.0006326372385956347,
      "count": 573792
    },
    "nmae": {
      "mean": 0.2746290862560272,
      "std": 0.46920549869537354,
      "variance": 0.22015380859375,
      "count": 573792
    },
    "relative_mse": {
      "mean": 0.4147052466869354,
      "std": 22.406421661376953,
      "variance": 502.0476989746094,
      "count": 573792
    }
  },
  "valid1": {
    "mse": {
      "mean": 0.000594494747929275
    },
    "nmse": {
      "mean": 0.27742913365364075
    },
    "mae": {
      "mean": 0.010627102106809616
    },
    "nmae": {
      "mean": 0.2346011847257614
    },
    "relative_mse": {
      "mean": 0.1760883778333664
    }
  },
  "valid2": {
    "mse": {
      "mean": 0.0006607949617318809
    },
    "nmse": {
      "mean": 0.25883278250694275
    },
    "mae": {
      "mean": 0.011932432651519775
    },
    "nmae": {
      "mean": 0.24656982719898224
    },
    "relative_mse": {
      "mean": 0.15149083733558655
    }
  }
}