{
  "test1": {
    "mse": {
      "mean": 0.000798218825366348,
      "std": 0.004716196563094854,
      "variance": 2.2242511477088556e-05,
      "count": 2298504
    },
    "nmse": {
      "mean": 0.3364693820476532,
      "std": 7.546499729156494,
      "variance": 56.94965744018555,
      "count": 2298504
    },
    "mae": {
      "mean": 0.013063031248748302,
      "std": 0.02505146898329258,
      "variance": 0.0006275760824792087,
      "count": 2298504
    },
    "nmae": {
      "mean": 0.2744036614894867,
      "std": 0.5110499262809753,
      "variance": 0.26117202639579773,
      "count": 2298504
    },
    "relative_mse": {
      "mean": 1.1155157089233398,
      "std": 265.3083801269531,
      "variance": 70388.5390625,
      "count": 2298504
    }
  },
  "test2": {
    "mse": {
      "mean": 0.0007295553805306554,
      "std": 0.004043458960950375,
      "variance": 1.63495606102515e-05,
      "count": 577128
    },
    "nmse": {
      "mean": 0.2816073000431061,
      "std": 2.2409791946411133,
      "variance": 5.0219879150390625,
      "count": 577128
    },
    "mae": {
      "mean": 0.012870642356574535,
      "std": 0.023746619001030922,
      "variance": 0.0005639019072987139,
      "count": 577128
    },
    "nmae": {
      "mean": 0.26763609051704407,
      "std": 0.4582338035106659,
      "variance": 0.20997820794582367,
      "count": 577128
    },
    "relative_mse": {
      "mean": 0.37687888741493225,
      "std": 21.532760620117188,
      "variance": 463.6597900390625,
      "count": 577128
    }
  }
}