{
  "test1": {
    "mse": {
      "mean": 272595.9375,
      "std": 9356653.0,
      "variance": 87546960805888.0,
      "count": 1254960
    },
    "nmse": {
      "mean": 0.5253580212593079,
      "std": 22.652074813842773,
      "variance": 513.1165161132812,
      "count": 1254960
    },
    "mae": {
      "mean": 154.5155792236328,
      "std": 498.71923828125,
      "variance": 248720.875,
      "count": 1254960
    },
    "nmae": {
      "mean": 0.3447536528110504,
      "std": 0.6375758647918701,
      "variance": 0.40650299191474915,
      "count": 1254960
    },
    "relative_mse": {
      "mean": 0.05969034880399704,
      "std": 1.0916976928710938,
      "variance": 1.1918038129806519,
      "count": 1254960
    }
  },
  "test2": {
    "mse": {
      "mean": 35770424.0,
      "std": 810588928.0,
      "variance": 6.570543361441137e+17,
      "count": 317520
    },
    "nmse": {
      "mean": 0.330689400434494,
      "std": 3.4219586849212646,
      "variance": 11.70980167388916,
      "count": 317520
    },
    "mae": {
      "mean": 656.9183349609375,
      "std": 5944.65185546875,
      "variance": 35338884.0,
      "count": 317520
    },
    "nmae": {
      "mean": 0.35389575362205505,
      "std": 0.4532628357410431,
      "variance": 0.20544719696044922,
      "count": 317520
    },
    "relative_mse": {
      "mean": 0.04649801179766655,
      "std": 0.5201883912086487,
      "variance": 0.2705959677696228,
      "count": 317520
    }
  }
}