{
  "test1": {
    "mse": {
      "mean": 0.35785219073295593,
      "std": 0.7592245936393738,
      "variance": 0.5764219760894775,
      "count": 1736280
    },
    "nmse": {
      "mean": 100.22869873046875,
      "std": 141.99964904785156,
      "variance": 20163.900390625,
      "count": 1736280
    },
    "mae": {
      "mean": 0.41042304039001465,
      "std": 0.43520697951316833,
      "variance": 0.18940512835979462,
      "count": 1736280
    },
    "nmae": {
      "mean": 7.772210597991943,
      "std": 6.310423374176025,
      "variance": 39.821441650390625,
      "count": 1736280
    },
    "relative_mse": {
      "mean": 88.98948669433594,
      "std": 182.93768310546875,
      "variance": 33466.1953125,
      "count": 1736280
    }
  },
  "test2": {
    "mse": {
      "mean": 0.3329318165779114,
      "std": 0.6830009818077087,
      "variance": 0.46649035811424255,
      "count": 435960
    },
    "nmse": {
      "mean": 103.8663558959961,
      "std": 153.79405212402344,
      "variance": 23652.607421875,
      "count": 435960
    },
    "mae": {
      "mean": 0.3973248302936554,
      "std": 0.4184074103832245,
      "variance": 0.17506475746631622,
      "count": 435960
    },
    "nmae": {
      "mean": 7.9042863845825195,
      "std": 6.433398246765137,
      "variance": 41.38861083984375,
      "count": 435960
    },
    "relative_mse": {
      "mean": 96.23332214355469,
      "std": 226.137939453125,
      "variance": 51138.36328125,
      "count": 435960
    }
  }
}