{
  "test1": {
    "mse": {
      "mean": 20.129249572753906,
      "std": 70.95636749267578,
      "variance": 5034.80615234375,
      "count": 1043784
    },
    "nmse": {
      "mean": 0.32144469022750854,
      "std": 0.8411330580711365,
      "variance": 0.7075048089027405,
      "count": 1043784
    },
    "mae": {
      "mean": 2.3821053504943848,
      "std": 3.801949977874756,
      "variance": 14.45482349395752,
      "count": 1043784
    },
    "nmae": {
      "mean": 0.31508129835128784,
      "std": 0.47134748101234436,
      "variance": 0.2221684604883194,
      "count": 1043784
    },
    "relative_mse": {
      "mean": 0.9980471134185791,
      "std": 2.9834847450256348,
      "variance": 8.9011812210083,
      "count": 1043784
    }
  },
  "test2": {
    "mse": {
      "mean": 22.219722747802734,
      "std": 75.07069396972656,
      "variance": 5635.60888671875,
      "count": 268128
    },
    "nmse": {
      "mean": 0.33298859000205994,
      "std": 0.8880151510238647,
      "variance": 0.7885708808898926,
      "count": 268128
    },
    "mae": {
      "mean": 2.5160255432128906,
      "std": 3.986143112182617,
      "variance": 15.889337539672852,
      "count": 268128
    },
    "nmae": {
      "mean": 0.3192693889141083,
      "std": 0.48068246245384216,
      "variance": 0.2310556322336197,
      "count": 268128
    },
    "relative_mse": {
      "mean": 1.0498948097229004,
      "std": 3.2723050117492676,
      "variance": 10.707979202270508,
      "count": 268128
    }
  },
  "valid1": {
    "mse": {
      "mean": 15.84964656829834
    },
    "nmse": {
      "mean": 0.1749790608882904
    },
    "mae": {
      "mean": 2.196662425994873
    },
    "nmae": {
      "mean": 0.24705803394317627
    },
    "relative_mse": {
      "mean": 0.3355814516544342
    }
  },
  "valid2": {
    "mse": {
      "mean": 16.638288497924805
    },
    "nmse": {
      "mean": 0.17559733986854553
    },
    "mae": {
      "mean": 2.266672134399414
    },
    "nmae": {
      "mean": 0.24738731980323792
    },
    "relative_mse": {
      "mean": 0.3392049968242645
    }
  }
}