{
  "test1": {
    "mse": {
      "mean": 359644448.0,
      "std": 7462237184.0,
      "variance": 5.568498189299456e+19,
      "count": 1266912
    },
    "nmse": {
      "mean": 63.68636703491211,
      "std": 725.105712890625,
      "variance": 525778.3125,
      "count": 1266912
    },
    "mae": {
      "mean": 3053.897216796875,
      "std": 18716.7890625,
      "variance": 350318144.0,
      "count": 1266912
    },
    "nmae": {
      "mean": 4.414230823516846,
      "std": 6.648378372192383,
      "variance": 44.20093536376953,
      "count": 1266912
    },
    "relative_mse": {
      "mean": 1.3463733196258545,
      "std": 2.086461067199707,
      "variance": 4.3533196449279785,
      "count": 1266912
    }
  },
  "test2": {
    "mse": {
      "mean": 7145788.5,
      "std": 26022354.0,
      "variance": 677162931716096.0,
      "count": 320544
    },
    "nmse": {
      "mean": 54.08464431762695,
      "std": 409.7248840332031,
      "variance": 167874.46875,
      "count": 320544
    },
    "mae": {
      "mean": 1345.1572265625,
      "std": 2310.052001953125,
      "variance": 5336340.5,
      "count": 320544
    },
    "nmae": {
      "mean": 4.479849815368652,
      "std": 5.832287788391113,
      "variance": 34.01557922363281,
      "count": 320544
    },
    "relative_mse": {
      "mean": 1.2786051034927368,
      "std": 1.3056927919387817,
      "variance": 1.7048336267471313,
      "count": 320544
    }
  }
}