{
  "test1": {
    "mse": {
      "mean": 0.000807964417617768,
      "std": 0.00486959982663393,
      "variance": 2.371300433878787e-05,
      "count": 1964928
    },
    "nmse": {
      "mean": 0.2993025779724121,
      "std": 2.844250202178955,
      "variance": 8.089759826660156,
      "count": 1964928
    },
    "mae": {
      "mean": 0.012731342576444149,
      "std": 0.0254141166806221,
      "variance": 0.0006458773277699947,
      "count": 1964928
    },
    "nmae": {
      "mean": 0.26218414306640625,
      "std": 0.48016875982284546,
      "variance": 0.23056204617023468,
      "count": 1964928
    },
    "relative_mse": {
      "mean": 0.21464811265468597,
      "std": 1.9472094774246216,
      "variance": 3.7916247844696045,
      "count": 1964928
    }
  },
  "test2": {
    "mse": {
      "mean": 0.0008317550527863204,
      "std": 0.004763807635754347,
      "variance": 2.2693864593748003e-05,
      "count": 491232
    },
    "nmse": {
      "mean": 0.2974107563495636,
      "std": 3.017436981201172,
      "variance": 9.104926109313965,
      "count": 491232
    },
    "mae": {
      "mean": 0.0132591612637043,
      "std": 0.02561151422560215,
      "variance": 0.000655949697829783,
      "count": 491232
    },
    "nmae": {
      "mean": 0.26560166478157043,
      "std": 0.4763050973415375,
      "variance": 0.22686655819416046,
      "count": 491232
    },
    "relative_mse": {
      "mean": 0.21497106552124023,
      "std": 5.174006938934326,
      "variance": 26.770347595214844,
      "count": 491232
    }
  }
}