{
  "test1": {
    "mse": {
      "mean": 0.31157875061035156,
      "std": 0.6178317070007324,
      "variance": 0.3817159831523895,
      "count": 1967784
    },
    "nmse": {
      "mean": 100.54739379882812,
      "std": 189.4766845703125,
      "variance": 35901.4140625,
      "count": 1967784
    },
    "mae": {
      "mean": 0.3905574679374695,
      "std": 0.3988027274608612,
      "variance": 0.15904362499713898,
      "count": 1967784
    },
    "nmae": {
      "mean": 7.704702377319336,
      "std": 6.417551040649414,
      "variance": 41.184959411621094,
      "count": 1967784
    },
    "relative_mse": {
      "mean": 85.27302551269531,
      "std": 430.0965881347656,
      "variance": 184983.078125,
      "count": 1967784
    }
  },
  "test2": {
    "mse": {
      "mean": 0.27238088846206665,
      "std": 0.5613501071929932,
      "variance": 0.31511396169662476,
      "count": 494088
    },
    "nmse": {
      "mean": 93.80511474609375,
      "std": 135.24655151367188,
      "variance": 18291.630859375,
      "count": 494088
    },
    "mae": {
      "mean": 0.3582952916622162,
      "std": 0.37948039174079895,
      "variance": 0.14400535821914673,
      "count": 494088
    },
    "nmae": {
      "mean": 7.430556297302246,
      "std": 6.212241172790527,
      "variance": 38.591941833496094,
      "count": 494088
    },
    "relative_mse": {
      "mean": 71.22069549560547,
      "std": 155.0308074951172,
      "variance": 24034.55078125,
      "count": 494088
    }
  }
}