{
  "test1": {
    "mse": {
      "mean": 10048312.0,
      "std": 442596800.0,
      "variance": 1.958919465420718e+17,
      "count": 1254960
    },
    "nmse": {
      "mean": 0.5961241126060486,
      "std": 22.798852920532227,
      "variance": 519.7877197265625,
      "count": 1254960
    },
    "mae": {
      "mean": 335.2098693847656,
      "std": 3152.133544921875,
      "variance": 9935947.0,
      "count": 1254960
    },
    "nmae": {
      "mean": 0.40555524826049805,
      "std": 0.6570000648498535,
      "variance": 0.4316490590572357,
      "count": 1254960
    },
    "relative_mse": {
      "mean": 0.08013223856687546,
      "std": 1.1320630311965942,
      "variance": 1.2815666198730469,
      "count": 1254960
    }
  },
  "test2": {
    "mse": {
      "mean": 97840.0390625,
      "std": 1148073.25,
      "variance": 1318072090624.0,
      "count": 317520
    },
    "nmse": {
      "mean": 0.4426535665988922,
      "std": 3.168031692504883,
      "variance": 10.036425590515137,
      "count": 317520
    },
    "mae": {
      "mean": 119.09413146972656,
      "std": 289.23455810546875,
      "variance": 83656.6328125,
      "count": 317520
    },
    "nmae": {
      "mean": 0.40780970454216003,
      "std": 0.5256850719451904,
      "variance": 0.27634483575820923,
      "count": 317520
    },
    "relative_mse": {
      "mean": 0.057356204837560654,
      "std": 0.39436477422714233,
      "variance": 0.15552358329296112,
      "count": 317520
    }
  }
}