{
  "test1": {
    "mse": {
      "mean": 0.0007831145776435733,
      "std": 0.004678346682339907,
      "variance": 2.1886928152525797e-05,
      "count": 1852032
    },
    "nmse": {
      "mean": 0.280070960521698,
      "std": 2.319685935974121,
      "variance": 5.380943298339844,
      "count": 1852032
    },
    "mae": {
      "mean": 0.012623153626918793,
      "std": 0.024975400418043137,
      "variance": 0.000623770582024008,
      "count": 1852032
    },
    "nmae": {
      "mean": 0.2566474974155426,
      "std": 0.46282073855400085,
      "variance": 0.21420304477214813,
      "count": 1852032
    },
    "relative_mse": {
      "mean": 0.20290803909301758,
      "std": 1.7027928829193115,
      "variance": 2.899503707885742,
      "count": 1852032
    }
  },
  "test2": {
    "mse": {
      "mean": 0.0008084633736871183,
      "std": 0.00495010195299983,
      "variance": 2.4503511667717248e-05,
      "count": 465024
    },
    "nmse": {
      "mean": 0.30986908078193665,
      "std": 3.9988784790039062,
      "variance": 15.991029739379883,
      "count": 465024
    },
    "mae": {
      "mean": 0.012746675871312618,
      "std": 0.02541624754667282,
      "variance": 0.0006459855940192938,
      "count": 465024
    },
    "nmae": {
      "mean": 0.26076817512512207,
      "std": 0.49180179834365845,
      "variance": 0.2418690174818039,
      "count": 465024
    },
    "relative_mse": {
      "mean": 0.21619559824466705,
      "std": 2.0100326538085938,
      "variance": 4.040231227874756,
      "count": 465024
    }
  }
}