{
  "test1": {
    "mse": {
      "mean": 11.544059753417969,
      "std": 54.426578521728516,
      "variance": 2962.25244140625,
      "count": 1090872
    },
    "nmse": {
      "mean": 0.23980304598808289,
      "std": 1.5673105716705322,
      "variance": 2.4564623832702637,
      "count": 1090872
    },
    "mae": {
      "mean": 1.7281267642974854,
      "std": 2.9253439903259277,
      "variance": 8.557638168334961,
      "count": 1090872
    },
    "nmae": {
      "mean": 0.23604732751846313,
      "std": 0.42905092239379883,
      "variance": 0.1840846985578537,
      "count": 1090872
    },
    "relative_mse": {
      "mean": 0.8938255310058594,
      "std": 6.513708591461182,
      "variance": 42.42839813232422,
      "count": 1090872
    }
  },
  "test2": {
    "mse": {
      "mean": 9.246644020080566,
      "std": 35.80463790893555,
      "variance": 1281.97216796875,
      "count": 280224
    },
    "nmse": {
      "mean": 0.23221881687641144,
      "std": 1.3634929656982422,
      "variance": 1.8591129779815674,
      "count": 280224
    },
    "mae": {
      "mean": 1.6357208490371704,
      "std": 2.5634078979492188,
      "variance": 6.5710601806640625,
      "count": 280224
    },
    "nmae": {
      "mean": 0.23859143257141113,
      "std": 0.41867998242378235,
      "variance": 0.1752929389476776,
      "count": 280224
    },
    "relative_mse": {
      "mean": 0.8499273657798767,
      "std": 5.5702996253967285,
      "variance": 31.028236389160156,
      "count": 280224
    }
  },
  "valid1": {
    "mse": {
      "mean": 11.2152099609375
    },
    "nmse": {
      "mean": 0.1275976300239563
    },
    "mae": {
      "mean": 1.7400132417678833
    },
    "nmae": {
      "mean": 0.1986367553472519
    },
    "relative_mse": {
      "mean": 0.28981223702430725
    }
  },
  "valid2": {
    "mse": {
      "mean": 8.692754745483398
    },
    "nmse": {
      "mean": 0.12673480808734894
    },
    "mae": {
      "mean": 1.646211862564087
    },
    "nmae": {
      "mean": 0.20080213248729706
    },
    "relative_mse": {
      "mean": 0.2802213728427887
    }
  }
}