{
  "test1": {
    "mse": {
      "mean": 16405809.0,
      "std": 556732416.0,
      "variance": 3.0995098784025805e+17,
      "count": 1254960
    },
    "nmse": {
      "mean": 288.0320739746094,
      "std": 10427.6630859375,
      "variance": 108736152.0,
      "count": 1254960
    },
    "mae": {
      "mean": 557.34814453125,
      "std": 4011.87890625,
      "variance": 16095172.0,
      "count": 1254960
    },
    "nmae": {
      "mean": 2.7304844856262207,
      "std": 16.750417709350586,
      "variance": 280.5765075683594,
      "count": 1254960
    },
    "relative_mse": {
      "mean": 3.258847713470459,
      "std": 48.98501205444336,
      "variance": 2399.531494140625,
      "count": 1254960
    }
  },
  "test2": {
    "mse": {
      "mean": 669376.3125,
      "std": 4962452.0,
      "variance": 24625928994816.0,
      "count": 317520
    },
    "nmse": {
      "mean": 539.947509765625,
      "std": 5249.5185546875,
      "variance": 27557446.0,
      "count": 317520
    },
    "mae": {
      "mean": 346.5438537597656,
      "std": 741.13671875,
      "variance": 549283.6875,
      "count": 317520
    },
    "nmae": {
      "mean": 4.723541736602783,
      "std": 22.75160789489746,
      "variance": 517.6356201171875,
      "count": 317520
    },
    "relative_mse": {
      "mean": 13.436910629272461,
      "std": 142.68060302734375,
      "variance": 20357.751953125,
      "count": 317520
    }
  }
}