{
  "test1": {
    "mse": {
      "mean": 0.0008468845044262707,
      "std": 0.004742580931633711,
      "variance": 2.2492076823255047e-05,
      "count": 2298504
    },
    "nmse": {
      "mean": 0.3330257833003998,
      "std": 6.166316986083984,
      "variance": 38.02346420288086,
      "count": 2298504
    },
    "mae": {
      "mean": 0.014030476100742817,
      "std": 0.02549569122493267,
      "variance": 0.000650030211545527,
      "count": 2298504
    },
    "nmae": {
      "mean": 0.2899633049964905,
      "std": 0.498945951461792,
      "variance": 0.24894708395004272,
      "count": 2298504
    },
    "relative_mse": {
      "mean": 0.8765813112258911,
      "std": 210.2611846923828,
      "variance": 44209.765625,
      "count": 2298504
    }
  },
  "test2": {
    "mse": {
      "mean": 0.0007510490249842405,
      "std": 0.004161209799349308,
      "variance": 1.7315665900241584e-05,
      "count": 577128
    },
    "nmse": {
      "mean": 0.3625066578388214,
      "std": 8.898430824279785,
      "variance": 79.18207550048828,
      "count": 577128
    },
    "mae": {
      "mean": 0.01329247746616602,
      "std": 0.02396578900516033,
      "variance": 0.0005743590299971402,
      "count": 577128
    },
    "nmae": {
      "mean": 0.29033806920051575,
      "std": 0.5274565815925598,
      "variance": 0.27821043133735657,
      "count": 577128
    },
    "relative_mse": {
      "mean": 1.3518387079238892,
      "std": 320.2364501953125,
      "variance": 102551.390625,
      "count": 577128
    }
  }
}