{
  "test1": {
    "mse": {
      "mean": 0.0008074450306594372,
      "std": 0.00477159209549427,
      "variance": 2.27680920943385e-05,
      "count": 1733760
    },
    "nmse": {
      "mean": 0.31523409485816956,
      "std": 3.0420620441436768,
      "variance": 9.254141807556152,
      "count": 1733760
    },
    "mae": {
      "mean": 0.012997034005820751,
      "std": 0.02526899427175522,
      "variance": 0.0006385220913216472,
      "count": 1733760
    },
    "nmae": {
      "mean": 0.2707490026950836,
      "std": 0.49186286330223083,
      "variance": 0.2419290691614151,
      "count": 1733760
    },
    "relative_mse": {
      "mean": 0.2219376116991043,
      "std": 3.6276581287384033,
      "variance": 13.159902572631836,
      "count": 1733760
    }
  },
  "test2": {
    "mse": {
      "mean": 0.00081823073560372,
      "std": 0.004879050422459841,
      "variance": 2.3805134333088063e-05,
      "count": 433440
    },
    "nmse": {
      "mean": 0.3352808356285095,
      "std": 3.745138645172119,
      "variance": 14.026062965393066,
      "count": 433440
    },
    "mae": {
      "mean": 0.0131059056147933,
      "std": 0.02542569488286972,
      "variance": 0.0006464659818448126,
      "count": 433440
    },
    "nmae": {
      "mean": 0.2716618478298187,
      "std": 0.5113517642021179,
      "variance": 0.2614806592464447,
      "count": 433440
    },
    "relative_mse": {
      "mean": 0.23063401877880096,
      "std": 2.090364933013916,
      "variance": 4.369625091552734,
      "count": 433440
    }
  },
  "valid1": {
    "mse": {
      "mean": 0.0006270315498113632
    },
    "nmse": {
      "mean": 0.3608596920967102
    },
    "mae": {
      "mean": 0.010845503769814968
    },
    "nmae": {
      "mean": 0.2389787882566452
    },
    "relative_mse": {
      "mean": 0.2050740122795105
    }
  },
  "valid2": {
    "mse": {
      "mean": 0.0006388585898093879
    },
    "nmse": {
      "mean": 0.25626713037490845
    },
    "mae": {
      "mean": 0.01088648196309805
    },
    "nmae": {
      "mean": 0.22935092449188232
    },
    "relative_mse": {
      "mean": 0.15776844322681427
    }
  }
}