{
  "test1": {
    "mse": {
      "mean": 0.7547013163566589,
      "std": 1.193355679512024,
      "variance": 1.4240977764129639,
      "count": 1736280
    },
    "nmse": {
      "mean": 236.92897033691406,
      "std": 263.6618957519531,
      "variance": 69517.59375,
      "count": 1736280
    },
    "mae": {
      "mean": 0.6596387624740601,
      "std": 0.5653123259544373,
      "variance": 0.31957799196243286,
      "count": 1736280
    },
    "nmae": {
      "mean": 12.88917350769043,
      "std": 8.414165496826172,
      "variance": 70.79818725585938,
      "count": 1736280
    },
    "relative_mse": {
      "mean": 189.37242126464844,
      "std": 321.1484069824219,
      "variance": 103136.2890625,
      "count": 1736280
    }
  },
  "test2": {
    "mse": {
      "mean": 0.7813234925270081,
      "std": 1.5365158319473267,
      "variance": 2.3608808517456055,
      "count": 435960
    },
    "nmse": {
      "mean": 211.52285766601562,
      "std": 254.27328491210938,
      "variance": 64654.90234375,
      "count": 435960
    },
    "mae": {
      "mean": 0.6473496556282043,
      "std": 0.6018819808959961,
      "variance": 0.36226189136505127,
      "count": 435960
    },
    "nmae": {
      "mean": 12.088652610778809,
      "std": 8.086243629455566,
      "variance": 65.38734436035156,
      "count": 435960
    },
    "relative_mse": {
      "mean": 189.7386932373047,
      "std": 321.3492736816406,
      "variance": 103265.359375,
      "count": 435960
    }
  }
}