{
  "test1": {
    "mse": {
      "mean": 210126.265625,
      "std": 9474531.0,
      "variance": 89766745866240.0,
      "count": 1171296
    },
    "nmse": {
      "mean": 0.29654645919799805,
      "std": 6.946722984313965,
      "variance": 48.256961822509766,
      "count": 1171296
    },
    "mae": {
      "mean": 128.05111694335938,
      "std": 440.14678955078125,
      "variance": 193729.1875,
      "count": 1171296
    },
    "nmae": {
      "mean": 0.3268548250198364,
      "std": 0.43555983901023865,
      "variance": 0.18971237540245056,
      "count": 1171296
    },
    "relative_mse": {
      "mean": 0.05367930233478546,
      "std": 0.7595407962799072,
      "variance": 0.5769022703170776,
      "count": 1171296
    }
  },
  "test2": {
    "mse": {
      "mean": 29827824.0,
      "std": 539128640.0,
      "variance": 2.9065971273354445e+17,
      "count": 296352
    },
    "nmse": {
      "mean": 0.2103225588798523,
      "std": 0.6739632487297058,
      "variance": 0.4542264938354492,
      "count": 296352
    },
    "mae": {
      "mean": 707.7908325195312,
      "std": 5415.427734375,
      "variance": 29326856.0,
      "count": 296352
    },
    "nmae": {
      "mean": 0.3051888644695282,
      "std": 0.3423190116882324,
      "variance": 0.11718229949474335,
      "count": 296352
    },
    "relative_mse": {
      "mean": 0.03467130288481712,
      "std": 0.2836242914199829,
      "variance": 0.08044273406267166,
      "count": 296352
    }
  },
  "valid1": {
    "mse": {
      "mean": 173968.015625
    },
    "nmse": {
      "mean": 0.41612324118614197
    },
    "mae": {
      "mean": 122.46963500976562
    },
    "nmae": {
      "mean": 0.3171025216579437
    },
    "relative_mse": {
      "mean": 0.07544434070587158
    }
  },
  "valid2": {
    "mse": {
      "mean": 8685467.0
    },
    "nmse": {
      "mean": 0.19091686606407166
    },
    "mae": {
      "mean": 439.0621032714844
    },
    "nmae": {
      "mean": 0.29247212409973145
    },
    "relative_mse": {
      "mean": 0.03510286659002304
    }
  }
}