{
  "test1": {
    "mse": {
      "mean": 0.001276281662285328,
      "std": 0.005013247951865196,
      "variance": 2.513265462766867e-05,
      "count": 2298504
    },
    "nmse": {
      "mean": 0.7229160666465759,
      "std": 8.231247901916504,
      "variance": 67.7534408569336,
      "count": 2298504
    },
    "mae": {
      "mean": 0.02199532277882099,
      "std": 0.028151152655482292,
      "variance": 0.0007924874080345035,
      "count": 2298504
    },
    "nmae": {
      "mean": 0.5141091346740723,
      "std": 0.6772059202194214,
      "variance": 0.45860785245895386,
      "count": 2298504
    },
    "relative_mse": {
      "mean": 1.505289912223816,
      "std": 284.02789306640625,
      "variance": 80671.84375,
      "count": 2298504
    }
  },
  "test2": {
    "mse": {
      "mean": 0.001336738932877779,
      "std": 0.005480727646499872,
      "variance": 3.0038372642593458e-05,
      "count": 577128
    },
    "nmse": {
      "mean": 30573690880.0,
      "std": 1014972284928.0,
      "variance": 1.0301687270322573e+24,
      "count": 577128
    },
    "mae": {
      "mean": 0.022283637896180153,
      "std": 0.028985831886529922,
      "variance": 0.0008401783998124301,
      "count": 577128
    },
    "nmae": {
      "mean": 6557.947265625,
      "std": 174730.3125,
      "variance": 30530680832.0,
      "count": 577128
    },
    "relative_mse": {
      "mean": 30573690880.0,
      "std": 1014972284928.0,
      "variance": 1.0301687270322573e+24,
      "count": 577128
    }
  }
}