{
  "test1": {
    "mse": {
      "mean": 17870038.0,
      "std": 123545736.0,
      "variance": 1.5263548192063488e+16,
      "count": 1129464
    },
    "nmse": {
      "mean": 683.30419921875,
      "std": 11698.6630859375,
      "variance": 136858720.0,
      "count": 1129464
    },
    "mae": {
      "mean": 1852.385009765625,
      "std": 3799.830322265625,
      "variance": 14438710.0,
      "count": 1129464
    },
    "nmae": {
      "mean": 8.23987865447998,
      "std": 24.807430267333984,
      "variance": 615.4085693359375,
      "count": 1129464
    },
    "relative_mse": {
      "mean": 13.630196571350098,
      "std": 105.97282409667969,
      "variance": 11230.23828125,
      "count": 1129464
    }
  },
  "test2": {
    "mse": {
      "mean": 1016533888.0,
      "std": 11781518336.0,
      "variance": 1.3880417747779086e+20,
      "count": 285768
    },
    "nmse": {
      "mean": 68.41546630859375,
      "std": 231.54251098632812,
      "variance": 53611.93359375,
      "count": 285768
    },
    "mae": {
      "mean": 4954.48583984375,
      "std": 31495.82421875,
      "variance": 991986944.0,
      "count": 285768
    },
    "nmae": {
      "mean": 6.080722808837891,
      "std": 5.607163429260254,
      "variance": 31.440282821655273,
      "count": 285768
    },
    "relative_mse": {
      "mean": 3.4827985763549805,
      "std": 4.429354667663574,
      "variance": 19.61918067932129,
      "count": 285768
    }
  },
  "valid1": {
    "mse": {
      "mean": 14564718.0
    },
    "nmse": {
      "mean": 1102.914794921875
    },
    "mae": {
      "mean": 1692.970947265625
    },
    "nmae": {
      "mean": 8.688295364379883
    },
    "relative_mse": {
      "mean": 12.691905975341797
    }
  },
  "valid2": {
    "mse": {
      "mean": 363687968.0
    },
    "nmse": {
      "mean": 111.77870178222656
    },
    "mae": {
      "mean": 3745.51904296875
    },
    "nmae": {
      "mean": 5.846683979034424
    },
    "relative_mse": {
      "mean": 3.333820343017578
    }
  }
}