{
  "test1": {
    "mse": {
      "mean": 386762.96875,
      "std": 8762475.0,
      "variance": 76780962578432.0,
      "count": 1183248
    },
    "nmse": {
      "mean": 319.1567687988281,
      "std": 6138.14794921875,
      "variance": 37676860.0,
      "count": 1183248
    },
    "mae": {
      "mean": 328.16217041015625,
      "std": 528.273193359375,
      "variance": 279072.53125,
      "count": 1183248
    },
    "nmae": {
      "mean": 3.8296561241149902,
      "std": 17.449655532836914,
      "variance": 304.4905090332031,
      "count": 1183248
    },
    "relative_mse": {
      "mean": 6.302791595458984,
      "std": 66.49866485595703,
      "variance": 4422.07275390625,
      "count": 1183248
    }
  },
  "test2": {
    "mse": {
      "mean": 39467488.0,
      "std": 543240000.0,
      "variance": 2.951096768093225e+17,
      "count": 299376
    },
    "nmse": {
      "mean": 17.521329879760742,
      "std": 81.92777252197266,
      "variance": 6712.16064453125,
      "count": 299376
    },
    "mae": {
      "mean": 985.9862060546875,
      "std": 6204.45947265625,
      "variance": 38495316.0,
      "count": 299376
    },
    "nmae": {
      "mean": 2.4334964752197266,
      "std": 3.405792713165283,
      "variance": 11.599424362182617,
      "count": 299376
    },
    "relative_mse": {
      "mean": 0.834602952003479,
      "std": 1.8756482601165771,
      "variance": 3.5180563926696777,
      "count": 299376
    }
  },
  "valid1": {
    "mse": {
      "mean": 308182.0625
    },
    "nmse": {
      "mean": 574.8370971679688
    },
    "mae": {
      "mean": 313.7591857910156
    },
    "nmae": {
      "mean": 4.296420574188232
    },
    "relative_mse": {
      "mean": 5.893049240112305
    }
  },
  "valid2": {
    "mse": {
      "mean": 10683454.0
    },
    "nmse": {
      "mean": 32.37749099731445
    },
    "mae": {
      "mean": 636.3640747070312
    },
    "nmae": {
      "mean": 2.418938159942627
    },
    "relative_mse": {
      "mean": 0.8142451047897339
    }
  }
}