{
  "test1": {
    "mse": {
      "mean": 0.0007873623399063945,
      "std": 0.0046052830293774605,
      "variance": 2.1208632460911758e-05,
      "count": 1852032
    },
    "nmse": {
      "mean": 0.2933702766895294,
      "std": 2.888791084289551,
      "variance": 8.345113754272461,
      "count": 1852032
    },
    "mae": {
      "mean": 0.01286741066724062,
      "std": 0.024935757741332054,
      "variance": 0.0006217920454218984,
      "count": 1852032
    },
    "nmae": {
      "mean": 0.2634389102458954,
      "std": 0.4732549488544464,
      "variance": 0.2239702343940735,
      "count": 1852032
    },
    "relative_mse": {
      "mean": 0.2087513506412506,
      "std": 1.85239577293396,
      "variance": 3.4313700199127197,
      "count": 1852032
    }
  },
  "test2": {
    "mse": {
      "mean": 0.0008084774599410594,
      "std": 0.005046030506491661,
      "variance": 2.546242467360571e-05,
      "count": 465024
    },
    "nmse": {
      "mean": 0.26831939816474915,
      "std": 2.09029483795166,
      "variance": 4.369332313537598,
      "count": 465024
    },
    "mae": {
      "mean": 0.0129713024944067,
      "std": 0.025302624329924583,
      "variance": 0.0006402228027582169,
      "count": 465024
    },
    "nmae": {
      "mean": 0.26106175780296326,
      "std": 0.4473993182182312,
      "variance": 0.20016615092754364,
      "count": 465024
    },
    "relative_mse": {
      "mean": 0.20047564804553986,
      "std": 1.3821858167648315,
      "variance": 1.910437822341919,
      "count": 465024
    }
  }
}