{
  "test1": {
    "mse": {
      "mean": 0.0008073500939644873,
      "std": 0.004839732311666012,
      "variance": 2.3423008315148763e-05,
      "count": 1733760
    },
    "nmse": {
      "mean": 0.3235517740249634,
      "std": 3.241734266281128,
      "variance": 10.508840560913086,
      "count": 1733760
    },
    "mae": {
      "mean": 0.01303131878376007,
      "std": 0.025249451398849487,
      "variance": 0.0006375348311848938,
      "count": 1733760
    },
    "nmae": {
      "mean": 0.2736274003982544,
      "std": 0.4986780881881714,
      "variance": 0.24867984652519226,
      "count": 1733760
    },
    "relative_mse": {
      "mean": 0.2245466560125351,
      "std": 2.2079334259033203,
      "variance": 4.874970436096191,
      "count": 1733760
    }
  },
  "test2": {
    "mse": {
      "mean": 0.0008240020833909512,
      "std": 0.004572730977088213,
      "variance": 2.0909868908347562e-05,
      "count": 433440
    },
    "nmse": {
      "mean": 0.3052765130996704,
      "std": 2.974651336669922,
      "variance": 8.848550796508789,
      "count": 433440
    },
    "mae": {
      "mean": 0.013546177186071873,
      "std": 0.025308165699243546,
      "variance": 0.0006405032472684979,
      "count": 433440
    },
    "nmae": {
      "mean": 0.2730567753314972,
      "std": 0.48032957315444946,
      "variance": 0.2307164967060089,
      "count": 433440
    },
    "relative_mse": {
      "mean": 0.2204969972372055,
      "std": 6.077704906463623,
      "variance": 36.93849563598633,
      "count": 433440
    }
  },
  "valid1": {
    "mse": {
      "mean": 0.0006236009649001062
    },
    "nmse": {
      "mean": 0.3227599859237671
    },
    "mae": {
      "mean": 0.010722912847995758
    },
    "nmae": {
      "mean": 0.2351636439561844
    },
    "relative_mse": {
      "mean": 0.18620531260967255
    }
  },
  "valid2": {
    "mse": {
      "mean": 0.0006532330298796296
    },
    "nmse": {
      "mean": 0.40827590227127075
    },
    "mae": {
      "mean": 0.011342313140630722
    },
    "nmae": {
      "mean": 0.24269340932369232
    },
    "relative_mse": {
      "mean": 0.2335934191942215
    }
  }
}