{
  "test1": {
    "mse": {
      "mean": 1.1462167501449585,
      "std": 2.157687187194824,
      "variance": 4.655613422393799,
      "count": 1736280
    },
    "nmse": {
      "mean": 357.3316345214844,
      "std": 550.4977416992188,
      "variance": 303047.75,
      "count": 1736280
    },
    "mae": {
      "mean": 0.7691468000411987,
      "std": 0.7447347044944763,
      "variance": 0.5546298027038574,
      "count": 1736280
    },
    "nmae": {
      "mean": 14.961565971374512,
      "std": 11.553491592407227,
      "variance": 133.48316955566406,
      "count": 1736280
    },
    "relative_mse": {
      "mean": 307.91278076171875,
      "std": 1398.7215576171875,
      "variance": 1956421.875,
      "count": 1736280
    }
  },
  "test2": {
    "mse": {
      "mean": 0.9855660200119019,
      "std": 1.972541332244873,
      "variance": 3.8909192085266113,
      "count": 435960
    },
    "nmse": {
      "mean": 330.6088562011719,
      "std": 454.6004943847656,
      "variance": 206661.609375,
      "count": 435960
    },
    "mae": {
      "mean": 0.6957327127456665,
      "std": 0.7081822752952576,
      "variance": 0.5015221834182739,
      "count": 435960
    },
    "nmae": {
      "mean": 14.238900184631348,
      "std": 11.307634353637695,
      "variance": 127.86260223388672,
      "count": 435960
    },
    "relative_mse": {
      "mean": 248.9368896484375,
      "std": 516.4188842773438,
      "variance": 266688.46875,
      "count": 435960
    }
  }
}