{
  "test1": {
    "mse": {
      "mean": 11.545793533325195,
      "std": 54.628849029541016,
      "variance": 2984.31103515625,
      "count": 1127496
    },
    "nmse": {
      "mean": 0.7035533785820007,
      "std": 6.9173197746276855,
      "variance": 47.84931182861328,
      "count": 1127496
    },
    "mae": {
      "mean": 1.7188606262207031,
      "std": 2.93109393119812,
      "variance": 8.59131145477295,
      "count": 1127496
    },
    "nmae": {
      "mean": 0.31745457649230957,
      "std": 0.7763864398002625,
      "variance": 0.6027759313583374,
      "count": 1127496
    },
    "relative_mse": {
      "mean": 2.7865025997161865,
      "std": 30.662824630737305,
      "variance": 940.2088012695312,
      "count": 1127496
    }
  },
  "test2": {
    "mse": {
      "mean": 9.272869110107422,
      "std": 35.975502014160156,
      "variance": 1294.2366943359375,
      "count": 289632
    },
    "nmse": {
      "mean": 0.6689486503601074,
      "std": 6.760631561279297,
      "variance": 45.70614242553711,
      "count": 289632
    },
    "mae": {
      "mean": 1.629921317100525,
      "std": 2.572202682495117,
      "variance": 6.6162261962890625,
      "count": 289632
    },
    "nmae": {
      "mean": 0.31919822096824646,
      "std": 0.7530345916748047,
      "variance": 0.5670611262321472,
      "count": 289632
    },
    "relative_mse": {
      "mean": 2.6839895248413086,
      "std": 34.071014404296875,
      "variance": 1160.8338623046875,
      "count": 289632
    }
  }
}