{
  "test1": {
    "mse": {
      "mean": 10.114583015441895,
      "std": 42.21599578857422,
      "variance": 1782.190185546875,
      "count": 1090872
    },
    "nmse": {
      "mean": 0.2176738828420639,
      "std": 1.1796040534973145,
      "variance": 1.3914657831192017,
      "count": 1090872
    },
    "mae": {
      "mean": 1.665339469909668,
      "std": 2.709469795227051,
      "variance": 7.341226577758789,
      "count": 1090872
    },
    "nmae": {
      "mean": 0.2353978455066681,
      "std": 0.4028172791004181,
      "variance": 0.1622617542743683,
      "count": 1090872
    },
    "relative_mse": {
      "mean": 0.7891693711280823,
      "std": 4.813228130340576,
      "variance": 23.167165756225586,
      "count": 1090872
    }
  },
  "test2": {
    "mse": {
      "mean": 14.72453784942627,
      "std": 75.22132873535156,
      "variance": 5658.24853515625,
      "count": 280224
    },
    "nmse": {
      "mean": 0.21499276161193848,
      "std": 1.2197879552841187,
      "variance": 1.4878826141357422,
      "count": 280224
    },
    "mae": {
      "mean": 1.9049447774887085,
      "std": 3.331024408340454,
      "variance": 11.095724105834961,
      "count": 280224
    },
    "nmae": {
      "mean": 0.23233285546302795,
      "std": 0.4012657701969147,
      "variance": 0.16101421415805817,
      "count": 280224
    },
    "relative_mse": {
      "mean": 0.7946431636810303,
      "std": 4.860352993011475,
      "variance": 23.623031616210938,
      "count": 280224
    }
  },
  "valid1": {
    "mse": {
      "mean": 9.794492721557617
    },
    "nmse": {
      "mean": 0.12659436464309692
    },
    "mae": {
      "mean": 1.7200595140457153
    },
    "nmae": {
      "mean": 0.20488978922367096
    },
    "relative_mse": {
      "mean": 0.2836512327194214
    }
  },
  "valid2": {
    "mse": {
      "mean": 14.400971412658691
    },
    "nmse": {
      "mean": 0.12371916323900223
    },
    "mae": {
      "mean": 1.9740272760391235
    },
    "nmae": {
      "mean": 0.20169681310653687
    },
    "relative_mse": {
      "mean": 0.28377091884613037
    }
  }
}