{
  "test1": {
    "mse": {
      "mean": 0.0009350029868073761,
      "std": 0.0054107774049043655,
      "variance": 2.9276512577780522e-05,
      "count": 2199288
    },
    "nmse": {
      "mean": 44849148.0,
      "std": 3220599296.0,
      "variance": 1.037226053281094e+19,
      "count": 2199288
    },
    "mae": {
      "mean": 0.014078985899686813,
      "std": 0.02714378573000431,
      "variance": 0.0007367850630544126,
      "count": 2199288
    },
    "nmae": {
      "mean": 114.26448822021484,
      "std": 6695.9755859375,
      "variance": 44836092.0,
      "count": 2199288
    },
    "relative_mse": {
      "mean": 44849148.0,
      "std": 3220599296.0,
      "variance": 1.037226053281094e+19,
      "count": 2199288
    }
  },
  "test2": {
    "mse": {
      "mean": 0.0008499749237671494,
      "std": 0.004799339454621077,
      "variance": 2.303365727129858e-05,
      "count": 552216
    },
    "nmse": {
      "mean": 0.39733394980430603,
      "std": 5.003663539886475,
      "variance": 25.03664779663086,
      "count": 552216
    },
    "mae": {
      "mean": 0.013499412685632706,
      "std": 0.025840681046247482,
      "variance": 0.0006677407654933631,
      "count": 552216
    },
    "nmae": {
      "mean": 0.2988477945327759,
      "std": 0.554999053478241,
      "variance": 0.30802395939826965,
      "count": 552216
    },
    "relative_mse": {
      "mean": 0.2683919370174408,
      "std": 2.7923805713653564,
      "variance": 7.797389507293701,
      "count": 552216
    }
  }
}