{
  "test1": {
    "mse": {
      "mean": 15.292800903320312,
      "std": 60.315528869628906,
      "variance": 3637.962890625,
      "count": 1127496
    },
    "nmse": {
      "mean": 0.9811190962791443,
      "std": 8.390199661254883,
      "variance": 70.39544677734375,
      "count": 1127496
    },
    "mae": {
      "mean": 2.265886068344116,
      "std": 3.1872501373291016,
      "variance": 10.158562660217285,
      "count": 1127496
    },
    "nmae": {
      "mean": 0.4380873143672943,
      "std": 0.8883684873580933,
      "variance": 0.7891985774040222,
      "count": 1127496
    },
    "relative_mse": {
      "mean": 4.090604305267334,
      "std": 41.424259185791016,
      "variance": 1715.9691162109375,
      "count": 1127496
    }
  },
  "test2": {
    "mse": {
      "mean": 11.930765151977539,
      "std": 38.15068054199219,
      "variance": 1455.474365234375,
      "count": 289632
    },
    "nmse": {
      "mean": 0.9145947694778442,
      "std": 8.542983055114746,
      "variance": 72.98255920410156,
      "count": 289632
    },
    "mae": {
      "mean": 2.126213788986206,
      "std": 2.72212815284729,
      "variance": 7.4099812507629395,
      "count": 289632
    },
    "nmae": {
      "mean": 0.4307401180267334,
      "std": 0.8538487553596497,
      "variance": 0.7290577292442322,
      "count": 289632
    },
    "relative_mse": {
      "mean": 3.8279194831848145,
      "std": 45.16770553588867,
      "variance": 2040.1214599609375,
      "count": 289632
    }
  },
  "valid1": {
    "mse": {
      "mean": 14.674247741699219
    },
    "nmse": {
      "mean": 0.226640522480011
    },
    "mae": {
      "mean": 2.2041590213775635
    },
    "nmae": {
      "mean": 0.27642568945884705
    },
    "relative_mse": {
      "mean": 0.4883981943130493
    }
  },
  "valid2": {
    "mse": {
      "mean": 11.15694808959961
    },
    "nmse": {
      "mean": 0.21017597615718842
    },
    "mae": {
      "mean": 2.0689828395843506
    },
    "nmae": {
      "mean": 0.27046504616737366
    },
    "relative_mse": {
      "mean": 0.43448901176452637
    }
  }
}