{
  "test1": {
    "mse": {
      "mean": 20795702.0,
      "std": 159651216.0,
      "variance": 2.5488509187915776e+16,
      "count": 1266912
    },
    "nmse": {
      "mean": 184.51014709472656,
      "std": 2669.626220703125,
      "variance": 7126904.0,
      "count": 1266912
    },
    "mae": {
      "mean": 1726.541748046875,
      "std": 4220.75341796875,
      "variance": 17814758.0,
      "count": 1266912
    },
    "nmae": {
      "mean": 5.7887396812438965,
      "std": 12.28823184967041,
      "variance": 151.00062561035156,
      "count": 1266912
    },
    "relative_mse": {
      "mean": 2.674010992050171,
      "std": 10.819366455078125,
      "variance": 117.05868530273438,
      "count": 1266912
    }
  },
  "test2": {
    "mse": {
      "mean": 1242367744.0,
      "std": 13860294656.0,
      "variance": 1.9210776232055747e+20,
      "count": 320544
    },
    "nmse": {
      "mean": 17.02416229248047,
      "std": 31.838916778564453,
      "variance": 1013.7166137695312,
      "count": 320544
    },
    "mae": {
      "mean": 6251.33203125,
      "std": 34688.44921875,
      "variance": 1203288448.0,
      "count": 320544
    },
    "nmae": {
      "mean": 3.672975778579712,
      "std": 1.8797359466552734,
      "variance": 3.53340744972229,
      "count": 320544
    },
    "relative_mse": {
      "mean": 1.430938482284546,
      "std": 2.2718305587768555,
      "variance": 5.1612138748168945,
      "count": 320544
    }
  }
}