{
  "test1": {
    "mse": {
      "mean": 27161588.0,
      "std": 733265344.0,
      "variance": 5.3767809097374106e+17,
      "count": 1302528
    },
    "nmse": {
      "mean": 1.1652883715914203e+19,
      "std": 2.2764839376897494e+20,
      "variance": Infinity,
      "count": 1302528
    },
    "mae": {
      "mean": 909.0401000976562,
      "std": 5131.78662109375,
      "variance": 26335234.0,
      "count": 1302528
    },
    "nmae": {
      "mean": 214598128.0,
      "std": 3406880000.0,
      "variance": 1.1606830671384805e+19,
      "count": 1302528
    },
    "relative_mse": {
      "mean": 1.1652883715914203e+19,
      "std": 2.2764839376897494e+20,
      "variance": Infinity,
      "count": 1302528
    }
  },
  "test2": {
    "mse": {
      "mean": 1155361.5,
      "std": 7177276.5,
      "variance": 51513300877312.0,
      "count": 330720
    },
    "nmse": {
      "mean": 6847.80810546875,
      "std": 96702.5078125,
      "variance": 9351374848.0,
      "count": 330720
    },
    "mae": {
      "mean": 529.2091064453125,
      "std": 935.5742797851562,
      "variance": 875299.1875,
      "count": 330720
    },
    "nmae": {
      "mean": 12.933587074279785,
      "std": 81.73451232910156,
      "variance": 6680.53076171875,
      "count": 330720
    },
    "relative_mse": {
      "mean": 60.35844039916992,
      "std": 641.4453735351562,
      "variance": 411452.125,
      "count": 330720
    }
  }
}