{
  "test1": {
    "mse": {
      "mean": 25299194.0,
      "std": 618670528.0,
      "variance": 3.827531917683589e+17,
      "count": 1266912
    },
    "nmse": {
      "mean": 593.866943359375,
      "std": 19753.546875,
      "variance": 390202624.0,
      "count": 1266912
    },
    "mae": {
      "mean": 999.7922973632812,
      "std": 4929.46337890625,
      "variance": 24299610.0,
      "count": 1266912
    },
    "nmae": {
      "mean": 3.7761099338531494,
      "std": 24.075048446655273,
      "variance": 579.6079711914062,
      "count": 1266912
    },
    "relative_mse": {
      "mean": 6.297420978546143,
      "std": 91.86780548095703,
      "variance": 8439.6943359375,
      "count": 1266912
    }
  },
  "test2": {
    "mse": {
      "mean": 3354835.0,
      "std": 17678162.0,
      "variance": 312517423267840.0,
      "count": 320544
    },
    "nmse": {
      "mean": 1062.3797607421875,
      "std": 9983.5439453125,
      "variance": 99671144.0,
      "count": 320544
    },
    "mae": {
      "mean": 716.94140625,
      "std": 1685.476318359375,
      "variance": 2840830.25,
      "count": 320544
    },
    "nmae": {
      "mean": 6.39589786529541,
      "std": 31.960477828979492,
      "variance": 1021.4722290039062,
      "count": 320544
    },
    "relative_mse": {
      "mean": 27.506526947021484,
      "std": 279.98046875,
      "variance": 78389.0703125,
      "count": 320544
    }
  }
}