{
  "test1": {
    "mse": {
      "mean": 37160164.0,
      "std": 992537664.0,
      "variance": 9.851310136864276e+17,
      "count": 1272000
    },
    "nmse": {
      "mean": 1262.3551025390625,
      "std": 41758.72265625,
      "variance": 1743790848.0,
      "count": 1272000
    },
    "mae": {
      "mean": 890.3685913085938,
      "std": 6030.53955078125,
      "variance": 36367408.0,
      "count": 1272000
    },
    "nmae": {
      "mean": 5.514543056488037,
      "std": 35.09907150268555,
      "variance": 1231.9449462890625,
      "count": 1272000
    },
    "relative_mse": {
      "mean": 13.061976432800293,
      "std": 184.69406127929688,
      "variance": 34111.89453125,
      "count": 1272000
    }
  },
  "test2": {
    "mse": {
      "mean": 1551894.0,
      "std": 10457695.0,
      "variance": 109363389792256.0,
      "count": 320544
    },
    "nmse": {
      "mean": 2196.640869140625,
      "std": 20268.310546875,
      "variance": 410804448.0,
      "count": 320544
    },
    "mae": {
      "mean": 564.2344970703125,
      "std": 1110.6455078125,
      "variance": 1233533.5,
      "count": 320544
    },
    "nmae": {
      "mean": 9.53034496307373,
      "std": 45.88914108276367,
      "variance": 2105.8134765625,
      "count": 320544
    },
    "relative_mse": {
      "mean": 55.40547180175781,
      "std": 562.5426025390625,
      "variance": 316454.1875,
      "count": 320544
    }
  }
}