{
  "test1": {
    "mse": {
      "mean": 21.9019775390625,
      "std": 81.1751480102539,
      "variance": 6589.40478515625,
      "count": 1080408
    },
    "nmse": {
      "mean": 0.4281143844127655,
      "std": 1.944469928741455,
      "variance": 3.780963182449341,
      "count": 1080408
    },
    "mae": {
      "mean": 2.4588897228240967,
      "std": 3.9819393157958984,
      "variance": 15.855841636657715,
      "count": 1080408
    },
    "nmae": {
      "mean": 0.33351394534111023,
      "std": 0.5629234910011292,
      "variance": 0.316882848739624,
      "count": 1080408
    },
    "relative_mse": {
      "mean": 1.5779623985290527,
      "std": 8.976452827453613,
      "variance": 80.57670593261719,
      "count": 1080408
    }
  },
  "test2": {
    "mse": {
      "mean": 17.953771591186523,
      "std": 55.27592086791992,
      "variance": 3055.427734375,
      "count": 277536
    },
    "nmse": {
      "mean": 0.43928784132003784,
      "std": 1.995334267616272,
      "variance": 3.981358766555786,
      "count": 277536
    },
    "mae": {
      "mean": 2.323688268661499,
      "std": 3.5431973934173584,
      "variance": 12.55424690246582,
      "count": 277536
    },
    "nmae": {
      "mean": 0.3367808163166046,
      "std": 0.5708471536636353,
      "variance": 0.3258664906024933,
      "count": 277536
    },
    "relative_mse": {
      "mean": 1.6095141172409058,
      "std": 9.159856796264648,
      "variance": 83.90298461914062,
      "count": 277536
    }
  },
  "valid1": {
    "mse": {
      "mean": 16.517751693725586
    },
    "nmse": {
      "mean": 0.18061648309230804
    },
    "mae": {
      "mean": 2.1937994956970215
    },
    "nmae": {
      "mean": 0.245912566781044
    },
    "relative_mse": {
      "mean": 0.3784142732620239
    }
  },
  "valid2": {
    "mse": {
      "mean": 12.94760513305664
    },
    "nmse": {
      "mean": 0.17846480011940002
    },
    "mae": {
      "mean": 2.0623626708984375
    },
    "nmae": {
      "mean": 0.24617999792099
    },
    "relative_mse": {
      "mean": 0.365349680185318
    }
  }
}