{
  "test1": {
    "mse": {
      "mean": 10.209750175476074,
      "std": 42.626251220703125,
      "variance": 1816.997314453125,
      "count": 1127496
    },
    "nmse": {
      "mean": 0.7457313537597656,
      "std": 7.432174205780029,
      "variance": 55.237213134765625,
      "count": 1127496
    },
    "mae": {
      "mean": 1.6471498012542725,
      "std": 2.7380006313323975,
      "variance": 7.496647834777832,
      "count": 1127496
    },
    "nmae": {
      "mean": 0.3192986845970154,
      "std": 0.802358865737915,
      "variance": 0.6437796950340271,
      "count": 1127496
    },
    "relative_mse": {
      "mean": 2.977330207824707,
      "std": 34.30217361450195,
      "variance": 1176.63916015625,
      "count": 1127496
    }
  },
  "test2": {
    "mse": {
      "mean": 14.751120567321777,
      "std": 75.7967758178711,
      "variance": 5745.15087890625,
      "count": 289632
    },
    "nmse": {
      "mean": 0.7620850205421448,
      "std": 7.529088973999023,
      "variance": 56.68717956542969,
      "count": 289632
    },
    "mae": {
      "mean": 1.8880743980407715,
      "std": 3.3445920944213867,
      "variance": 11.186297416687012,
      "count": 289632
    },
    "nmae": {
      "mean": 0.32046157121658325,
      "std": 0.8120279312133789,
      "variance": 0.6593893766403198,
      "count": 289632
    },
    "relative_mse": {
      "mean": 3.1245357990264893,
      "std": 35.05946350097656,
      "variance": 1229.166015625,
      "count": 289632
    }
  },
  "valid1": {
    "mse": {
      "mean": 10.167266845703125
    },
    "nmse": {
      "mean": 0.19443435966968536
    },
    "mae": {
      "mean": 1.6891283988952637
    },
    "nmae": {
      "mean": 0.2215002030134201
    },
    "relative_mse": {
      "mean": 0.4098007380962372
    }
  },
  "valid2": {
    "mse": {
      "mean": 14.77530288696289
    },
    "nmse": {
      "mean": 0.19779515266418457
    },
    "mae": {
      "mean": 1.9323952198028564
    },
    "nmae": {
      "mean": 0.21920722723007202
    },
    "relative_mse": {
      "mean": 0.432345449924469
    }
  }
}