{
  "test1": {
    "mse": {
      "mean": 19.21307945251465,
      "std": 64.93941497802734,
      "variance": 4217.1279296875,
      "count": 1080408
    },
    "nmse": {
      "mean": 0.4249015152454376,
      "std": 1.916465401649475,
      "variance": 3.672839403152466,
      "count": 1080408
    },
    "mae": {
      "mean": 2.3366310596466064,
      "std": 3.7085351943969727,
      "variance": 13.753233909606934,
      "count": 1080408
    },
    "nmae": {
      "mean": 0.3310264050960541,
      "std": 0.5615363121032715,
      "variance": 0.3153230547904968,
      "count": 1080408
    },
    "relative_mse": {
      "mean": 1.546207070350647,
      "std": 8.818063735961914,
      "variance": 77.75824737548828,
      "count": 1080408
    }
  },
  "test2": {
    "mse": {
      "mean": 28.338136672973633,
      "std": 113.60688018798828,
      "variance": 12906.5244140625,
      "count": 277536
    },
    "nmse": {
      "mean": 0.4384596049785614,
      "std": 2.0514066219329834,
      "variance": 4.208269119262695,
      "count": 277536
    },
    "mae": {
      "mean": 2.721210479736328,
      "std": 4.575275421142578,
      "variance": 20.933147430419922,
      "count": 277536
    },
    "nmae": {
      "mean": 0.33186280727386475,
      "std": 0.5729979872703552,
      "variance": 0.32832667231559753,
      "count": 277536
    },
    "relative_mse": {
      "mean": 1.6391124725341797,
      "std": 9.406851768493652,
      "variance": 88.48885345458984,
      "count": 277536
    }
  },
  "valid1": {
    "mse": {
      "mean": 14.59302806854248
    },
    "nmse": {
      "mean": 0.18175044655799866
    },
    "mae": {
      "mean": 2.1529452800750732
    },
    "nmae": {
      "mean": 0.2529599964618683
    },
    "relative_mse": {
      "mean": 0.37500861287117004
    }
  },
  "valid2": {
    "mse": {
      "mean": 21.094913482666016
    },
    "nmse": {
      "mean": 0.17927967011928558
    },
    "mae": {
      "mean": 2.470323324203491
    },
    "nmae": {
      "mean": 0.24965742230415344
    },
    "relative_mse": {
      "mean": 0.37690630555152893
    }
  }
}