{
  "test1": {
    "mse": {
      "mean": 7709137.0,
      "std": 262687968.0,
      "variance": 6.900497180209971e+16,
      "count": 1171296
    },
    "nmse": {
      "mean": 0.23655804991722107,
      "std": 6.679495334625244,
      "variance": 44.615657806396484,
      "count": 1171296
    },
    "mae": {
      "mean": 270.37994384765625,
      "std": 2763.3369140625,
      "variance": 7636031.5,
      "count": 1171296
    },
    "nmae": {
      "mean": 0.29614701867103577,
      "std": 0.3858173191547394,
      "variance": 0.14885500073432922,
      "count": 1171296
    },
    "relative_mse": {
      "mean": 0.036753371357917786,
      "std": 0.5514015555381775,
      "variance": 0.30404365062713623,
      "count": 1171296
    }
  },
  "test2": {
    "mse": {
      "mean": 78203.6015625,
      "std": 793982.25,
      "variance": 630407757824.0,
      "count": 296352
    },
    "nmse": {
      "mean": 0.2574254870414734,
      "std": 3.9209139347076416,
      "variance": 15.373565673828125,
      "count": 296352
    },
    "mae": {
      "mean": 107.58805847167969,
      "std": 258.12481689453125,
      "variance": 66628.421875,
      "count": 296352
    },
    "nmae": {
      "mean": 0.29573872685432434,
      "std": 0.4122670292854309,
      "variance": 0.16996410489082336,
      "count": 296352
    },
    "relative_mse": {
      "mean": 0.05522290989756584,
      "std": 0.7258867621421814,
      "variance": 0.5269116163253784,
      "count": 296352
    }
  }
}