{
  "test1": {
    "mse": {
      "mean": 0.0012193344300612807,
      "std": 0.005229428876191378,
      "variance": 2.7346926799509674e-05,
      "count": 2295168
    },
    "nmse": {
      "mean": 0.6949202418327332,
      "std": 8.522674560546875,
      "variance": 72.635986328125,
      "count": 2295168
    },
    "mae": {
      "mean": 0.020459258928894997,
      "std": 0.028297580778598785,
      "variance": 0.0008007531287148595,
      "count": 2295168
    },
    "nmae": {
      "mean": 0.4756844639778137,
      "std": 0.6845762133598328,
      "variance": 0.46864455938339233,
      "count": 2295168
    },
    "relative_mse": {
      "mean": 1.7326737642288208,
      "std": 286.3367919921875,
      "variance": 81988.75,
      "count": 2295168
    }
  },
  "test2": {
    "mse": {
      "mean": 0.0012033304665237665,
      "std": 0.005292351823300123,
      "variance": 2.8008988010697067e-05,
      "count": 573792
    },
    "nmse": {
      "mean": 0.5650932788848877,
      "std": 3.3104002475738525,
      "variance": 10.958749771118164,
      "count": 573792
    },
    "mae": {
      "mean": 0.020335329696536064,
      "std": 0.02810346893966198,
      "variance": 0.0007898049079813063,
      "count": 573792
    },
    "nmae": {
      "mean": 0.45163312554359436,
      "std": 0.6009332537651062,
      "variance": 0.3611207604408264,
      "count": 573792
    },
    "relative_mse": {
      "mean": 0.8578973412513733,
      "std": 37.679588317871094,
      "variance": 1419.751220703125,
      "count": 573792
    }
  },
  "valid1": {
    "mse": {
      "mean": 0.0010277810506522655
    },
    "nmse": {
      "mean": 0.6387068629264832
    },
    "mae": {
      "mean": 0.01862863078713417
    },
    "nmae": {
      "mean": 0.45459887385368347
    },
    "relative_mse": {
      "mean": 0.349832683801651
    }
  },
  "valid2": {
    "mse": {
      "mean": 0.0010344136971980333
    },
    "nmse": {
      "mean": 0.5023560523986816
    },
    "mae": {
      "mean": 0.018610166385769844
    },
    "nmae": {
      "mean": 0.42987167835235596
    },
    "relative_mse": {
      "mean": 0.2853224575519562
    }
  }
}