{
  "test1": {
    "mse": {
      "mean": 0.001137338811531663,
      "std": 0.004884825553745031,
      "variance": 2.3861523004597984e-05,
      "count": 2298504
    },
    "nmse": {
      "mean": 3932478208.0,
      "std": 229081186304.0,
      "variance": 5.247819015433508e+22,
      "count": 2298504
    },
    "mae": {
      "mean": 0.019964154809713364,
      "std": 0.027180347591638565,
      "variance": 0.0007387712830677629,
      "count": 2298504
    },
    "nmae": {
      "mean": 1230.689208984375,
      "std": 62697.39453125,
      "variance": 3930963200.0,
      "count": 2298504
    },
    "relative_mse": {
      "mean": 3932478208.0,
      "std": 229081186304.0,
      "variance": 5.247819015433508e+22,
      "count": 2298504
    }
  },
  "test2": {
    "mse": {
      "mean": 0.0012039641151204705,
      "std": 0.005448727402836084,
      "variance": 2.9688630093005486e-05,
      "count": 577128
    },
    "nmse": {
      "mean": 0.5118399858474731,
      "std": 9.062493324279785,
      "variance": 82.12879180908203,
      "count": 577128
    },
    "mae": {
      "mean": 0.02002641186118126,
      "std": 0.028335614129900932,
      "variance": 0.0008029069867916405,
      "count": 577128
    },
    "nmae": {
      "mean": 0.4372754693031311,
      "std": 0.5662422180175781,
      "variance": 0.3206302225589752,
      "count": 577128
    },
    "relative_mse": {
      "mean": 2.0557267665863037,
      "std": 355.5951232910156,
      "variance": 126447.8984375,
      "count": 577128
    }
  }
}