{
  "test1": {
    "mse": {
      "mean": 0.0007998760556802154,
      "std": 0.004707269370555878,
      "variance": 2.2158386855153367e-05,
      "count": 2295168
    },
    "nmse": {
      "mean": 0.32974907755851746,
      "std": 5.2226033210754395,
      "variance": 27.275583267211914,
      "count": 2295168
    },
    "mae": {
      "mean": 0.013159570284187794,
      "std": 0.025034012272953987,
      "variance": 0.0006267018034122884,
      "count": 2295168
    },
    "nmae": {
      "mean": 0.28070876002311707,
      "std": 0.5009507536888123,
      "variance": 0.2509516477584839,
      "count": 2295168
    },
    "relative_mse": {
      "mean": 0.7194473743438721,
      "std": 161.0571746826172,
      "variance": 25939.412109375,
      "count": 2295168
    }
  },
  "test2": {
    "mse": {
      "mean": 0.000817144988104701,
      "std": 0.004504250828176737,
      "variance": 2.028827293543145e-05,
      "count": 573792
    },
    "nmse": {
      "mean": 0.35567790269851685,
      "std": 10.913973808288574,
      "variance": 119.11483001708984,
      "count": 573792
    },
    "mae": {
      "mean": 0.01369688380509615,
      "std": 0.025090642273426056,
      "variance": 0.0006295402999967337,
      "count": 573792
    },
    "nmae": {
      "mean": 0.2858143150806427,
      "std": 0.5234387516975403,
      "variance": 0.27398809790611267,
      "count": 573792
    },
    "relative_mse": {
      "mean": 1.882478952407837,
      "std": 412.31707763671875,
      "variance": 170005.390625,
      "count": 573792
    }
  }
}