{
  "test1": {
    "mse": {
      "mean": 0.0008283486240543425,
      "std": 0.004832993261516094,
      "variance": 2.3357824829872698e-05,
      "count": 2298504
    },
    "nmse": {
      "mean": 60095772.0,
      "std": 4051395584.0,
      "variance": 1.6413805348068e+19,
      "count": 2298504
    },
    "mae": {
      "mean": 0.013437681831419468,
      "std": 0.02545147016644478,
      "variance": 0.0006477773422375321,
      "count": 2298504
    },
    "nmae": {
      "mean": 145.44744873046875,
      "std": 7750.78173828125,
      "variance": 60074620.0,
      "count": 2298504
    },
    "relative_mse": {
      "mean": 60095772.0,
      "std": 4051395584.0,
      "variance": 1.6413805348068e+19,
      "count": 2298504
    }
  },
  "test2": {
    "mse": {
      "mean": 0.0007166190771386027,
      "std": 0.004011246375739574,
      "variance": 1.6090096323750913e-05,
      "count": 577128
    },
    "nmse": {
      "mean": 0.3208303153514862,
      "std": 3.462190628051758,
      "variance": 11.986763000488281,
      "count": 577128
    },
    "mae": {
      "mean": 0.012625261209905148,
      "std": 0.023605547845363617,
      "variance": 0.0005572218797169626,
      "count": 577128
    },
    "nmae": {
      "mean": 0.28269466757774353,
      "std": 0.4908299446105957,
      "variance": 0.24091403186321259,
      "count": 577128
    },
    "relative_mse": {
      "mean": 0.3458223044872284,
      "std": 22.325613021850586,
      "variance": 498.4329833984375,
      "count": 577128
    }
  }
}