{
  "test1": {
    "mse": {
      "mean": 0.0008982245344668627,
      "std": 0.004424129147082567,
      "variance": 1.9572917153709568e-05,
      "count": 2067000
    },
    "nmse": {
      "mean": 0.3131832480430603,
      "std": 2.5866880416870117,
      "variance": 6.690955638885498,
      "count": 2067000
    },
    "mae": {
      "mean": 0.01617524027824402,
      "std": 0.025230657309293747,
      "variance": 0.0006365860463120043,
      "count": 2067000
    },
    "nmae": {
      "mean": 0.32572242617607117,
      "std": 0.4550693929195404,
      "variance": 0.2070881575345993,
      "count": 2067000
    },
    "relative_mse": {
      "mean": 0.23648203909397125,
      "std": 2.866786003112793,
      "variance": 8.218461990356445,
      "count": 2067000
    }
  },
  "test2": {
    "mse": {
      "mean": 0.0009152641287073493,
      "std": 0.004590094555169344,
      "variance": 2.10689668165287e-05,
      "count": 519000
    },
    "nmse": {
      "mean": 0.3370415270328522,
      "std": 3.0305564403533936,
      "variance": 9.184271812438965,
      "count": 519000
    },
    "mae": {
      "mean": 0.016281235963106155,
      "std": 0.025498736649751663,
      "variance": 0.000650185567792505,
      "count": 519000
    },
    "nmae": {
      "mean": 0.33379754424095154,
      "std": 0.474995493888855,
      "variance": 0.22562071681022644,
      "count": 519000
    },
    "relative_mse": {
      "mean": 0.256769061088562,
      "std": 2.1463403701782227,
      "variance": 4.606776714324951,
      "count": 519000
    }
  }
}