{
  "test1": {
    "mse": {
      "mean": 0.000794986030086875,
      "std": 0.004841026850044727,
      "variance": 2.343553933314979e-05,
      "count": 1733760
    },
    "nmse": {
      "mean": 0.3221195638179779,
      "std": 3.378962278366089,
      "variance": 11.41738510131836,
      "count": 1733760
    },
    "mae": {
      "mean": 0.012759113684296608,
      "std": 0.02514340914785862,
      "variance": 0.000632191076874733,
      "count": 1733760
    },
    "nmae": {
      "mean": 0.26950523257255554,
      "std": 0.49948620796203613,
      "variance": 0.24948646128177643,
      "count": 1733760
    },
    "relative_mse": {
      "mean": 0.23071406781673431,
      "std": 3.7317864894866943,
      "variance": 13.926230430603027,
      "count": 1733760
    }
  },
  "test2": {
    "mse": {
      "mean": 0.0008699502795934677,
      "std": 0.004650639370083809,
      "variance": 2.1628446120303124e-05,
      "count": 433440
    },
    "nmse": {
      "mean": 0.30823636054992676,
      "std": 2.2909138202667236,
      "variance": 5.248286247253418,
      "count": 433440
    },
    "mae": {
      "mean": 0.014199051074683666,
      "std": 0.025852220132946968,
      "variance": 0.0006683372193947434,
      "count": 433440
    },
    "nmae": {
      "mean": 0.28097957372665405,
      "std": 0.47883906960487366,
      "variance": 0.22928686439990997,
      "count": 433440
    },
    "relative_mse": {
      "mean": 0.19482281804084778,
      "std": 1.2424155473709106,
      "variance": 1.5435962677001953,
      "count": 433440
    }
  }
}