{
  "test1": {
    "mse": {
      "mean": 0.0008163866586983204,
      "std": 0.004915740340948105,
      "variance": 2.4164501155610196e-05,
      "count": 1736280
    },
    "nmse": {
      "mean": 0.32702383399009705,
      "std": 3.4131274223327637,
      "variance": 11.649438858032227,
      "count": 1736280
    },
    "mae": {
      "mean": 0.012983124703168869,
      "std": 0.02545240893959999,
      "variance": 0.0006478251307271421,
      "count": 1736280
    },
    "nmae": {
      "mean": 0.2715010643005371,
      "std": 0.503300130367279,
      "variance": 0.25331100821495056,
      "count": 1736280
    },
    "relative_mse": {
      "mean": 0.23096688091754913,
      "std": 3.7303478717803955,
      "variance": 13.915495872497559,
      "count": 1736280
    }
  },
  "test2": {
    "mse": {
      "mean": 0.0007751977536827326,
      "std": 0.0043274718336761,
      "variance": 1.8727014321484603e-05,
      "count": 435960
    },
    "nmse": {
      "mean": 0.2895452380180359,
      "std": 2.028712034225464,
      "variance": 4.1156721115112305,
      "count": 435960
    },
    "mae": {
      "mean": 0.013042484410107136,
      "std": 0.024598602205514908,
      "variance": 0.0006050912197679281,
      "count": 435960
    },
    "nmae": {
      "mean": 0.2696346938610077,
      "std": 0.4656633734703064,
      "variance": 0.216842383146286,
      "count": 435960
    },
    "relative_mse": {
      "mean": 0.19405539333820343,
      "std": 1.2738173007965088,
      "variance": 1.622610330581665,
      "count": 435960
    }
  }
}