{
  "test1": {
    "mse": {
      "mean": 0.0009005076135508716,
      "std": 0.005335713271051645,
      "variance": 2.8469836252043024e-05,
      "count": 2199288
    },
    "nmse": {
      "mean": 0.37496045231819153,
      "std": 8.17940902709961,
      "variance": 66.9027328491211,
      "count": 2199288
    },
    "mae": {
      "mean": 0.013531371019780636,
      "std": 0.02678450383245945,
      "variance": 0.0007174096535891294,
      "count": 2199288
    },
    "nmae": {
      "mean": 0.28331854939460754,
      "std": 0.5428545475006104,
      "variance": 0.2946910560131073,
      "count": 2199288
    },
    "relative_mse": {
      "mean": 0.24886047840118408,
      "std": 4.03257942199707,
      "variance": 16.26169776916504,
      "count": 2199288
    }
  },
  "test2": {
    "mse": {
      "mean": 0.0008302399655804038,
      "std": 0.004613426048308611,
      "variance": 2.128369851561729e-05,
      "count": 552216
    },
    "nmse": {
      "mean": 0.3206673860549927,
      "std": 2.659722089767456,
      "variance": 7.074121475219727,
      "count": 552216
    },
    "mae": {
      "mean": 0.013336137868463993,
      "std": 0.025541875511407852,
      "variance": 0.0006523873889818788,
      "count": 552216
    },
    "nmae": {
      "mean": 0.2759174406528473,
      "std": 0.4945067763328552,
      "variance": 0.24453695118427277,
      "count": 552216
    },
    "relative_mse": {
      "mean": 0.21830233931541443,
      "std": 1.678135871887207,
      "variance": 2.8161401748657227,
      "count": 552216
    }
  }
}