{
  "test1": {
    "mse": {
      "mean": 188030.953125,
      "std": 8595221.0,
      "variance": 73877816344576.0,
      "count": 1183248
    },
    "nmse": {
      "mean": 0.1908685266971588,
      "std": 6.555945873260498,
      "variance": 42.98042678833008,
      "count": 1183248
    },
    "mae": {
      "mean": 124.59535217285156,
      "std": 415.3395690917969,
      "variance": 172506.953125,
      "count": 1183248
    },
    "nmae": {
      "mean": 0.2710359990596771,
      "std": 0.3426485061645508,
      "variance": 0.11740799993276596,
      "count": 1183248
    },
    "relative_mse": {
      "mean": 0.03822343796491623,
      "std": 0.5145806074142456,
      "variance": 0.2647932171821594,
      "count": 1183248
    }
  },
  "test2": {
    "mse": {
      "mean": 12944766.0,
      "std": 250072720.0,
      "variance": 6.253636450726707e+16,
      "count": 299376
    },
    "nmse": {
      "mean": 0.1915816068649292,
      "std": 1.5472346544265747,
      "variance": 2.393935203552246,
      "count": 299376
    },
    "mae": {
      "mean": 455.4715881347656,
      "std": 3568.93701171875,
      "variance": 12737312.0,
      "count": 299376
    },
    "nmae": {
      "mean": 0.28457239270210266,
      "std": 0.3325660526752472,
      "variance": 0.11060018092393875,
      "count": 299376
    },
    "relative_mse": {
      "mean": 0.03373982384800911,
      "std": 0.338521808385849,
      "variance": 0.11459702253341675,
      "count": 299376
    }
  },
  "valid1": {
    "mse": {
      "mean": 144313.1875
    },
    "nmse": {
      "mean": 0.20632748305797577
    },
    "mae": {
      "mean": 115.4841079711914
    },
    "nmae": {
      "mean": 0.2637293040752411
    },
    "relative_mse": {
      "mean": 0.045479439198970795
    }
  },
  "valid2": {
    "mse": {
      "mean": 4664791.5
    },
    "nmse": {
      "mean": 0.1599929928779602
    },
    "mae": {
      "mean": 293.13482666015625
    },
    "nmae": {
      "mean": 0.2677391469478607
    },
    "relative_mse": {
      "mean": 0.02742842771112919
    }
  }
}