{
  "test1": {
    "mse": {
      "mean": 9518461.0,
      "std": 417736992.0,
      "variance": 1.745041948189655e+17,
      "count": 1254960
    },
    "nmse": {
      "mean": 0.4956859052181244,
      "std": 22.57660484313965,
      "variance": 509.703125,
      "count": 1254960
    },
    "mae": {
      "mean": 285.5351867675781,
      "std": 3071.958740234375,
      "variance": 9436931.0,
      "count": 1254960
    },
    "nmae": {
      "mean": 0.32910770177841187,
      "std": 0.622393786907196,
      "variance": 0.38737404346466064,
      "count": 1254960
    },
    "relative_mse": {
      "mean": 0.05512242391705513,
      "std": 1.028050422668457,
      "variance": 1.0568877458572388,
      "count": 1254960
    }
  },
  "test2": {
    "mse": {
      "mean": 78406.96875,
      "std": 1014690.875,
      "variance": 1029597560832.0,
      "count": 317520
    },
    "nmse": {
      "mean": 0.3458667993545532,
      "std": 3.171278238296509,
      "variance": 10.057005882263184,
      "count": 317520
    },
    "mae": {
      "mean": 96.78765106201172,
      "std": 262.7529602050781,
      "variance": 69039.109375,
      "count": 317520
    },
    "nmae": {
      "mean": 0.3320947289466858,
      "std": 0.48536574840545654,
      "variance": 0.23557990789413452,
      "count": 317520
    },
    "relative_mse": {
      "mean": 0.03829539939761162,
      "std": 0.35487762093544006,
      "variance": 0.12593813240528107,
      "count": 317520
    }
  }
}