{
  "test1": {
    "mse": {
      "mean": 19436794.0,
      "std": 531736448.0,
      "variance": 2.8274365851028685e+17,
      "count": 1183248
    },
    "nmse": {
      "mean": 319.5377197265625,
      "std": 9344.982421875,
      "variance": 87328688.0,
      "count": 1183248
    },
    "mae": {
      "mean": 573.1026000976562,
      "std": 4371.3095703125,
      "variance": 19108348.0,
      "count": 1183248
    },
    "nmae": {
      "mean": 3.4227845668792725,
      "std": 17.544864654541016,
      "variance": 307.822265625,
      "count": 1183248
    },
    "relative_mse": {
      "mean": 6.241368770599365,
      "std": 102.8446044921875,
      "variance": 10577.0126953125,
      "count": 1183248
    }
  },
  "test2": {
    "mse": {
      "mean": 225224.78125,
      "std": 996235.5625,
      "variance": 992485244928.0,
      "count": 299376
    },
    "nmse": {
      "mean": 14.730490684509277,
      "std": 153.7759552001953,
      "variance": 23647.04296875,
      "count": 299376
    },
    "mae": {
      "mean": 299.4380187988281,
      "std": 368.18695068359375,
      "variance": 135561.625,
      "count": 299376
    },
    "nmae": {
      "mean": 1.9430519342422485,
      "std": 3.309839963912964,
      "variance": 10.95504093170166,
      "count": 299376
    },
    "relative_mse": {
      "mean": 1.2631893157958984,
      "std": 6.182295322418213,
      "variance": 38.22077560424805,
      "count": 299376
    }
  }
}