{
  "test1": {
    "mse": {
      "mean": 22522094.0,
      "std": 160369328.0,
      "variance": 2.5718324297990144e+16,
      "count": 1266912
    },
    "nmse": {
      "mean": 203.04559326171875,
      "std": 3055.34033203125,
      "variance": 9335105.0,
      "count": 1266912
    },
    "mae": {
      "mean": 1914.7139892578125,
      "std": 4342.345703125,
      "variance": 18855964.0,
      "count": 1266912
    },
    "nmae": {
      "mean": 5.770179271697998,
      "std": 13.028838157653809,
      "variance": 169.75062561035156,
      "count": 1266912
    },
    "relative_mse": {
      "mean": 2.913884401321411,
      "std": 13.010252952575684,
      "variance": 169.26669311523438,
      "count": 1266912
    }
  },
  "test2": {
    "mse": {
      "mean": 1231531264.0,
      "std": 13823304704.0,
      "variance": 1.910837563552841e+20,
      "count": 320544
    },
    "nmse": {
      "mean": 33.17905044555664,
      "std": 116.11557006835938,
      "variance": 13482.8251953125,
      "count": 320544
    },
    "mae": {
      "mean": 5526.3134765625,
      "std": 34655.3203125,
      "variance": 1200991232.0,
      "count": 320544
    },
    "nmae": {
      "mean": 4.510190010070801,
      "std": 3.5829083919525146,
      "variance": 12.837233543395996,
      "count": 320544
    },
    "relative_mse": {
      "mean": 1.6663877964019775,
      "std": 1.509150743484497,
      "variance": 2.277535915374756,
      "count": 320544
    }
  },
  "valid1": {
    "mse": {
      "mean": 18350010.0
    },
    "nmse": {
      "mean": 316.0757141113281
    },
    "mae": {
      "mean": 1731.5882568359375
    },
    "nmae": {
      "mean": 5.870530128479004
    },
    "relative_mse": {
      "mean": 2.8506996631622314
    }
  },
  "valid2": {
    "mse": {
      "mean": 473338752.0
    },
    "nmse": {
      "mean": 48.63322830200195
    },
    "mae": {
      "mean": 4163.0283203125
    },
    "nmae": {
      "mean": 4.408241271972656
    },
    "relative_mse": {
      "mean": 1.6559656858444214
    }
  }
}