{
  "test1": {
    "mse": {
      "mean": 4221969.0,
      "std": 149580496.0,
      "variance": 2.237432289086669e+16,
      "count": 1266912
    },
    "nmse": {
      "mean": 0.3235323131084442,
      "std": 12.833534240722656,
      "variance": 164.6995849609375,
      "count": 1266912
    },
    "mae": {
      "mean": 262.36712646484375,
      "std": 2037.923583984375,
      "variance": 4153132.25,
      "count": 1266912
    },
    "nmae": {
      "mean": 0.34096524119377136,
      "std": 0.45527470111846924,
      "variance": 0.20727504789829254,
      "count": 1266912
    },
    "relative_mse": {
      "mean": 0.061361491680145264,
      "std": 1.0764809846878052,
      "variance": 1.158811330795288,
      "count": 1266912
    }
  },
  "test2": {
    "mse": {
      "mean": 66236.828125,
      "std": 747510.5,
      "variance": 558771929088.0,
      "count": 320544
    },
    "nmse": {
      "mean": 0.3102291226387024,
      "std": 5.369203090667725,
      "variance": 28.82834243774414,
      "count": 320544
    },
    "mae": {
      "mean": 100.18148803710938,
      "std": 237.0664520263672,
      "variance": 56200.5,
      "count": 320544
    },
    "nmae": {
      "mean": 0.3476558327674866,
      "std": 0.435160368680954,
      "variance": 0.18936455249786377,
      "count": 320544
    },
    "relative_mse": {
      "mean": 0.04536140710115433,
      "std": 0.34601321816444397,
      "variance": 0.11972513794898987,
      "count": 320544
    }
  }
}