{
  "test1": {
    "mse": {
      "mean": 0.0008047635201364756,
      "std": 0.0048395791091024876,
      "variance": 2.342152401979547e-05,
      "count": 1852032
    },
    "nmse": {
      "mean": 0.2955075204372406,
      "std": 2.924697160720825,
      "variance": 8.553853034973145,
      "count": 1852032
    },
    "mae": {
      "mean": 0.012906714342534542,
      "std": 0.02526222914457321,
      "variance": 0.0006381802377291024,
      "count": 1852032
    },
    "nmae": {
      "mean": 0.26410093903541565,
      "std": 0.47514018416404724,
      "variance": 0.22575820982456207,
      "count": 1852032
    },
    "relative_mse": {
      "mean": 0.21274270117282867,
      "std": 1.8758100271224976,
      "variance": 3.5186634063720703,
      "count": 1852032
    }
  },
  "test2": {
    "mse": {
      "mean": 0.0007440095650963485,
      "std": 0.004250174388289452,
      "variance": 1.806398358894512e-05,
      "count": 465024
    },
    "nmse": {
      "mean": 0.2617719769477844,
      "std": 1.8224226236343384,
      "variance": 3.3212242126464844,
      "count": 465024
    },
    "mae": {
      "mean": 0.012774884700775146,
      "std": 0.024100039154291153,
      "variance": 0.0005808119312860072,
      "count": 465024
    },
    "nmae": {
      "mean": 0.25885242223739624,
      "std": 0.4413245916366577,
      "variance": 0.19476738572120667,
      "count": 465024
    },
    "relative_mse": {
      "mean": 0.18540669977664948,
      "std": 1.2927632331848145,
      "variance": 1.6712367534637451,
      "count": 465024
    }
  }
}