{
  "test1": {
    "mse": {
      "mean": 0.000805120391305536,
      "std": 0.004839444998651743,
      "variance": 2.3420227080350742e-05,
      "count": 1852032
    },
    "nmse": {
      "mean": 0.29571712017059326,
      "std": 2.924696683883667,
      "variance": 8.553851127624512,
      "count": 1852032
    },
    "mae": {
      "mean": 0.012921788729727268,
      "std": 0.025261586531996727,
      "variance": 0.0006381477578543127,
      "count": 1852032
    },
    "nmae": {
      "mean": 0.2645011246204376,
      "std": 0.4751381576061249,
      "variance": 0.22575625777244568,
      "count": 1852032
    },
    "relative_mse": {
      "mean": 0.2128521203994751,
      "std": 1.8768377304077148,
      "variance": 3.522519826889038,
      "count": 1852032
    }
  },
  "test2": {
    "mse": {
      "mean": 0.0007443692302331328,
      "std": 0.0042508807964622974,
      "variance": 1.806998989195563e-05,
      "count": 465024
    },
    "nmse": {
      "mean": 0.2619701623916626,
      "std": 1.8223204612731934,
      "variance": 3.320852041244507,
      "count": 465024
    },
    "mae": {
      "mean": 0.01278930064290762,
      "std": 0.02409985475242138,
      "variance": 0.0005808030255138874,
      "count": 465024
    },
    "nmae": {
      "mean": 0.25921714305877686,
      "std": 0.4413350522518158,
      "variance": 0.19477663934230804,
      "count": 465024
    },
    "relative_mse": {
      "mean": 0.18550780415534973,
      "std": 1.2928866147994995,
      "variance": 1.6715558767318726,
      "count": 465024
    }
  }
}