{
  "test1": {
    "mse": {
      "mean": 22.56383514404297,
      "std": 80.1900634765625,
      "variance": 6430.4462890625,
      "count": 1043784
    },
    "nmse": {
      "mean": 0.3450906276702881,
      "std": 0.9495832324028015,
      "variance": 0.9017083048820496,
      "count": 1043784
    },
    "mae": {
      "mean": 2.550930976867676,
      "std": 4.0070672035217285,
      "variance": 16.05658531188965,
      "count": 1043784
    },
    "nmae": {
      "mean": 0.32953810691833496,
      "std": 0.4863077998161316,
      "variance": 0.23649528622627258,
      "count": 1043784
    },
    "relative_mse": {
      "mean": 1.0718159675598145,
      "std": 3.37483549118042,
      "variance": 11.389513969421387,
      "count": 1043784
    }
  },
  "test2": {
    "mse": {
      "mean": 18.299577713012695,
      "std": 53.10293960571289,
      "variance": 2819.92236328125,
      "count": 268128
    },
    "nmse": {
      "mean": 0.34720516204833984,
      "std": 0.9266976118087769,
      "variance": 0.8587685227394104,
      "count": 268128
    },
    "mae": {
      "mean": 2.4073803424835205,
      "std": 3.5361132621765137,
      "variance": 12.504096984863281,
      "count": 268128
    },
    "nmae": {
      "mean": 0.33214375376701355,
      "std": 0.48670899868011475,
      "variance": 0.2368856519460678,
      "count": 268128
    },
    "relative_mse": {
      "mean": 1.069793701171875,
      "std": 3.25459623336792,
      "variance": 10.59239673614502,
      "count": 268128
    }
  }
}