{
  "test1": {
    "mse": {
      "mean": 0.0008927593007683754,
      "std": 0.0049233343452215195,
      "variance": 2.423921978333965e-05,
      "count": 1488240
    },
    "nmse": {
      "mean": 0.36921921372413635,
      "std": 3.232121467590332,
      "variance": 10.446608543395996,
      "count": 1488240
    },
    "mae": {
      "mean": 0.014167534187436104,
      "std": 0.02630666084587574,
      "variance": 0.0006920403684489429,
      "count": 1488240
    },
    "nmae": {
      "mean": 0.3006581962108612,
      "std": 0.5280377268791199,
      "variance": 0.2788238823413849,
      "count": 1488240
    },
    "relative_mse": {
      "mean": 0.2553282380104065,
      "std": 2.3083338737487793,
      "variance": 5.328404903411865,
      "count": 1488240
    }
  },
  "test2": {
    "mse": {
      "mean": 0.0009108348749577999,
      "std": 0.005308640655130148,
      "variance": 2.818166649376508e-05,
      "count": 373680
    },
    "nmse": {
      "mean": 0.32415932416915894,
      "std": 2.049799919128418,
      "variance": 4.201679706573486,
      "count": 373680
    },
    "mae": {
      "mean": 0.014313898049294949,
      "std": 0.0265696682035923,
      "variance": 0.0007059472845867276,
      "count": 373680
    },
    "nmae": {
      "mean": 0.29702332615852356,
      "std": 0.48573291301727295,
      "variance": 0.23593644797801971,
      "count": 373680
    },
    "relative_mse": {
      "mean": 0.23605374991893768,
      "std": 1.5274015665054321,
      "variance": 2.3329555988311768,
      "count": 373680
    }
  }
}