{
  "test1": {
    "mse": {
      "mean": 9817720.0,
      "std": 432169856.0,
      "variance": 1.8677079321503334e+17,
      "count": 1254960
    },
    "nmse": {
      "mean": 0.4254842698574066,
      "std": 9.012310981750488,
      "variance": 81.22174072265625,
      "count": 1254960
    },
    "mae": {
      "mean": 322.86590576171875,
      "std": 3116.64501953125,
      "variance": 9713477.0,
      "count": 1254960
    },
    "nmae": {
      "mean": 0.40550974011421204,
      "std": 0.5109267234802246,
      "variance": 0.2610461413860321,
      "count": 1254960
    },
    "relative_mse": {
      "mean": 0.07139509171247482,
      "std": 1.0074211359024048,
      "variance": 1.014897346496582,
      "count": 1254960
    }
  },
  "test2": {
    "mse": {
      "mean": 144766.59375,
      "std": 1097293.75,
      "variance": 1204053606400.0,
      "count": 317520
    },
    "nmse": {
      "mean": 1.1504008769989014,
      "std": 41.76876449584961,
      "variance": 1744.6297607421875,
      "count": 317520
    },
    "mae": {
      "mean": 147.48785400390625,
      "std": 350.7333984375,
      "variance": 123013.921875,
      "count": 317520
    },
    "nmae": {
      "mean": 0.42383667826652527,
      "std": 0.9852731823921204,
      "variance": 0.9707632660865784,
      "count": 317520
    },
    "relative_mse": {
      "mean": 0.10063454508781433,
      "std": 1.1856663227081299,
      "variance": 1.4058046340942383,
      "count": 317520
    }
  }
}