{
  "test1": {
    "mse": {
      "mean": 0.0013352688401937485,
      "std": 0.005730693694204092,
      "variance": 3.284085323684849e-05,
      "count": 2199288
    },
    "nmse": {
      "mean": 0.617651641368866,
      "std": 7.728491306304932,
      "variance": 59.729576110839844,
      "count": 2199288
    },
    "mae": {
      "mean": 0.021064652130007744,
      "std": 0.029858822003006935,
      "variance": 0.0008915492217056453,
      "count": 2199288
    },
    "nmae": {
      "mean": 0.4684034585952759,
      "std": 0.6310703754425049,
      "variance": 0.3982498049736023,
      "count": 2199288
    },
    "relative_mse": {
      "mean": 0.38611653447151184,
      "std": 3.86702823638916,
      "variance": 14.953907012939453,
      "count": 2199288
    }
  },
  "test2": {
    "mse": {
      "mean": 0.0013853148557245731,
      "std": 0.006106481421738863,
      "variance": 3.728911542566493e-05,
      "count": 552216
    },
    "nmse": {
      "mean": 11803046912.0,
      "std": 508205006848.0,
      "variance": 2.5827234135845066e+23,
      "count": 552216
    },
    "mae": {
      "mean": 0.021243805065751076,
      "std": 0.030561670660972595,
      "variance": 0.0009340157266706228,
      "count": 552216
    },
    "nmae": {
      "mean": 3382.50048828125,
      "std": 108589.1640625,
      "variance": 11791605760.0,
      "count": 552216
    },
    "relative_mse": {
      "mean": 11803046912.0,
      "std": 508205006848.0,
      "variance": 2.5827234135845066e+23,
      "count": 552216
    }
  }
}