{
  "test1": {
    "mse": {
      "mean": 0.001484316075220704,
      "std": 0.006077447906136513,
      "variance": 3.693537655635737e-05,
      "count": 1733760
    },
    "nmse": {
      "mean": 0.7487066984176636,
      "std": 4.4948015213012695,
      "variance": 20.2032413482666,
      "count": 1733760
    },
    "mae": {
      "mean": 0.022918235510587692,
      "std": 0.030968863517045975,
      "variance": 0.0009590705158188939,
      "count": 1733760
    },
    "nmae": {
      "mean": 0.5253115892410278,
      "std": 0.6875714659690857,
      "variance": 0.47275450825691223,
      "count": 1733760
    },
    "relative_mse": {
      "mean": 0.454496830701828,
      "std": 4.172515392303467,
      "variance": 17.40988540649414,
      "count": 1733760
    }
  },
  "test2": {
    "mse": {
      "mean": 0.0017229451332241297,
      "std": 0.006940099876374006,
      "variance": 4.816498767468147e-05,
      "count": 433440
    },
    "nmse": {
      "mean": 0.6513000130653381,
      "std": 2.740885019302368,
      "variance": 7.512450695037842,
      "count": 433440
    },
    "mae": {
      "mean": 0.02513723634183407,
      "std": 0.033031266182661057,
      "variance": 0.0010910645360127091,
      "count": 433440
    },
    "nmae": {
      "mean": 0.5186305046081543,
      "std": 0.6183221936225891,
      "variance": 0.38232237100601196,
      "count": 433440
    },
    "relative_mse": {
      "mean": 0.3772170841693878,
      "std": 1.4518715143203735,
      "variance": 2.107930898666382,
      "count": 433440
    }
  },
  "valid1": {
    "mse": {
      "mean": 0.0012959373416379094
    },
    "nmse": {
      "mean": 0.8199196457862854
    },
    "mae": {
      "mean": 0.021231316030025482
    },
    "nmae": {
      "mean": 0.5214947462081909
    },
    "relative_mse": {
      "mean": 0.4369800388813019
    }
  },
  "valid2": {
    "mse": {
      "mean": 0.0015029569622129202
    },
    "nmse": {
      "mean": 0.6428874731063843
    },
    "mae": {
      "mean": 0.023169584572315216
    },
    "nmae": {
      "mean": 0.5097870230674744
    },
    "relative_mse": {
      "mean": 0.3519616425037384
    }
  }
}