{
  "test1": {
    "mse": {
      "mean": 0.0015098399017006159,
      "std": 0.006216855254024267,
      "variance": 3.864928658003919e-05,
      "count": 1736280
    },
    "nmse": {
      "mean": 0.7316849827766418,
      "std": 4.374506950378418,
      "variance": 19.136310577392578,
      "count": 1736280
    },
    "mae": {
      "mean": 0.023159652948379517,
      "std": 0.031200487166643143,
      "variance": 0.0009734703926369548,
      "count": 1736280
    },
    "nmae": {
      "mean": 0.5230973958969116,
      "std": 0.6767969727516174,
      "variance": 0.4580541253089905,
      "count": 1736280
    },
    "relative_mse": {
      "mean": 0.4476957321166992,
      "std": 3.6491737365722656,
      "variance": 13.316469192504883,
      "count": 1736280
    }
  },
  "test2": {
    "mse": {
      "mean": 0.0013440451584756374,
      "std": 0.004945058375597,
      "variance": 2.4453600417473353e-05,
      "count": 435960
    },
    "nmse": {
      "mean": 0.610068142414093,
      "std": 2.503952980041504,
      "variance": 6.269780158996582,
      "count": 435960
    },
    "mae": {
      "mean": 0.02270834892988205,
      "std": 0.028781523928046227,
      "variance": 0.0008283760980702937,
      "count": 435960
    },
    "nmae": {
      "mean": 0.5022019147872925,
      "std": 0.5982151627540588,
      "variance": 0.35786139965057373,
      "count": 435960
    },
    "relative_mse": {
      "mean": 0.3664003610610962,
      "std": 1.5918704271316528,
      "variance": 2.5340514183044434,
      "count": 435960
    }
  }
}