{
  "test1": {
    "mse": {
      "mean": 3572156.0,
      "std": 125422272.0,
      "variance": 1.5730746144587776e+16,
      "count": 1183248
    },
    "nmse": {
      "mean": 0.16791553795337677,
      "std": 6.496256351470947,
      "variance": 42.20134735107422,
      "count": 1183248
    },
    "mae": {
      "mean": 208.68878173828125,
      "std": 1878.4581298828125,
      "variance": 3528605.25,
      "count": 1183248
    },
    "nmae": {
      "mean": 0.2502085864543915,
      "std": 0.3245168626308441,
      "variance": 0.10531119257211685,
      "count": 1183248
    },
    "relative_mse": {
      "mean": 0.026690136641263962,
      "std": 0.41244712471961975,
      "variance": 0.17011263966560364,
      "count": 1183248
    }
  },
  "test2": {
    "mse": {
      "mean": 53921.109375,
      "std": 625174.1875,
      "variance": 390842777600.0,
      "count": 299376
    },
    "nmse": {
      "mean": 0.15160450339317322,
      "std": 1.538367748260498,
      "variance": 2.366575241088867,
      "count": 299376
    },
    "mae": {
      "mean": 89.08577728271484,
      "std": 214.4407501220703,
      "variance": 45984.8359375,
      "count": 299376
    },
    "nmae": {
      "mean": 0.24414049088954926,
      "std": 0.3033148944377899,
      "variance": 0.09199991822242737,
      "count": 299376
    },
    "relative_mse": {
      "mean": 0.045891303569078445,
      "std": 0.5695741176605225,
      "variance": 0.3244146704673767,
      "count": 299376
    }
  }
}