{
  "test1": {
    "mse": {
      "mean": 11.76141357421875,
      "std": 47.02885437011719,
      "variance": 2211.713134765625,
      "count": 1090872
    },
    "nmse": {
      "mean": 0.2872321903705597,
      "std": 1.6788673400878906,
      "variance": 2.8185956478118896,
      "count": 1090872
    },
    "mae": {
      "mean": 1.8873062133789062,
      "std": 2.8634750843048096,
      "variance": 8.199488639831543,
      "count": 1090872
    },
    "nmae": {
      "mean": 0.27178922295570374,
      "std": 0.4619121253490448,
      "variance": 0.21336282789707184,
      "count": 1090872
    },
    "relative_mse": {
      "mean": 1.092514991760254,
      "std": 7.3331804275512695,
      "variance": 53.775535583496094,
      "count": 1090872
    }
  },
  "test2": {
    "mse": {
      "mean": 17.176883697509766,
      "std": 82.97160339355469,
      "variance": 6884.28662109375,
      "count": 280224
    },
    "nmse": {
      "mean": 0.29084303975105286,
      "std": 1.7417795658111572,
      "variance": 3.0337960720062256,
      "count": 280224
    },
    "mae": {
      "mean": 2.1746182441711426,
      "std": 3.52816104888916,
      "variance": 12.447919845581055,
      "count": 280224
    },
    "nmae": {
      "mean": 0.26863452792167664,
      "std": 0.4676307737827301,
      "variance": 0.2186785489320755,
      "count": 280224
    },
    "relative_mse": {
      "mean": 1.1377875804901123,
      "std": 7.566554546356201,
      "variance": 57.25274658203125,
      "count": 280224
    }
  },
  "valid1": {
    "mse": {
      "mean": 10.388497352600098
    },
    "nmse": {
      "mean": 0.13742223381996155
    },
    "mae": {
      "mean": 1.8525091409683228
    },
    "nmae": {
      "mean": 0.2218138575553894
    },
    "relative_mse": {
      "mean": 0.30541545152664185
    }
  },
  "valid2": {
    "mse": {
      "mean": 15.191728591918945
    },
    "nmse": {
      "mean": 0.13343873620033264
    },
    "mae": {
      "mean": 2.120859146118164
    },
    "nmae": {
      "mean": 0.21676859259605408
    },
    "relative_mse": {
      "mean": 0.30432891845703125
    }
  }
}