{
  "test1": {
    "mse": {
      "mean": 0.0008881990215741098,
      "std": 0.004927293863147497,
      "variance": 2.4278224373119883e-05,
      "count": 1488240
    },
    "nmse": {
      "mean": 0.352180153131485,
      "std": 2.658252477645874,
      "variance": 7.066306114196777,
      "count": 1488240
    },
    "mae": {
      "mean": 0.013975637033581734,
      "std": 0.0263226255774498,
      "variance": 0.0006928806542418897,
      "count": 1488240
    },
    "nmae": {
      "mean": 0.2946739196777344,
      "std": 0.5151188373565674,
      "variance": 0.265347421169281,
      "count": 1488240
    },
    "relative_mse": {
      "mean": 0.2484104186296463,
      "std": 2.116699695587158,
      "variance": 4.480417728424072,
      "count": 1488240
    }
  },
  "test2": {
    "mse": {
      "mean": 0.0009246033732779324,
      "std": 0.00549854151904583,
      "variance": 3.0233959478209727e-05,
      "count": 373680
    },
    "nmse": {
      "mean": 0.38592278957366943,
      "std": 4.20878267288208,
      "variance": 17.71385383605957,
      "count": 373680
    },
    "mae": {
      "mean": 0.014126011170446873,
      "std": 0.026926925405859947,
      "variance": 0.0007250593043863773,
      "count": 373680
    },
    "nmae": {
      "mean": 0.2998239994049072,
      "std": 0.544084906578064,
      "variance": 0.29602837562561035,
      "count": 373680
    },
    "relative_mse": {
      "mean": 0.26216796040534973,
      "std": 2.422025203704834,
      "variance": 5.86620569229126,
      "count": 373680
    }
  }
}