{
  "test1": {
    "mse": {
      "mean": 10.937427520751953,
      "std": 51.1390495300293,
      "variance": 2615.2021484375,
      "count": 1127496
    },
    "nmse": {
      "mean": 0.7327693104743958,
      "std": 7.499526023864746,
      "variance": 56.242889404296875,
      "count": 1127496
    },
    "mae": {
      "mean": 1.7035784721374512,
      "std": 2.834651231765747,
      "variance": 8.035247802734375,
      "count": 1127496
    },
    "nmae": {
      "mean": 0.3194906711578369,
      "std": 0.7941631078720093,
      "variance": 0.6306950449943542,
      "count": 1127496
    },
    "relative_mse": {
      "mean": 2.9416356086730957,
      "std": 34.949378967285156,
      "variance": 1221.459228515625,
      "count": 1127496
    }
  },
  "test2": {
    "mse": {
      "mean": 11.72970199584961,
      "std": 53.1718864440918,
      "variance": 2827.24951171875,
      "count": 289632
    },
    "nmse": {
      "mean": 0.6889668107032776,
      "std": 6.254087448120117,
      "variance": 39.11361312866211,
      "count": 289632
    },
    "mae": {
      "mean": 1.7814089059829712,
      "std": 2.92511248588562,
      "variance": 8.556282997131348,
      "count": 289632
    },
    "nmae": {
      "mean": 0.3190873861312866,
      "std": 0.7662571668624878,
      "variance": 0.5871500372886658,
      "count": 289632
    },
    "relative_mse": {
      "mean": 2.6806678771972656,
      "std": 26.781644821166992,
      "variance": 717.2564697265625,
      "count": 289632
    }
  },
  "valid1": {
    "mse": {
      "mean": 11.029497146606445
    },
    "nmse": {
      "mean": 0.19270025193691254
    },
    "mae": {
      "mean": 1.7425910234451294
    },
    "nmae": {
      "mean": 0.22218374907970428
    },
    "relative_mse": {
      "mean": 0.4098971486091614
    }
  },
  "valid2": {
    "mse": {
      "mean": 11.416280746459961
    },
    "nmse": {
      "mean": 0.19244393706321716
    },
    "mae": {
      "mean": 1.7907543182373047
    },
    "nmae": {
      "mean": 0.22103482484817505
    },
    "relative_mse": {
      "mean": 0.4071289896965027
    }
  }
}