{
  "test1": {
    "mse": {
      "mean": 10.094242095947266,
      "std": 42.12683868408203,
      "variance": 1774.6705322265625,
      "count": 1090872
    },
    "nmse": {
      "mean": 0.21727225184440613,
      "std": 1.1767007112503052,
      "variance": 1.3846246004104614,
      "count": 1090872
    },
    "mae": {
      "mean": 1.659606695175171,
      "std": 2.7092337608337402,
      "variance": 7.33994722366333,
      "count": 1090872
    },
    "nmae": {
      "mean": 0.23466195166110992,
      "std": 0.40274810791015625,
      "variance": 0.1622060388326645,
      "count": 1090872
    },
    "relative_mse": {
      "mean": 0.7879831194877625,
      "std": 4.802006244659424,
      "variance": 23.05926513671875,
      "count": 1090872
    }
  },
  "test2": {
    "mse": {
      "mean": 14.69636058807373,
      "std": 75.06918334960938,
      "variance": 5635.3828125,
      "count": 280224
    },
    "nmse": {
      "mean": 0.21463872492313385,
      "std": 1.2181000709533691,
      "variance": 1.4837678670883179,
      "count": 280224
    },
    "mae": {
      "mean": 1.8984262943267822,
      "std": 3.3305163383483887,
      "variance": 11.092338562011719,
      "count": 280224
    },
    "nmae": {
      "mean": 0.23159459233283997,
      "std": 0.4012513756752014,
      "variance": 0.16100266575813293,
      "count": 280224
    },
    "relative_mse": {
      "mean": 0.7936918139457703,
      "std": 4.8543500900268555,
      "variance": 23.564716339111328,
      "count": 280224
    }
  },
  "valid1": {
    "mse": {
      "mean": 9.782014846801758
    },
    "nmse": {
      "mean": 0.12644831836223602
    },
    "mae": {
      "mean": 1.7148061990737915
    },
    "nmae": {
      "mean": 0.20429427921772003
    },
    "relative_mse": {
      "mean": 0.2833639085292816
    }
  },
  "valid2": {
    "mse": {
      "mean": 14.381791114807129
    },
    "nmse": {
      "mean": 0.12356989085674286
    },
    "mae": {
      "mean": 1.9679679870605469
    },
    "nmae": {
      "mean": 0.20110510289669037
    },
    "relative_mse": {
      "mean": 0.2834622263908386
    }
  }
}