{
  "test1": {
    "mse": {
      "mean": 0.11578717827796936,
      "std": 0.2495795637369156,
      "variance": 0.06228995695710182,
      "count": 1967784
    },
    "nmse": {
      "mean": 35.20842361450195,
      "std": 114.35820007324219,
      "variance": 13077.7978515625,
      "count": 1967784
    },
    "mae": {
      "mean": 0.2525668740272522,
      "std": 0.2280288189649582,
      "variance": 0.051997143775224686,
      "count": 1967784
    },
    "nmae": {
      "mean": 4.936757564544678,
      "std": 3.2919368743896484,
      "variance": 10.836849212646484,
      "count": 1967784
    },
    "relative_mse": {
      "mean": 29.5606746673584,
      "std": 136.89822387695312,
      "variance": 18741.123046875,
      "count": 1967784
    }
  },
  "test2": {
    "mse": {
      "mean": 0.11474079638719559,
      "std": 0.2148759961128235,
      "variance": 0.04617169126868248,
      "count": 494088
    },
    "nmse": {
      "mean": 39.69181823730469,
      "std": 85.97911071777344,
      "variance": 7392.40771484375,
      "count": 494088
    },
    "mae": {
      "mean": 0.25196775794029236,
      "std": 0.22639136016368866,
      "variance": 0.051253050565719604,
      "count": 494088
    },
    "nmae": {
      "mean": 5.100130081176758,
      "std": 3.6987152099609375,
      "variance": 13.68049430847168,
      "count": 494088
    },
    "relative_mse": {
      "mean": 37.87031555175781,
      "std": 301.0412292480469,
      "variance": 90625.8203125,
      "count": 494088
    }
  }
}