{
  "test1": {
    "mse": {
      "mean": 3621728.75,
      "std": 125765840.0,
      "variance": 1.5817047069949952e+16,
      "count": 1183248
    },
    "nmse": {
      "mean": 0.16117405891418457,
      "std": 6.342303276062012,
      "variance": 40.22480773925781,
      "count": 1183248
    },
    "mae": {
      "mean": 204.0868377685547,
      "std": 1892.1092529296875,
      "variance": 3580077.25,
      "count": 1183248
    },
    "nmae": {
      "mean": 0.2493698000907898,
      "std": 0.3146247863769531,
      "variance": 0.09898875653743744,
      "count": 1183248
    },
    "relative_mse": {
      "mean": 0.033061642199754715,
      "std": 0.48346972465515137,
      "variance": 0.23374298214912415,
      "count": 1183248
    }
  },
  "test2": {
    "mse": {
      "mean": 128473.6875,
      "std": 1615064.75,
      "variance": 2608434249728.0,
      "count": 299376
    },
    "nmse": {
      "mean": 0.17791660130023956,
      "std": 3.335939407348633,
      "variance": 11.12849235534668,
      "count": 299376
    },
    "mae": {
      "mean": 111.61372375488281,
      "std": 340.6112976074219,
      "variance": 116016.0625,
      "count": 299376
    },
    "nmae": {
      "mean": 0.24809645116329193,
      "std": 0.3411227762699127,
      "variance": 0.11636476218700409,
      "count": 299376
    },
    "relative_mse": {
      "mean": 0.019480852410197258,
      "std": 0.22650137543678284,
      "variance": 0.051302872598171234,
      "count": 299376
    }
  }
}