{
  "test1": {
    "mse": {
      "mean": 0.00153958925511688,
      "std": 0.00599167263135314,
      "variance": 3.590014239307493e-05,
      "count": 1967784
    },
    "nmse": {
      "mean": 5797819392.0,
      "std": 586315726848.0,
      "variance": 3.437661366542623e+23,
      "count": 1967784
    },
    "mae": {
      "mean": 0.02398112043738365,
      "std": 0.031056322157382965,
      "variance": 0.0009644951787777245,
      "count": 1967784
    },
    "nmae": {
      "mean": 997.918212890625,
      "std": 76136.8671875,
      "variance": 5796823040.0,
      "count": 1967784
    },
    "relative_mse": {
      "mean": 5797819392.0,
      "std": 586315726848.0,
      "variance": 3.437661366542623e+23,
      "count": 1967784
    }
  },
  "test2": {
    "mse": {
      "mean": 0.0013746870681643486,
      "std": 0.004947226960211992,
      "variance": 2.447505721647758e-05,
      "count": 494088
    },
    "nmse": {
      "mean": 0.6710950136184692,
      "std": 2.7888426780700684,
      "variance": 7.777642726898193,
      "count": 494088
    },
    "mae": {
      "mean": 0.023340338841080666,
      "std": 0.02880825474858284,
      "variance": 0.0008299155160784721,
      "count": 494088
    },
    "nmae": {
      "mean": 0.5241674780845642,
      "std": 0.6295582056045532,
      "variance": 0.39634349942207336,
      "count": 494088
    },
    "relative_mse": {
      "mean": 0.40954503417015076,
      "std": 1.8514642715454102,
      "variance": 3.427919864654541,
      "count": 494088
    }
  }
}