{
  "test1": {
    "mse": {
      "mean": 0.0015158122405409813,
      "std": 0.005952358245849609,
      "variance": 3.543056664057076e-05,
      "count": 1964928
    },
    "nmse": {
      "mean": 0.7900364995002747,
      "std": 4.8035078048706055,
      "variance": 23.073688507080078,
      "count": 1964928
    },
    "mae": {
      "mean": 0.023496387526392937,
      "std": 0.03104403242468834,
      "variance": 0.0009637319599278271,
      "count": 1964928
    },
    "nmae": {
      "mean": 0.5393292307853699,
      "std": 0.7065129280090332,
      "variance": 0.4991605281829834,
      "count": 1964928
    },
    "relative_mse": {
      "mean": 0.47990965843200684,
      "std": 3.6765453815460205,
      "variance": 13.516985893249512,
      "count": 1964928
    }
  },
  "test2": {
    "mse": {
      "mean": 0.0017217566492035985,
      "std": 0.006441121455281973,
      "variance": 4.1488048736937344e-05,
      "count": 491232
    },
    "nmse": {
      "mean": 0.667978048324585,
      "std": 2.850978374481201,
      "variance": 8.128077507019043,
      "count": 491232
    },
    "mae": {
      "mean": 0.025505339726805687,
      "std": 0.03272971883416176,
      "variance": 0.0010712344665080309,
      "count": 491232
    },
    "nmae": {
      "mean": 0.5259634256362915,
      "std": 0.625572144985199,
      "variance": 0.3913404941558838,
      "count": 491232
    },
    "relative_mse": {
      "mean": 0.397040992975235,
      "std": 1.559615135192871,
      "variance": 2.4323995113372803,
      "count": 491232
    }
  }
}