{
  "test1": {
    "mse": {
      "mean": 9748405.0,
      "std": 399964000.0,
      "variance": 1.599712109002752e+17,
      "count": 1254960
    },
    "nmse": {
      "mean": 0.5872220993041992,
      "std": 22.67379379272461,
      "variance": 514.1009521484375,
      "count": 1254960
    },
    "mae": {
      "mean": 316.95721435546875,
      "std": 3106.114013671875,
      "variance": 9647944.0,
      "count": 1254960
    },
    "nmae": {
      "mean": 0.40435630083084106,
      "std": 0.6509362459182739,
      "variance": 0.42371800541877747,
      "count": 1254960
    },
    "relative_mse": {
      "mean": 0.08311247080564499,
      "std": 1.1533628702163696,
      "variance": 1.330245852470398,
      "count": 1254960
    }
  },
  "test2": {
    "mse": {
      "mean": 275564.28125,
      "std": 2879356.0,
      "variance": 8290691448832.0,
      "count": 317520
    },
    "nmse": {
      "mean": 0.46691516041755676,
      "std": 5.222429275512695,
      "variance": 27.273767471313477,
      "count": 317520
    },
    "mae": {
      "mean": 172.93890380859375,
      "std": 495.63739013671875,
      "variance": 245656.40625,
      "count": 317520
    },
    "nmae": {
      "mean": 0.3996414244174957,
      "std": 0.5542579293251038,
      "variance": 0.3072018623352051,
      "count": 317520
    },
    "relative_mse": {
      "mean": 0.04848316311836243,
      "std": 0.48039501905441284,
      "variance": 0.23077937960624695,
      "count": 317520
    }
  }
}