{
  "test1": {
    "mse": {
      "mean": 21.135963439941406,
      "std": 79.3253173828125,
      "variance": 6292.50634765625,
      "count": 1062096
    },
    "nmse": {
      "mean": 0.3088698089122772,
      "std": 0.7707244753837585,
      "variance": 0.5940161943435669,
      "count": 1062096
    },
    "mae": {
      "mean": 2.5731592178344727,
      "std": 3.809831380844116,
      "variance": 14.514815330505371,
      "count": 1062096
    },
    "nmae": {
      "mean": 0.332556813955307,
      "std": 0.44528165459632874,
      "variance": 0.19827575981616974,
      "count": 1062096
    },
    "relative_mse": {
      "mean": 0.934502124786377,
      "std": 2.610609531402588,
      "variance": 6.815281391143799,
      "count": 1062096
    }
  },
  "test2": {
    "mse": {
      "mean": 23.544889450073242,
      "std": 86.89330291748047,
      "variance": 7550.44580078125,
      "count": 272832
    },
    "nmse": {
      "mean": 0.31084388494491577,
      "std": 0.7765851616859436,
      "variance": 0.6030845046043396,
      "count": 272832
    },
    "mae": {
      "mean": 2.7059202194213867,
      "std": 4.027764320373535,
      "variance": 16.222885131835938,
      "count": 272832
    },
    "nmae": {
      "mean": 0.33200255036354065,
      "std": 0.44790419936180115,
      "variance": 0.200618177652359,
      "count": 272832
    },
    "relative_mse": {
      "mean": 0.9419970512390137,
      "std": 2.6116838455200195,
      "variance": 6.820892333984375,
      "count": 272832
    }
  }
}