{
  "test1": {
    "mse": {
      "mean": 20.302112579345703,
      "std": 75.87586975097656,
      "variance": 5757.14794921875,
      "count": 1062096
    },
    "nmse": {
      "mean": 0.3001951575279236,
      "std": 0.7642709612846375,
      "variance": 0.5841100811958313,
      "count": 1062096
    },
    "mae": {
      "mean": 2.4758999347686768,
      "std": 3.764575719833374,
      "variance": 14.172030448913574,
      "count": 1062096
    },
    "nmae": {
      "mean": 0.3220791816711426,
      "std": 0.443238228559494,
      "variance": 0.19646011292934418,
      "count": 1062096
    },
    "relative_mse": {
      "mean": 0.8999283909797668,
      "std": 2.5029871463775635,
      "variance": 6.264944553375244,
      "count": 1062096
    }
  },
  "test2": {
    "mse": {
      "mean": 22.600589752197266,
      "std": 83.43008422851562,
      "variance": 6960.57861328125,
      "count": 272832
    },
    "nmse": {
      "mean": 0.2995392084121704,
      "std": 0.7623677849769592,
      "variance": 0.5812045931816101,
      "count": 272832
    },
    "mae": {
      "mean": 2.5972278118133545,
      "std": 3.9818332195281982,
      "variance": 15.854996681213379,
      "count": 272832
    },
    "nmae": {
      "mean": 0.3197900652885437,
      "std": 0.44415485858917236,
      "variance": 0.19727353751659393,
      "count": 272832
    },
    "relative_mse": {
      "mean": 0.9004961252212524,
      "std": 2.491441249847412,
      "variance": 6.207280158996582,
      "count": 272832
    }
  }
}