{
  "test1": {
    "mse": {
      "mean": 0.0009287183056585491,
      "std": 0.00543128652498126,
      "variance": 2.9498874937416986e-05,
      "count": 2199288
    },
    "nmse": {
      "mean": 63269068.0,
      "std": 4570856448.0,
      "variance": 2.0892730834999575e+19,
      "count": 2199288
    },
    "mae": {
      "mean": 0.013912567868828773,
      "std": 0.027113810181617737,
      "variance": 0.0007351587410084903,
      "count": 2199288
    },
    "nmae": {
      "mean": 135.28468322753906,
      "std": 7953.03515625,
      "variance": 63250768.0,
      "count": 2199288
    },
    "relative_mse": {
      "mean": 63269068.0,
      "std": 4570856448.0,
      "variance": 2.0892730834999575e+19,
      "count": 2199288
    }
  },
  "test2": {
    "mse": {
      "mean": 0.0008541643037460744,
      "std": 0.0046721938997507095,
      "variance": 2.1829395336681046e-05,
      "count": 552216
    },
    "nmse": {
      "mean": 0.3330528736114502,
      "std": 2.679475784301758,
      "variance": 7.179590225219727,
      "count": 552216
    },
    "mae": {
      "mean": 0.013702482916414738,
      "std": 0.02581484615802765,
      "variance": 0.000666406296659261,
      "count": 552216
    },
    "nmae": {
      "mean": 0.2865581512451172,
      "std": 0.5009364485740662,
      "variance": 0.2509373128414154,
      "count": 552216
    },
    "relative_mse": {
      "mean": 0.22625011205673218,
      "std": 1.7085380554199219,
      "variance": 2.919102430343628,
      "count": 552216
    }
  }
}