{
  "test1": {
    "mse": {
      "mean": 0.30785220861434937,
      "std": 0.6111206412315369,
      "variance": 0.37346845865249634,
      "count": 1967784
    },
    "nmse": {
      "mean": 99.3592758178711,
      "std": 187.48353576660156,
      "variance": 35150.07421875,
      "count": 1967784
    },
    "mae": {
      "mean": 0.3879668712615967,
      "std": 0.3966533839702606,
      "variance": 0.15733391046524048,
      "count": 1967784
    },
    "nmae": {
      "mean": 7.653724193572998,
      "std": 6.385904788970947,
      "variance": 40.779781341552734,
      "count": 1967784
    },
    "relative_mse": {
      "mean": 84.27603912353516,
      "std": 426.0624694824219,
      "variance": 181529.21875,
      "count": 1967784
    }
  },
  "test2": {
    "mse": {
      "mean": 0.269142210483551,
      "std": 0.555378794670105,
      "variance": 0.30844563245773315,
      "count": 494088
    },
    "nmse": {
      "mean": 92.6919174194336,
      "std": 133.85646057128906,
      "variance": 17917.552734375,
      "count": 494088
    },
    "mae": {
      "mean": 0.35588765144348145,
      "std": 0.3774734437465668,
      "variance": 0.14248619973659515,
      "count": 494088
    },
    "nmae": {
      "mean": 7.380275726318359,
      "std": 6.182510852813721,
      "variance": 38.22343826293945,
      "count": 494088
    },
    "relative_mse": {
      "mean": 70.37872314453125,
      "std": 153.37474060058594,
      "variance": 23523.810546875,
      "count": 494088
    }
  }
}