{
  "test1": {
    "mse": {
      "mean": 0.0008083616849035025,
      "std": 0.0048708501271903515,
      "variance": 2.3725180653855205e-05,
      "count": 1964928
    },
    "nmse": {
      "mean": 0.29945775866508484,
      "std": 2.8435754776000977,
      "variance": 8.085922241210938,
      "count": 1964928
    },
    "mae": {
      "mean": 0.012743266299366951,
      "std": 0.02541595697402954,
      "variance": 0.0006459708674810827,
      "count": 1964928
    },
    "nmae": {
      "mean": 0.26246336102485657,
      "std": 0.4801778197288513,
      "variance": 0.2305707335472107,
      "count": 1964928
    },
    "relative_mse": {
      "mean": 0.21474415063858032,
      "std": 1.9475734233856201,
      "variance": 3.793041944503784,
      "count": 1964928
    }
  },
  "test2": {
    "mse": {
      "mean": 0.0008321424829773605,
      "std": 0.004765073768794537,
      "variance": 2.270592813147232e-05,
      "count": 491232
    },
    "nmse": {
      "mean": 0.29752734303474426,
      "std": 3.015882968902588,
      "variance": 9.095550537109375,
      "count": 491232
    },
    "mae": {
      "mean": 0.013270420953631401,
      "std": 0.025613248348236084,
      "variance": 0.0006560385227203369,
      "count": 491232
    },
    "nmae": {
      "mean": 0.2658611536026001,
      "std": 0.47628268599510193,
      "variance": 0.22684520483016968,
      "count": 491232
    },
    "relative_mse": {
      "mean": 0.21503354609012604,
      "std": 5.171902656555176,
      "variance": 26.74857521057129,
      "count": 491232
    }
  }
}