{
  "test1": {
    "mse": {
      "mean": 0.000902981439139694,
      "std": 0.005151192657649517,
      "variance": 2.6534788048593327e-05,
      "count": 2199288
    },
    "nmse": {
      "mean": 62820244.0,
      "std": 4351894016.0,
      "variance": 1.8938982235325334e+19,
      "count": 2199288
    },
    "mae": {
      "mean": 0.013812348246574402,
      "std": 0.02668708562850952,
      "variance": 0.0007122005335986614,
      "count": 2199288
    },
    "nmae": {
      "mean": 137.97364807128906,
      "std": 7924.7216796875,
      "variance": 62801212.0,
      "count": 2199288
    },
    "relative_mse": {
      "mean": 62820244.0,
      "std": 4351894016.0,
      "variance": 1.8938982235325334e+19,
      "count": 2199288
    }
  },
  "test2": {
    "mse": {
      "mean": 0.0009525231434963644,
      "std": 0.005812239833176136,
      "variance": 3.378213295945898e-05,
      "count": 552216
    },
    "nmse": {
      "mean": 0.3427986204624176,
      "std": 2.8319482803344727,
      "variance": 8.01993179321289,
      "count": 552216
    },
    "mae": {
      "mean": 0.014028203673660755,
      "std": 0.02749059349298477,
      "variance": 0.0007557327044196427,
      "count": 552216
    },
    "nmae": {
      "mean": 0.28935495018959045,
      "std": 0.508991539478302,
      "variance": 0.2590723931789398,
      "count": 552216
    },
    "relative_mse": {
      "mean": 0.24955393373966217,
      "std": 2.1124067306518555,
      "variance": 4.462262153625488,
      "count": 552216
    }
  }
}