{
  "test1": {
    "mse": {
      "mean": 0.0008985761669464409,
      "std": 0.0044249966740608215,
      "variance": 1.958059692697134e-05,
      "count": 2067000
    },
    "nmse": {
      "mean": 0.3133448362350464,
      "std": 2.586613416671753,
      "variance": 6.690568447113037,
      "count": 2067000
    },
    "mae": {
      "mean": 0.01618366315960884,
      "std": 0.0252322256565094,
      "variance": 0.0006366651505231857,
      "count": 2067000
    },
    "nmae": {
      "mean": 0.32594552636146545,
      "std": 0.45508721470832825,
      "variance": 0.2071043699979782,
      "count": 2067000
    },
    "relative_mse": {
      "mean": 0.23656022548675537,
      "std": 2.8680758476257324,
      "variance": 8.225859642028809,
      "count": 2067000
    }
  },
  "test2": {
    "mse": {
      "mean": 0.0009156045853160322,
      "std": 0.004591247066855431,
      "variance": 2.1079551515867934e-05,
      "count": 519000
    },
    "nmse": {
      "mean": 0.3371826410293579,
      "std": 3.0302271842956543,
      "variance": 9.182275772094727,
      "count": 519000
    },
    "mae": {
      "mean": 0.016289306804537773,
      "std": 0.025500256568193436,
      "variance": 0.0006502631003968418,
      "count": 519000
    },
    "nmae": {
      "mean": 0.33401092886924744,
      "std": 0.47499406337738037,
      "variance": 0.2256193459033966,
      "count": 519000
    },
    "relative_mse": {
      "mean": 0.2568189799785614,
      "std": 2.1465158462524414,
      "variance": 4.60753059387207,
      "count": 519000
    }
  }
}