{
  "test1": {
    "mse": {
      "mean": 0.0009260944207198918,
      "std": 0.005451424513012171,
      "variance": 2.9718030418734998e-05,
      "count": 2199288
    },
    "nmse": {
      "mean": 0.37558525800704956,
      "std": 8.049607276916504,
      "variance": 64.79618072509766,
      "count": 2199288
    },
    "mae": {
      "mean": 0.013795444741845131,
      "std": 0.027125269174575806,
      "variance": 0.0007357801659964025,
      "count": 2199288
    },
    "nmae": {
      "mean": 0.2862756550312042,
      "std": 0.5418777465820312,
      "variance": 0.29363152384757996,
      "count": 2199288
    },
    "relative_mse": {
      "mean": 0.25283437967300415,
      "std": 4.021465301513672,
      "variance": 16.172183990478516,
      "count": 2199288
    }
  },
  "test2": {
    "mse": {
      "mean": 0.0007985420525074005,
      "std": 0.004498744383454323,
      "variance": 2.0238700017216615e-05,
      "count": 552216
    },
    "nmse": {
      "mean": 0.361817330121994,
      "std": 4.2095208168029785,
      "variance": 17.72006607055664,
      "count": 552216
    },
    "mae": {
      "mean": 0.012912199832499027,
      "std": 0.02513597346842289,
      "variance": 0.0006318172090686858,
      "count": 552216
    },
    "nmae": {
      "mean": 0.2858375906944275,
      "std": 0.529258131980896,
      "variance": 0.28011417388916016,
      "count": 552216
    },
    "relative_mse": {
      "mean": 0.23210406303405762,
      "std": 2.0801491737365723,
      "variance": 4.327020168304443,
      "count": 552216
    }
  }
}