{
  "test1": {
    "mse": {
      "mean": 0.0008387882262468338,
      "std": 0.004973838571459055,
      "variance": 2.4739068976487033e-05,
      "count": 1967784
    },
    "nmse": {
      "mean": 0.2994835078716278,
      "std": 2.6627981662750244,
      "variance": 7.090493679046631,
      "count": 1967784
    },
    "mae": {
      "mean": 0.013160386122763157,
      "std": 0.02579907886683941,
      "variance": 0.0006655924371443689,
      "count": 1967784
    },
    "nmae": {
      "mean": 0.26662325859069824,
      "std": 0.4779074788093567,
      "variance": 0.22839556634426117,
      "count": 1967784
    },
    "relative_mse": {
      "mean": 0.2203119695186615,
      "std": 3.10896372795105,
      "variance": 9.665656089782715,
      "count": 1967784
    }
  },
  "test2": {
    "mse": {
      "mean": 0.0007280025747604668,
      "std": 0.004168159328401089,
      "variance": 1.7373553419020027e-05,
      "count": 494088
    },
    "nmse": {
      "mean": 0.31143662333488464,
      "std": 3.660771369934082,
      "variance": 13.401247024536133,
      "count": 494088
    },
    "mae": {
      "mean": 0.012333385646343231,
      "std": 0.023997711017727852,
      "variance": 0.0005758901825174689,
      "count": 494088
    },
    "nmae": {
      "mean": 0.2685202956199646,
      "std": 0.4892171621322632,
      "variance": 0.23933343589305878,
      "count": 494088
    },
    "relative_mse": {
      "mean": 0.20433859527111053,
      "std": 1.7905795574188232,
      "variance": 3.2061753273010254,
      "count": 494088
    }
  }
}