{
  "test1": {
    "mse": {
      "mean": 0.0008103844593279064,
      "std": 0.004856447223573923,
      "variance": 2.35850802710047e-05,
      "count": 1964928
    },
    "nmse": {
      "mean": 0.30112287402153015,
      "std": 2.85329532623291,
      "variance": 8.141294479370117,
      "count": 1964928
    },
    "mae": {
      "mean": 0.012814060784876347,
      "std": 0.025420157238841057,
      "variance": 0.0006461843731813133,
      "count": 1964928
    },
    "nmae": {
      "mean": 0.26434388756752014,
      "std": 0.48087960481643677,
      "variance": 0.23124518990516663,
      "count": 1964928
    },
    "relative_mse": {
      "mean": 0.2158648818731308,
      "std": 1.9535852670669556,
      "variance": 3.816495656967163,
      "count": 1964928
    }
  },
  "test2": {
    "mse": {
      "mean": 0.0008330594864673913,
      "std": 0.004730233456939459,
      "variance": 2.2375108528649434e-05,
      "count": 491232
    },
    "nmse": {
      "mean": 0.29917556047439575,
      "std": 3.021291971206665,
      "variance": 9.128205299377441,
      "count": 491232
    },
    "mae": {
      "mean": 0.01333468034863472,
      "std": 0.025597769767045975,
      "variance": 0.0006552457925863564,
      "count": 491232
    },
    "nmae": {
      "mean": 0.26757514476776123,
      "std": 0.4770525097846985,
      "variance": 0.22757910192012787,
      "count": 491232
    },
    "relative_mse": {
      "mean": 0.21641376614570618,
      "std": 5.149956703186035,
      "variance": 26.522052764892578,
      "count": 491232
    }
  },
  "valid1": {
    "mse": {
      "mean": 0.0005906582227908075
    },
    "nmse": {
      "mean": 0.2618422210216522
    },
    "mae": {
      "mean": 0.010382233187556267
    },
    "nmae": {
      "mean": 0.22713331878185272
    },
    "relative_mse": {
      "mean": 0.1636156141757965
    }
  },
  "valid2": {
    "mse": {
      "mean": 0.0006116812583059072
    },
    "nmse": {
      "mean": 0.3313983678817749
    },
    "mae": {
      "mean": 0.010936169885098934
    },
    "nmae": {
      "mean": 0.2324022501707077
    },
    "relative_mse": {
      "mean": 0.22325445711612701
    }
  }
}