{
  "test1": {
    "mse": {
      "mean": 11372470.0,
      "std": 341301920.0,
      "variance": 1.1648699490054963e+17,
      "count": 1171296
    },
    "nmse": {
      "mean": 443.1424255371094,
      "std": 13105.4091796875,
      "variance": 171751744.0,
      "count": 1171296
    },
    "mae": {
      "mean": 547.7805786132812,
      "std": 3327.5224609375,
      "variance": 11072406.0,
      "count": 1171296
    },
    "nmae": {
      "mean": 3.5915606021881104,
      "std": 20.74230194091797,
      "variance": 430.24310302734375,
      "count": 1171296
    },
    "relative_mse": {
      "mean": 9.2088623046875,
      "std": 151.65505981445312,
      "variance": 22999.2578125,
      "count": 1171296
    }
  },
  "test2": {
    "mse": {
      "mean": 200626.578125,
      "std": 1100940.125,
      "variance": 1212069052416.0,
      "count": 296352
    },
    "nmse": {
      "mean": 116.08627319335938,
      "std": 1533.51708984375,
      "variance": 2351674.75,
      "count": 296352
    },
    "mae": {
      "mean": 282.4988708496094,
      "std": 347.5931091308594,
      "variance": 120820.9609375,
      "count": 296352
    },
    "nmae": {
      "mean": 3.3660078048706055,
      "std": 10.235051155090332,
      "variance": 104.75626373291016,
      "count": 296352
    },
    "relative_mse": {
      "mean": 3.4107255935668945,
      "std": 22.997310638427734,
      "variance": 528.8763427734375,
      "count": 296352
    }
  }
}