{
  "test1": {
    "mse": {
      "mean": 12.84840202331543,
      "std": 57.81320571899414,
      "variance": 3342.36669921875,
      "count": 1090872
    },
    "nmse": {
      "mean": 0.28060394525527954,
      "std": 1.7148786783218384,
      "variance": 2.9408090114593506,
      "count": 1090872
    },
    "mae": {
      "mean": 1.859189748764038,
      "std": 3.0646069049835205,
      "variance": 9.391816139221191,
      "count": 1090872
    },
    "nmae": {
      "mean": 0.2578100264072418,
      "std": 0.4627504050731659,
      "variance": 0.2141379415988922,
      "count": 1090872
    },
    "relative_mse": {
      "mean": 1.0792667865753174,
      "std": 7.451370716094971,
      "variance": 55.52293014526367,
      "count": 1090872
    }
  },
  "test2": {
    "mse": {
      "mean": 10.495275497436523,
      "std": 39.7791862487793,
      "variance": 1582.3836669921875,
      "count": 280224
    },
    "nmse": {
      "mean": 0.2744748890399933,
      "std": 1.5288643836975098,
      "variance": 2.33742618560791,
      "count": 280224
    },
    "mae": {
      "mean": 1.7652226686477661,
      "std": 2.716480016708374,
      "variance": 7.379263877868652,
      "count": 280224
    },
    "nmae": {
      "mean": 0.26038816571235657,
      "std": 0.4546128809452057,
      "variance": 0.20667287707328796,
      "count": 280224
    },
    "relative_mse": {
      "mean": 1.045301079750061,
      "std": 6.667843341827393,
      "variance": 44.46013641357422,
      "count": 280224
    }
  }
}