{
  "test1": {
    "mse": {
      "mean": 0.0013811660464853048,
      "std": 0.005387278273701668,
      "variance": 2.9022769012954086e-05,
      "count": 2067000
    },
    "nmse": {
      "mean": 9683446784.0,
      "std": 760007819264.0,
      "variance": 5.776119083969764e+23,
      "count": 2067000
    },
    "mae": {
      "mean": 0.023133425042033195,
      "std": 0.029086260125041008,
      "variance": 0.0008460105746053159,
      "count": 2067000
    },
    "nmae": {
      "mean": 1584.22021484375,
      "std": 98391.75,
      "variance": 9680935936.0,
      "count": 2067000
    },
    "relative_mse": {
      "mean": 9683446784.0,
      "std": 760007819264.0,
      "variance": 5.776119083969764e+23,
      "count": 2067000
    }
  },
  "test2": {
    "mse": {
      "mean": 0.0012353850761428475,
      "std": 0.004607164300978184,
      "variance": 2.1225963791948743e-05,
      "count": 519000
    },
    "nmse": {
      "mean": 1.0359898805618286,
      "std": 6.3327107429504395,
      "variance": 40.10322570800781,
      "count": 519000
    },
    "mae": {
      "mean": 0.022350331768393517,
      "std": 0.027126511558890343,
      "variance": 0.0007358476868830621,
      "count": 519000
    },
    "nmae": {
      "mean": 0.587234377861023,
      "std": 0.8313517570495605,
      "variance": 0.6911457180976868,
      "count": 519000
    },
    "relative_mse": {
      "mean": 0.5531473755836487,
      "std": 2.840798854827881,
      "variance": 8.070137977600098,
      "count": 519000
    }
  }
}