{
  "test1": {
    "mse": {
      "mean": 0.0011877533979713917,
      "std": 0.005057519301772118,
      "variance": 2.5578501663403586e-05,
      "count": 2064000
    },
    "nmse": {
      "mean": 0.6275171041488647,
      "std": 3.3660292625427246,
      "variance": 11.33015251159668,
      "count": 2064000
    },
    "mae": {
      "mean": 0.02091546356678009,
      "std": 0.027391543611884117,
      "variance": 0.000750296690966934,
      "count": 2064000
    },
    "nmae": {
      "mean": 0.48910823464393616,
      "std": 0.6231294274330139,
      "variance": 0.38829025626182556,
      "count": 2064000
    },
    "relative_mse": {
      "mean": 0.38810694217681885,
      "std": 2.0010135173797607,
      "variance": 4.004055023193359,
      "count": 2064000
    }
  },
  "test2": {
    "mse": {
      "mean": 0.0012550815008580685,
      "std": 0.005020502954721451,
      "variance": 2.5205448764609173e-05,
      "count": 516000
    },
    "nmse": {
      "mean": 0.6474998593330383,
      "std": 4.171508312225342,
      "variance": 17.40148162841797,
      "count": 516000
    },
    "mae": {
      "mean": 0.021557379513978958,
      "std": 0.028113355860114098,
      "variance": 0.0007903607911430299,
      "count": 516000
    },
    "nmae": {
      "mean": 0.48652637004852295,
      "std": 0.6409305334091187,
      "variance": 0.4107919931411743,
      "count": 516000
    },
    "relative_mse": {
      "mean": 0.40877416729927063,
      "std": 5.458847522735596,
      "variance": 29.79901695251465,
      "count": 516000
    }
  },
  "valid1": {
    "mse": {
      "mean": 0.0010137149365618825
    },
    "nmse": {
      "mean": 0.6278253197669983
    },
    "mae": {
      "mean": 0.019306253641843796
    },
    "nmae": {
      "mean": 0.48303863406181335
    },
    "relative_mse": {
      "mean": 0.34773704409599304
    }
  },
  "valid2": {
    "mse": {
      "mean": 0.0010996718192473054
    },
    "nmse": {
      "mean": 0.5745485424995422
    },
    "mae": {
      "mean": 0.019980140030384064
    },
    "nmae": {
      "mean": 0.46821486949920654
    },
    "relative_mse": {
      "mean": 0.38021692633628845
    }
  }
}