{
  "test1": {
    "mse": {
      "mean": 0.0013492186553776264,
      "std": 0.005887678824365139,
      "variance": 3.466476118774153e-05,
      "count": 2199288
    },
    "nmse": {
      "mean": 3510624256.0,
      "std": 300177686528.0,
      "variance": 9.010665225014216e+22,
      "count": 2199288
    },
    "mae": {
      "mean": 0.02139645628631115,
      "std": 0.029856493696570396,
      "variance": 0.000891410221811384,
      "count": 2199288
    },
    "nmae": {
      "mean": 937.522216796875,
      "std": 59243.1015625,
      "variance": 3509744896.0,
      "count": 2199288
    },
    "relative_mse": {
      "mean": 3510624256.0,
      "std": 300177686528.0,
      "variance": 9.010665225014216e+22,
      "count": 2199288
    }
  },
  "test2": {
    "mse": {
      "mean": 0.0012314037885516882,
      "std": 0.005224710796028376,
      "variance": 2.7297603082843125e-05,
      "count": 552216
    },
    "nmse": {
      "mean": 0.728656530380249,
      "std": 5.826038837432861,
      "variance": 33.942726135253906,
      "count": 552216
    },
    "mae": {
      "mean": 0.020665377378463745,
      "std": 0.028360992670059204,
      "variance": 0.0008043459383770823,
      "count": 552216
    },
    "nmae": {
      "mean": 0.49888336658477783,
      "std": 0.6926556825637817,
      "variance": 0.4797719120979309,
      "count": 552216
    },
    "relative_mse": {
      "mean": 0.4445551633834839,
      "std": 3.180649995803833,
      "variance": 10.116534233093262,
      "count": 552216
    }
  }
}