{
  "test1": {
    "mse": {
      "mean": 3915257.0,
      "std": 151430016.0,
      "variance": 2.2931049436676096e+16,
      "count": 1266912
    },
    "nmse": {
      "mean": 0.2363584339618683,
      "std": 12.1223726272583,
      "variance": 146.951904296875,
      "count": 1266912
    },
    "mae": {
      "mean": 213.26193237304688,
      "std": 1967.1746826171875,
      "variance": 3869776.25,
      "count": 1266912
    },
    "nmae": {
      "mean": 0.27165254950523376,
      "std": 0.4031914174556732,
      "variance": 0.16256332397460938,
      "count": 1266912
    },
    "relative_mse": {
      "mean": 0.0324692465364933,
      "std": 0.7873379588127136,
      "variance": 0.6199010610580444,
      "count": 1266912
    }
  },
  "test2": {
    "mse": {
      "mean": 59372.65234375,
      "std": 629637.5625,
      "variance": 396443484160.0,
      "count": 320544
    },
    "nmse": {
      "mean": 0.2318369746208191,
      "std": 8.867981910705566,
      "variance": 78.64109802246094,
      "count": 320544
    },
    "mae": {
      "mean": 93.36904907226562,
      "std": 225.06637573242188,
      "variance": 50654.875,
      "count": 320544
    },
    "nmae": {
      "mean": 0.26880040764808655,
      "std": 0.3994787931442261,
      "variance": 0.15958331525325775,
      "count": 320544
    },
    "relative_mse": {
      "mean": 0.05910135805606842,
      "std": 1.2101000547409058,
      "variance": 1.4643422365188599,
      "count": 320544
    }
  }
}