{
  "test1": {
    "mse": {
      "mean": 158385.53125,
      "std": 8461546.0,
      "variance": 71597759135744.0,
      "count": 1266912
    },
    "nmse": {
      "mean": 0.2324935495853424,
      "std": 9.062660217285156,
      "variance": 82.1318130493164,
      "count": 1266912
    },
    "mae": {
      "mean": 105.95430755615234,
      "std": 383.6133728027344,
      "variance": 147159.21875,
      "count": 1266912
    },
    "nmae": {
      "mean": 0.277020663022995,
      "std": 0.394655704498291,
      "variance": 0.15575312077999115,
      "count": 1266912
    },
    "relative_mse": {
      "mean": 0.04000171273946762,
      "std": 0.8009718656539917,
      "variance": 0.641555905342102,
      "count": 1266912
    }
  },
  "test2": {
    "mse": {
      "mean": 15265954.0,
      "std": 313907968.0,
      "variance": 9.853822349135053e+16,
      "count": 320544
    },
    "nmse": {
      "mean": 0.2537773847579956,
      "std": 18.298789978027344,
      "variance": 334.8456726074219,
      "count": 320544
    },
    "mae": {
      "mean": 528.5834350585938,
      "std": 3871.2470703125,
      "variance": 14986553.0,
      "count": 320544
    },
    "nmae": {
      "mean": 0.2578967809677124,
      "std": 0.4327431619167328,
      "variance": 0.18726664781570435,
      "count": 320544
    },
    "relative_mse": {
      "mean": 0.030613679438829422,
      "std": 1.1728867292404175,
      "variance": 1.3756632804870605,
      "count": 320544
    }
  }
}