{
  "test1": {
    "mse": {
      "mean": 12.024651527404785,
      "std": 58.87334442138672,
      "variance": 3466.070556640625,
      "count": 1127496
    },
    "nmse": {
      "mean": 0.6449578404426575,
      "std": 5.654739856719971,
      "variance": 31.976083755493164,
      "count": 1127496
    },
    "mae": {
      "mean": 1.8863272666931152,
      "std": 2.9097115993499756,
      "variance": 8.466421127319336,
      "count": 1127496
    },
    "nmae": {
      "mean": 0.3455186188220978,
      "std": 0.7249653339385986,
      "variance": 0.5255747437477112,
      "count": 1127496
    },
    "relative_mse": {
      "mean": 2.572279691696167,
      "std": 25.593935012817383,
      "variance": 655.049560546875,
      "count": 1127496
    }
  },
  "test2": {
    "mse": {
      "mean": 12.814986228942871,
      "std": 56.92558670043945,
      "variance": 3240.522216796875,
      "count": 289632
    },
    "nmse": {
      "mean": 0.6457792520523071,
      "std": 5.3377275466918945,
      "variance": 28.491336822509766,
      "count": 289632
    },
    "mae": {
      "mean": 1.9765909910202026,
      "std": 2.9846396446228027,
      "variance": 8.908073425292969,
      "count": 289632
    },
    "nmae": {
      "mean": 0.3480263352394104,
      "std": 0.7243320941925049,
      "variance": 0.5246569514274597,
      "count": 289632
    },
    "relative_mse": {
      "mean": 2.5650248527526855,
      "std": 24.232925415039062,
      "variance": 587.234619140625,
      "count": 289632
    }
  }
}