{
  "test1": {
    "mse": {
      "mean": 3569629.5,
      "std": 125479272.0,
      "variance": 1.5745047311941632e+16,
      "count": 1183248
    },
    "nmse": {
      "mean": 0.16794751584529877,
      "std": 6.495765686035156,
      "variance": 42.19497299194336,
      "count": 1183248
    },
    "mae": {
      "mean": 208.6851043701172,
      "std": 1877.785888671875,
      "variance": 3526079.75,
      "count": 1183248
    },
    "nmae": {
      "mean": 0.25022977590560913,
      "std": 0.32454976439476013,
      "variance": 0.10533256083726883,
      "count": 1183248
    },
    "relative_mse": {
      "mean": 0.026697812601923943,
      "std": 0.4127506911754608,
      "variance": 0.17036312818527222,
      "count": 1183248
    }
  },
  "test2": {
    "mse": {
      "mean": 53938.7578125,
      "std": 625022.5625,
      "variance": 390653214720.0,
      "count": 299376
    },
    "nmse": {
      "mean": 0.15163742005825043,
      "std": 1.538129448890686,
      "variance": 2.365842342376709,
      "count": 299376
    },
    "mae": {
      "mean": 89.10452270507812,
      "std": 214.47410583496094,
      "variance": 45999.140625,
      "count": 299376
    },
    "nmae": {
      "mean": 0.24417392909526825,
      "std": 0.30334222316741943,
      "variance": 0.09201651066541672,
      "count": 299376
    },
    "relative_mse": {
      "mean": 0.045896727591753006,
      "std": 0.5697014331817627,
      "variance": 0.3245597183704376,
      "count": 299376
    }
  }
}