{
  "test1": {
    "mse": {
      "mean": 0.0015052453381940722,
      "std": 0.006136969663202763,
      "variance": 3.766239751712419e-05,
      "count": 1736280
    },
    "nmse": {
      "mean": 0.6824917793273926,
      "std": 3.6215713024139404,
      "variance": 13.115779876708984,
      "count": 1736280
    },
    "mae": {
      "mean": 0.023352984338998795,
      "std": 0.030981985852122307,
      "variance": 0.0009598834440112114,
      "count": 1736280
    },
    "nmae": {
      "mean": 0.5192884206771851,
      "std": 0.6425195336341858,
      "variance": 0.4128313660621643,
      "count": 1736280
    },
    "relative_mse": {
      "mean": 0.4235038459300995,
      "std": 3.8701093196868896,
      "variance": 14.977746963500977,
      "count": 1736280
    }
  },
  "test2": {
    "mse": {
      "mean": 0.0013365148333832622,
      "std": 0.005354090593755245,
      "variance": 2.8666285288636573e-05,
      "count": 435960
    },
    "nmse": {
      "mean": 0.8608085513114929,
      "std": 5.810810089111328,
      "variance": 33.7655143737793,
      "count": 435960
    },
    "mae": {
      "mean": 0.022319188341498375,
      "std": 0.02895459719002247,
      "variance": 0.0008383687236346304,
      "count": 435960
    },
    "nmae": {
      "mean": 0.5483177304267883,
      "std": 0.7484358549118042,
      "variance": 0.5601562261581421,
      "count": 435960
    },
    "relative_mse": {
      "mean": 0.49342626333236694,
      "std": 2.9012067317962646,
      "variance": 8.416999816894531,
      "count": 435960
    }
  }
}