{
  "test1": {
    "mse": {
      "mean": 12.081794738769531,
      "std": 55.26314926147461,
      "variance": 3054.015869140625,
      "count": 1127496
    },
    "nmse": {
      "mean": 0.914965033531189,
      "std": 8.350707054138184,
      "variance": 69.73430633544922,
      "count": 1127496
    },
    "mae": {
      "mean": 1.880102515220642,
      "std": 2.9235270023345947,
      "variance": 8.547009468078613,
      "count": 1127496
    },
    "nmae": {
      "mean": 0.3850540220737457,
      "std": 0.8756132125854492,
      "variance": 0.7666984796524048,
      "count": 1127496
    },
    "relative_mse": {
      "mean": 3.7669801712036133,
      "std": 41.444400787353516,
      "variance": 1717.6383056640625,
      "count": 1127496
    }
  },
  "test2": {
    "mse": {
      "mean": 13.078235626220703,
      "std": 59.77470016479492,
      "variance": 3573.014892578125,
      "count": 289632
    },
    "nmse": {
      "mean": 0.8271061182022095,
      "std": 7.0383172035217285,
      "variance": 49.53791046142578,
      "count": 289632
    },
    "mae": {
      "mean": 1.9498872756958008,
      "std": 3.0456814765930176,
      "variance": 9.276176452636719,
      "count": 289632
    },
    "nmae": {
      "mean": 0.37298139929771423,
      "std": 0.8294521570205688,
      "variance": 0.6879909038543701,
      "count": 289632
    },
    "relative_mse": {
      "mean": 3.27850604057312,
      "std": 32.24768829345703,
      "variance": 1039.913330078125,
      "count": 289632
    }
  }
}