{
  "test1": {
    "mse": {
      "mean": 0.0008913989877328277,
      "std": 0.005212521180510521,
      "variance": 2.7170377506990917e-05,
      "count": 2199288
    },
    "nmse": {
      "mean": 0.36594247817993164,
      "std": 7.974854946136475,
      "variance": 63.59830856323242,
      "count": 2199288
    },
    "mae": {
      "mean": 0.013546722009778023,
      "std": 0.026606114581227303,
      "variance": 0.0007078853086568415,
      "count": 2199288
    },
    "nmae": {
      "mean": 0.284111350774765,
      "std": 0.534062922000885,
      "variance": 0.28522318601608276,
      "count": 2199288
    },
    "relative_mse": {
      "mean": 0.24575641751289368,
      "std": 3.9195995330810547,
      "variance": 15.363261222839355,
      "count": 2199288
    }
  },
  "test2": {
    "mse": {
      "mean": 0.0009177587926387787,
      "std": 0.005508079193532467,
      "variance": 3.033893517567776e-05,
      "count": 552216
    },
    "nmse": {
      "mean": 0.3923349380493164,
      "std": 4.760051727294922,
      "variance": 22.658092498779297,
      "count": 552216
    },
    "mae": {
      "mean": 0.013626877218484879,
      "std": 0.02705673687160015,
      "variance": 0.0007320670410990715,
      "count": 552216
    },
    "nmae": {
      "mean": 0.2884311378002167,
      "std": 0.5560057759284973,
      "variance": 0.30914244055747986,
      "count": 552216
    },
    "relative_mse": {
      "mean": 0.25522130727767944,
      "std": 2.7333898544311523,
      "variance": 7.4714202880859375,
      "count": 552216
    }
  }
}