{
  "test1": {
    "mse": {
      "mean": 19.15497398376465,
      "std": 65.16065216064453,
      "variance": 4245.91064453125,
      "count": 1080408
    },
    "nmse": {
      "mean": 0.4177883565425873,
      "std": 1.8863332271575928,
      "variance": 3.558253049850464,
      "count": 1080408
    },
    "mae": {
      "mean": 2.3927507400512695,
      "std": 3.664658308029175,
      "variance": 13.429720878601074,
      "count": 1080408
    },
    "nmae": {
      "mean": 0.33636367321014404,
      "std": 0.551949143409729,
      "variance": 0.30464786291122437,
      "count": 1080408
    },
    "relative_mse": {
      "mean": 1.5185738801956177,
      "std": 8.723794937133789,
      "variance": 76.10460662841797,
      "count": 1080408
    }
  },
  "test2": {
    "mse": {
      "mean": 28.474885940551758,
      "std": 117.7492904663086,
      "variance": 13864.8955078125,
      "count": 277536
    },
    "nmse": {
      "mean": 0.4282127916812897,
      "std": 1.9484666585922241,
      "variance": 3.796522378921509,
      "count": 277536
    },
    "mae": {
      "mean": 2.7876346111297607,
      "std": 4.5501627922058105,
      "variance": 20.703981399536133,
      "count": 277536
    },
    "nmae": {
      "mean": 0.33860477805137634,
      "std": 0.5599639415740967,
      "variance": 0.3135596215724945,
      "count": 277536
    },
    "relative_mse": {
      "mean": 1.5917224884033203,
      "std": 8.920360565185547,
      "variance": 79.57282257080078,
      "count": 277536
    }
  }
}