{
  "test1": {
    "mse": {
      "mean": 0.0007781435851939023,
      "std": 0.0045866332948207855,
      "variance": 2.1037205442553386e-05,
      "count": 2298504
    },
    "nmse": {
      "mean": 0.3239162862300873,
      "std": 7.3644633293151855,
      "variance": 54.23531723022461,
      "count": 2298504
    },
    "mae": {
      "mean": 0.012825536541640759,
      "std": 0.02477194368839264,
      "variance": 0.0006136492011137307,
      "count": 2298504
    },
    "nmae": {
      "mean": 0.27014821767807007,
      "std": 0.5009353756904602,
      "variance": 0.25093621015548706,
      "count": 2298504
    },
    "relative_mse": {
      "mean": 1.0065902471542358,
      "std": 263.8259582519531,
      "variance": 69604.140625,
      "count": 2298504
    }
  },
  "test2": {
    "mse": {
      "mean": 0.0008093107608146966,
      "std": 0.004926568362861872,
      "variance": 2.4271073925774544e-05,
      "count": 577128
    },
    "nmse": {
      "mean": 0.3416699767112732,
      "std": 4.108072280883789,
      "variance": 16.876256942749023,
      "count": 577128
    },
    "mae": {
      "mean": 0.012927718460559845,
      "std": 0.025341367349028587,
      "variance": 0.000642184866592288,
      "count": 577128
    },
    "nmae": {
      "mean": 0.2741151452064514,
      "std": 0.5162662863731384,
      "variance": 0.266530841588974,
      "count": 577128
    },
    "relative_mse": {
      "mean": 0.8025791645050049,
      "std": 56.586883544921875,
      "variance": 3202.075439453125,
      "count": 577128
    }
  }
}