{
  "test1": {
    "mse": {
      "mean": 0.000808994984254241,
      "std": 0.004821595270186663,
      "variance": 2.3247783246915787e-05,
      "count": 1852032
    },
    "nmse": {
      "mean": 0.2817029058933258,
      "std": 2.4055776596069336,
      "variance": 5.786803245544434,
      "count": 1852032
    },
    "mae": {
      "mean": 0.012996065430343151,
      "std": 0.025300143286585808,
      "variance": 0.0006400973070412874,
      "count": 1852032
    },
    "nmae": {
      "mean": 0.2617504596710205,
      "std": 0.46172457933425903,
      "variance": 0.21318958699703217,
      "count": 1852032
    },
    "relative_mse": {
      "mean": 0.20298141241073608,
      "std": 1.6225378513336182,
      "variance": 2.632628917694092,
      "count": 1852032
    }
  },
  "test2": {
    "mse": {
      "mean": 0.0007261175778694451,
      "std": 0.00430387444794178,
      "variance": 1.8523336621001363e-05,
      "count": 465024
    },
    "nmse": {
      "mean": 0.3108150064945221,
      "std": 3.783944845199585,
      "variance": 14.318239212036133,
      "count": 465024
    },
    "mae": {
      "mean": 0.01238080020993948,
      "std": 0.023933937773108482,
      "variance": 0.0005728334072045982,
      "count": 465024
    },
    "nmae": {
      "mean": 0.2636878490447998,
      "std": 0.49120640754699707,
      "variance": 0.24128374457359314,
      "count": 465024
    },
    "relative_mse": {
      "mean": 0.2206324338912964,
      "std": 2.242244243621826,
      "variance": 5.027658939361572,
      "count": 465024
    }
  }
}