{
  "test1": {
    "mse": {
      "mean": 0.001208632136695087,
      "std": 0.005426720716059208,
      "variance": 2.944929656223394e-05,
      "count": 2298504
    },
    "nmse": {
      "mean": 3988901632.0,
      "std": 460866093056.0,
      "variance": 2.123975586613472e+23,
      "count": 2298504
    },
    "mae": {
      "mean": 0.019600551575422287,
      "std": 0.028713248670101166,
      "variance": 0.0008244506316259503,
      "count": 2298504
    },
    "nmae": {
      "mean": 923.3846435546875,
      "std": 63151.0,
      "variance": 3988048896.0,
      "count": 2298504
    },
    "relative_mse": {
      "mean": 3988901632.0,
      "std": 460866093056.0,
      "variance": 2.123975586613472e+23,
      "count": 2298504
    }
  },
  "test2": {
    "mse": {
      "mean": 0.0010518284980207682,
      "std": 0.00452813133597374,
      "variance": 2.0503972336882725e-05,
      "count": 577128
    },
    "nmse": {
      "mean": 0.6393117308616638,
      "std": 4.9242353439331055,
      "variance": 24.248090744018555,
      "count": 577128
    },
    "mae": {
      "mean": 0.0185833852738142,
      "std": 0.026579810306429863,
      "variance": 0.0007064863457344472,
      "count": 577128
    },
    "nmae": {
      "mean": 0.45243674516677856,
      "std": 0.6592516303062439,
      "variance": 0.4346126914024353,
      "count": 577128
    },
    "relative_mse": {
      "mean": 0.5523817539215088,
      "std": 24.682897567749023,
      "variance": 609.2454833984375,
      "count": 577128
    }
  }
}