{
  "test1": {
    "mse": {
      "mean": 0.0012191419955343008,
      "std": 0.005412584636360407,
      "variance": 2.9296073989826255e-05,
      "count": 2295168
    },
    "nmse": {
      "mean": 0.5909610986709595,
      "std": 5.285804748535156,
      "variance": 27.939729690551758,
      "count": 2295168
    },
    "mae": {
      "mean": 0.020007997751235962,
      "std": 0.028615066781640053,
      "variance": 0.0008188220672309399,
      "count": 2295168
    },
    "nmae": {
      "mean": 0.45862236618995667,
      "std": 0.6169494390487671,
      "variance": 0.3806266486644745,
      "count": 2295168
    },
    "relative_mse": {
      "mean": 1.0999935865402222,
      "std": 150.11692810058594,
      "variance": 22535.09375,
      "count": 2295168
    }
  },
  "test2": {
    "mse": {
      "mean": 0.0012689792783930898,
      "std": 0.005278501193970442,
      "variance": 2.786257755360566e-05,
      "count": 573792
    },
    "nmse": {
      "mean": 0.6413013339042664,
      "std": 10.448770523071289,
      "variance": 109.17681121826172,
      "count": 573792
    },
    "mae": {
      "mean": 0.02068212628364563,
      "std": 0.029003947973251343,
      "variance": 0.0008412289898842573,
      "count": 573792
    },
    "nmae": {
      "mean": 0.4629650115966797,
      "std": 0.6534253358840942,
      "variance": 0.426964670419693,
      "count": 573792
    },
    "relative_mse": {
      "mean": 2.0181522369384766,
      "std": 379.34027099609375,
      "variance": 143899.046875,
      "count": 573792
    }
  }
}