{
  "test1": {
    "mse": {
      "mean": 264835.53125,
      "std": 9445967.0,
      "variance": 89226301407232.0,
      "count": 1254960
    },
    "nmse": {
      "mean": 0.5061519742012024,
      "std": 22.55030632019043,
      "variance": 508.5163269042969,
      "count": 1254960
    },
    "mae": {
      "mean": 148.53919982910156,
      "std": 492.7185974121094,
      "variance": 242771.625,
      "count": 1254960
    },
    "nmae": {
      "mean": 0.328864723443985,
      "std": 0.6308724284172058,
      "variance": 0.39800000190734863,
      "count": 1254960
    },
    "relative_mse": {
      "mean": 0.05446121096611023,
      "std": 1.022036075592041,
      "variance": 1.044557809829712,
      "count": 1254960
    }
  },
  "test2": {
    "mse": {
      "mean": 36652996.0,
      "std": 829008000.0,
      "variance": 6.872542097073766e+17,
      "count": 317520
    },
    "nmse": {
      "mean": 0.3010570704936981,
      "std": 3.289821147918701,
      "variance": 10.82292366027832,
      "count": 317520
    },
    "mae": {
      "mean": 640.0298461914062,
      "std": 6020.24560546875,
      "variance": 36243356.0,
      "count": 317520
    },
    "nmae": {
      "mean": 0.3319931626319885,
      "std": 0.4368496537208557,
      "variance": 0.19083762168884277,
      "count": 317520
    },
    "relative_mse": {
      "mean": 0.03996685519814491,
      "std": 0.4755541682243347,
      "variance": 0.22615177929401398,
      "count": 317520
    }
  }
}