{
  "test1": {
    "mse": {
      "mean": 0.0008483341662213206,
      "std": 0.00475003058090806,
      "variance": 2.2562790036317892e-05,
      "count": 2298504
    },
    "nmse": {
      "mean": 0.33339473605155945,
      "std": 6.164273738861084,
      "variance": 37.998268127441406,
      "count": 2298504
    },
    "mae": {
      "mean": 0.014058206230401993,
      "std": 0.025508839637041092,
      "variance": 0.0006507009384222329,
      "count": 2298504
    },
    "nmae": {
      "mean": 0.2905099093914032,
      "std": 0.4989977180957794,
      "variance": 0.2489987164735794,
      "count": 2298504
    },
    "relative_mse": {
      "mean": 0.876632034778595,
      "std": 210.20750427246094,
      "variance": 44187.19140625,
      "count": 2298504
    }
  },
  "test2": {
    "mse": {
      "mean": 0.0007523514796048403,
      "std": 0.0041672526858747005,
      "variance": 1.736599369905889e-05,
      "count": 577128
    },
    "nmse": {
      "mean": 0.36292004585266113,
      "std": 8.89586353302002,
      "variance": 79.13638305664062,
      "count": 577128
    },
    "mae": {
      "mean": 0.013320278376340866,
      "std": 0.023977523669600487,
      "variance": 0.0005749216652475297,
      "count": 577128
    },
    "nmae": {
      "mean": 0.2909085750579834,
      "std": 0.5275341272354126,
      "variance": 0.2782922685146332,
      "count": 577128
    },
    "relative_mse": {
      "mean": 1.3519388437271118,
      "std": 320.1484375,
      "variance": 102495.0234375,
      "count": 577128
    }
  }
}