{
  "test1": {
    "mse": {
      "mean": 158379.65625,
      "std": 8454052.0,
      "variance": 71470998880256.0,
      "count": 1266912
    },
    "nmse": {
      "mean": 0.232540562748909,
      "std": 9.063278198242188,
      "variance": 82.14301300048828,
      "count": 1266912
    },
    "mae": {
      "mean": 106.00820922851562,
      "std": 383.5908203125,
      "variance": 147141.921875,
      "count": 1266912
    },
    "nmae": {
      "mean": 0.2770969867706299,
      "std": 0.39466166496276855,
      "variance": 0.1557578146457672,
      "count": 1266912
    },
    "relative_mse": {
      "mean": 0.03999658301472664,
      "std": 0.80068039894104,
      "variance": 0.6410890817642212,
      "count": 1266912
    }
  },
  "test2": {
    "mse": {
      "mean": 15284586.0,
      "std": 314630144.0,
      "variance": 9.8992132815061e+16,
      "count": 320544
    },
    "nmse": {
      "mean": 0.2538217604160309,
      "std": 18.29674530029297,
      "variance": 334.7709045410156,
      "count": 320544
    },
    "mae": {
      "mean": 528.8773193359375,
      "std": 3873.612548828125,
      "variance": 15004875.0,
      "count": 320544
    },
    "nmae": {
      "mean": 0.25797951221466064,
      "std": 0.43274515867233276,
      "variance": 0.18726837635040283,
      "count": 320544
    },
    "relative_mse": {
      "mean": 0.03061757981777191,
      "std": 1.1727638244628906,
      "variance": 1.3753749132156372,
      "count": 320544
    }
  },
  "valid1": {
    "mse": {
      "mean": 116637.3046875
    },
    "nmse": {
      "mean": 0.2694495618343353
    },
    "mae": {
      "mean": 95.6512451171875
    },
    "nmae": {
      "mean": 0.26219865679740906
    },
    "relative_mse": {
      "mean": 0.044828224927186966
    }
  },
  "valid2": {
    "mse": {
      "mean": 4253811.0
    },
    "nmse": {
      "mean": 0.2421564906835556
    },
    "mae": {
      "mean": 323.3119201660156
    },
    "nmae": {
      "mean": 0.24093401432037354
    },
    "relative_mse": {
      "mean": 0.029547065496444702
    }
  }
}