{
  "test1": {
    "mse": {
      "mean": 7336821.5,
      "std": 258963488.0,
      "variance": 6.706208321621197e+16,
      "count": 1171296
    },
    "nmse": {
      "mean": 0.23946063220500946,
      "std": 6.945403099060059,
      "variance": 48.23862838745117,
      "count": 1171296
    },
    "mae": {
      "mean": 266.77301025390625,
      "std": 2695.487548828125,
      "variance": 7265653.5,
      "count": 1171296
    },
    "nmae": {
      "mean": 0.2933425307273865,
      "std": 0.3916769027709961,
      "variance": 0.15341079235076904,
      "count": 1171296
    },
    "relative_mse": {
      "mean": 0.042253363877534866,
      "std": 0.6417149305343628,
      "variance": 0.41179803013801575,
      "count": 1171296
    }
  },
  "test2": {
    "mse": {
      "mean": 69918.546875,
      "std": 923305.25,
      "variance": 852492615680.0,
      "count": 296352
    },
    "nmse": {
      "mean": 0.2476203292608261,
      "std": 1.7706048488616943,
      "variance": 3.1350412368774414,
      "count": 296352
    },
    "mae": {
      "mean": 91.28016662597656,
      "std": 248.16622924804688,
      "variance": 61586.48046875,
      "count": 296352
    },
    "nmae": {
      "mean": 0.30067765712738037,
      "std": 0.3965013027191162,
      "variance": 0.15721328556537628,
      "count": 296352
    },
    "relative_mse": {
      "mean": 0.03379781171679497,
      "std": 0.3435000777244568,
      "variance": 0.11799230426549911,
      "count": 296352
    }
  }
}