{
  "test1": {
    "mse": {
      "mean": 0.0013719602720811963,
      "std": 0.00597074069082737,
      "variance": 3.5649743949761614e-05,
      "count": 2199288
    },
    "nmse": {
      "mean": 3212249344.0,
      "std": 270383923200.0,
      "variance": 7.310746867946092e+22,
      "count": 2199288
    },
    "mae": {
      "mean": 0.02137778326869011,
      "std": 0.03024815022945404,
      "variance": 0.0009149505640380085,
      "count": 2199288
    },
    "nmae": {
      "mean": 906.3410034179688,
      "std": 56669.4609375,
      "variance": 3211427840.0,
      "count": 2199288
    },
    "relative_mse": {
      "mean": 3212249344.0,
      "std": 270383923200.0,
      "variance": 7.310746867946092e+22,
      "count": 2199288
    }
  },
  "test2": {
    "mse": {
      "mean": 0.0011848339345306158,
      "std": 0.004902680870145559,
      "variance": 2.4036278773564845e-05,
      "count": 552216
    },
    "nmse": {
      "mean": 0.7058218717575073,
      "std": 4.713101863861084,
      "variance": 22.213329315185547,
      "count": 552216
    },
    "mae": {
      "mean": 0.020214848220348358,
      "std": 0.027860255911946297,
      "variance": 0.0007761938613839447,
      "count": 552216
    },
    "nmae": {
      "mean": 0.4989861249923706,
      "std": 0.6758954524993896,
      "variance": 0.4568346440792084,
      "count": 552216
    },
    "relative_mse": {
      "mean": 0.4070737957954407,
      "std": 2.3110251426696777,
      "variance": 5.340837478637695,
      "count": 552216
    }
  }
}