{
  "test1": {
    "mse": {
      "mean": 10.210490226745605,
      "std": 42.644203186035156,
      "variance": 1818.528076171875,
      "count": 1127496
    },
    "nmse": {
      "mean": 0.7446833252906799,
      "std": 7.424266815185547,
      "variance": 55.11973571777344,
      "count": 1127496
    },
    "mae": {
      "mean": 1.6475000381469727,
      "std": 2.7379250526428223,
      "variance": 7.496233940124512,
      "count": 1127496
    },
    "nmae": {
      "mean": 0.319288045167923,
      "std": 0.8017097115516663,
      "variance": 0.6427384614944458,
      "count": 1127496
    },
    "relative_mse": {
      "mean": 2.972214937210083,
      "std": 34.25328063964844,
      "variance": 1173.287109375,
      "count": 1127496
    }
  },
  "test2": {
    "mse": {
      "mean": 14.754794120788574,
      "std": 75.87444305419922,
      "variance": 5756.93115234375,
      "count": 289632
    },
    "nmse": {
      "mean": 0.7606702446937561,
      "std": 7.518235206604004,
      "variance": 56.52385711669922,
      "count": 289632
    },
    "mae": {
      "mean": 1.888439416885376,
      "std": 3.344935178756714,
      "variance": 11.188591003417969,
      "count": 289632
    },
    "nmae": {
      "mean": 0.32041656970977783,
      "std": 0.8111740946769714,
      "variance": 0.6580033898353577,
      "count": 289632
    },
    "relative_mse": {
      "mean": 3.1172127723693848,
      "std": 34.968544006347656,
      "variance": 1222.7989501953125,
      "count": 289632
    }
  }
}