{
  "test1": {
    "mse": {
      "mean": 0.000810978002846241,
      "std": 0.0048300884664058685,
      "variance": 2.332975600438658e-05,
      "count": 1964928
    },
    "nmse": {
      "mean": 0.29828885197639465,
      "std": 2.8290255069732666,
      "variance": 8.003384590148926,
      "count": 1964928
    },
    "mae": {
      "mean": 0.012797254137694836,
      "std": 0.025440288707613945,
      "variance": 0.0006472083041444421,
      "count": 1964928
    },
    "nmae": {
      "mean": 0.26254719495773315,
      "std": 0.47891318798065186,
      "variance": 0.22935782372951508,
      "count": 1964928
    },
    "relative_mse": {
      "mean": 0.21475525200366974,
      "std": 3.136582136154175,
      "variance": 9.83814811706543,
      "count": 1964928
    }
  },
  "test2": {
    "mse": {
      "mean": 0.0008222386240959167,
      "std": 0.004915315192192793,
      "variance": 2.4160324755939655e-05,
      "count": 491232
    },
    "nmse": {
      "mean": 0.30118924379348755,
      "std": 3.0992231369018555,
      "variance": 9.605183601379395,
      "count": 491232
    },
    "mae": {
      "mean": 0.012970052659511566,
      "std": 0.025573743507266045,
      "variance": 0.0006540163303725421,
      "count": 491232
    },
    "nmae": {
      "mean": 0.2627183794975281,
      "std": 0.4818384647369385,
      "variance": 0.2321683019399643,
      "count": 491232
    },
    "relative_mse": {
      "mean": 0.21539458632469177,
      "std": 1.712420105934143,
      "variance": 2.932382583618164,
      "count": 491232
    }
  }
}