{
  "test1": {
    "mse": {
      "mean": 0.3909989595413208,
      "std": 0.6748203635215759,
      "variance": 0.4553825557231903,
      "count": 1967784
    },
    "nmse": {
      "mean": 128.59384155273438,
      "std": 235.94992065429688,
      "variance": 55672.3671875,
      "count": 1967784
    },
    "mae": {
      "mean": 0.46078646183013916,
      "std": 0.42269936203956604,
      "variance": 0.17867474257946014,
      "count": 1967784
    },
    "nmae": {
      "mean": 9.110755920410156,
      "std": 6.751884937286377,
      "variance": 45.58795166015625,
      "count": 1967784
    },
    "relative_mse": {
      "mean": 154.8315887451172,
      "std": 6161.6064453125,
      "variance": 37965392.0,
      "count": 1967784
    }
  },
  "test2": {
    "mse": {
      "mean": 0.4095870852470398,
      "std": 0.885678231716156,
      "variance": 0.7844259738922119,
      "count": 494088
    },
    "nmse": {
      "mean": 112.01703643798828,
      "std": 141.58795166015625,
      "variance": 20047.1484375,
      "count": 494088
    },
    "mae": {
      "mean": 0.4540749192237854,
      "std": 0.45100224018096924,
      "variance": 0.20340301096439362,
      "count": 494088
    },
    "nmae": {
      "mean": 8.56561279296875,
      "std": 6.216696262359619,
      "variance": 38.64731216430664,
      "count": 494088
    },
    "relative_mse": {
      "mean": 98.66786193847656,
      "std": 175.8856964111328,
      "variance": 30935.77734375,
      "count": 494088
    }
  }
}