{
  "test1": {
    "mse": {
      "mean": 7283083.0,
      "std": 259439440.0,
      "variance": 6.730882049743258e+16,
      "count": 1171296
    },
    "nmse": {
      "mean": 0.23348508775234222,
      "std": 6.456969738006592,
      "variance": 41.69246292114258,
      "count": 1171296
    },
    "mae": {
      "mean": 254.9575653076172,
      "std": 2686.6484375,
      "variance": 7218080.0,
      "count": 1171296
    },
    "nmae": {
      "mean": 0.29522642493247986,
      "std": 0.3825264275074005,
      "variance": 0.1463264673948288,
      "count": 1171296
    },
    "relative_mse": {
      "mean": 0.043442972004413605,
      "std": 0.607657790184021,
      "variance": 0.36924803256988525,
      "count": 1171296
    }
  },
  "test2": {
    "mse": {
      "mean": 180949.40625,
      "std": 2069285.125,
      "variance": 4281941098496.0,
      "count": 296352
    },
    "nmse": {
      "mean": 0.26438108086586,
      "std": 5.199438095092773,
      "variance": 27.03415870666504,
      "count": 296352
    },
    "mae": {
      "mean": 131.05465698242188,
      "std": 404.6900939941406,
      "variance": 163774.078125,
      "count": 296352
    },
    "nmae": {
      "mean": 0.2886786162853241,
      "std": 0.4254946708679199,
      "variance": 0.18104572594165802,
      "count": 296352
    },
    "relative_mse": {
      "mean": 0.027767328545451164,
      "std": 0.4459197521209717,
      "variance": 0.19884443283081055,
      "count": 296352
    }
  },
  "valid1": {
    "mse": {
      "mean": 2149897.5
    },
    "nmse": {
      "mean": 0.37739142775535583
    },
    "mae": {
      "mean": 182.20091247558594
    },
    "nmae": {
      "mean": 0.28663480281829834
    },
    "relative_mse": {
      "mean": 0.06829102337360382
    }
  },
  "valid2": {
    "mse": {
      "mean": 151611.59375
    },
    "nmse": {
      "mean": 0.2068018913269043
    },
    "mae": {
      "mean": 121.6943359375
    },
    "nmae": {
      "mean": 0.2834679186344147
    },
    "relative_mse": {
      "mean": 0.02336348593235016
    }
  }
}