{
  "test1": {
    "mse": {
      "mean": 0.0015203900402411819,
      "std": 0.0056874570436775684,
      "variance": 3.234716859878972e-05,
      "count": 1852032
    },
    "nmse": {
      "mean": 4209768960.0,
      "std": 478750638080.0,
      "variance": 2.292021642101279e+23,
      "count": 1852032
    },
    "mae": {
      "mean": 0.02429223246872425,
      "std": 0.03050045296549797,
      "variance": 0.00093027763068676,
      "count": 1852032
    },
    "nmae": {
      "mean": 735.7421875,
      "std": 64878.55859375,
      "variance": 4209227520.0,
      "count": 1852032
    },
    "relative_mse": {
      "mean": 4209768960.0,
      "std": 478750638080.0,
      "variance": 2.292021642101279e+23,
      "count": 1852032
    }
  },
  "test2": {
    "mse": {
      "mean": 0.0016037599416449666,
      "std": 0.006319477688521147,
      "variance": 3.993579593952745e-05,
      "count": 465024
    },
    "nmse": {
      "mean": 0.6611809730529785,
      "std": 2.7068886756896973,
      "variance": 7.32724666595459,
      "count": 465024
    },
    "mae": {
      "mean": 0.02416658215224743,
      "std": 0.03193330764770508,
      "variance": 0.0010197361698374152,
      "count": 465024
    },
    "nmae": {
      "mean": 0.5234001278877258,
      "std": 0.6222806572914124,
      "variance": 0.3872332274913788,
      "count": 465024
    },
    "relative_mse": {
      "mean": 0.44346189498901367,
      "std": 1.9608042240142822,
      "variance": 3.8447532653808594,
      "count": 465024
    }
  }
}