{
  "test1": {
    "mse": {
      "mean": 0.0008896189974620938,
      "std": 0.004892268218100071,
      "variance": 2.3934286218718626e-05,
      "count": 1488240
    },
    "nmse": {
      "mean": 0.35743948817253113,
      "std": 2.639500379562378,
      "variance": 6.9669623374938965,
      "count": 1488240
    },
    "mae": {
      "mean": 0.01415430847555399,
      "std": 0.026254037395119667,
      "variance": 0.0006892745150253177,
      "count": 1488240
    },
    "nmae": {
      "mean": 0.30312108993530273,
      "std": 0.5153223276138306,
      "variance": 0.26555711030960083,
      "count": 1488240
    },
    "relative_mse": {
      "mean": 0.2504213750362396,
      "std": 2.085092544555664,
      "variance": 4.347610950469971,
      "count": 1488240
    }
  },
  "test2": {
    "mse": {
      "mean": 0.0009274467593058944,
      "std": 0.005498519632965326,
      "variance": 3.0233717552619055e-05,
      "count": 373680
    },
    "nmse": {
      "mean": 0.39037570357322693,
      "std": 4.180135250091553,
      "variance": 17.47353172302246,
      "count": 373680
    },
    "mae": {
      "mean": 0.014330838806927204,
      "std": 0.02687142975628376,
      "variance": 0.0007220737170428038,
      "count": 373680
    },
    "nmae": {
      "mean": 0.3078162968158722,
      "std": 0.5437139272689819,
      "variance": 0.29562482237815857,
      "count": 373680
    },
    "relative_mse": {
      "mean": 0.26438790559768677,
      "std": 2.3978068828582764,
      "variance": 5.749477863311768,
      "count": 373680
    }
  }
}