{
  "test1": {
    "mse": {
      "mean": 244778.5,
      "std": 9416155.0,
      "variance": 88663971069952.0,
      "count": 1171296
    },
    "nmse": {
      "mean": 0.2692438066005707,
      "std": 6.67324161529541,
      "variance": 44.53215026855469,
      "count": 1171296
    },
    "mae": {
      "mean": 146.9348907470703,
      "std": 472.4284362792969,
      "variance": 223188.640625,
      "count": 1171296
    },
    "nmae": {
      "mean": 0.3177327811717987,
      "std": 0.4102312922477722,
      "variance": 0.16828970611095428,
      "count": 1171296
    },
    "relative_mse": {
      "mean": 0.04912811890244484,
      "std": 0.6978479027748108,
      "variance": 0.4869917333126068,
      "count": 1171296
    }
  },
  "test2": {
    "mse": {
      "mean": 28476790.0,
      "std": 531776096.0,
      "variance": 2.8278583508913357e+17,
      "count": 296352
    },
    "nmse": {
      "mean": 0.27899444103240967,
      "std": 3.9318809509277344,
      "variance": 15.459688186645508,
      "count": 296352
    },
    "mae": {
      "mean": 610.9847412109375,
      "std": 5301.27197265625,
      "variance": 28103486.0,
      "count": 296352
    },
    "nmae": {
      "mean": 0.3274686634540558,
      "std": 0.41443783044815063,
      "variance": 0.1717587262392044,
      "count": 296352
    },
    "relative_mse": {
      "mean": 0.03991724178195,
      "std": 0.49016258120536804,
      "variance": 0.2402593493461609,
      "count": 296352
    }
  }
}