{
  "test1": {
    "mse": {
      "mean": 17.796438217163086,
      "std": 57.781005859375,
      "variance": 3338.644775390625,
      "count": 1080408
    },
    "nmse": {
      "mean": 0.3513101637363434,
      "std": 1.346756935119629,
      "variance": 1.8137542009353638,
      "count": 1080408
    },
    "mae": {
      "mean": 2.288684368133545,
      "std": 3.5437779426574707,
      "variance": 12.558362007141113,
      "count": 1080408
    },
    "nmae": {
      "mean": 0.31865325570106506,
      "std": 0.4997701942920685,
      "variance": 0.24977023899555206,
      "count": 1080408
    },
    "relative_mse": {
      "mean": 1.222035527229309,
      "std": 5.853572368621826,
      "variance": 34.26430892944336,
      "count": 1080408
    }
  },
  "test2": {
    "mse": {
      "mean": 26.2784481048584,
      "std": 103.90025329589844,
      "variance": 10795.26171875,
      "count": 277536
    },
    "nmse": {
      "mean": 0.36099356412887573,
      "std": 1.420637607574463,
      "variance": 2.0182113647460938,
      "count": 277536
    },
    "mae": {
      "mean": 2.654879570007324,
      "std": 4.385209560394287,
      "variance": 19.230064392089844,
      "count": 277536
    },
    "nmae": {
      "mean": 0.32020559906959534,
      "std": 0.5083915591239929,
      "variance": 0.25846195220947266,
      "count": 277536
    },
    "relative_mse": {
      "mean": 1.274067997932434,
      "std": 6.0048675537109375,
      "variance": 36.058433532714844,
      "count": 277536
    }
  }
}