{
  "test1": {
    "mse": {
      "mean": 0.000752932857722044,
      "std": 0.004481645300984383,
      "variance": 2.008514456974808e-05,
      "count": 2067000
    },
    "nmse": {
      "mean": 0.2605804204940796,
      "std": 2.407139301300049,
      "variance": 5.7943196296691895,
      "count": 2067000
    },
    "mae": {
      "mean": 0.01278197206556797,
      "std": 0.024280734360218048,
      "variance": 0.0005895540816709399,
      "count": 2067000
    },
    "nmae": {
      "mean": 0.2567916810512543,
      "std": 0.4411785304546356,
      "variance": 0.19463849067687988,
      "count": 2067000
    },
    "relative_mse": {
      "mean": 0.1922287493944168,
      "std": 2.8411571979522705,
      "variance": 8.072174072265625,
      "count": 2067000
    }
  },
  "test2": {
    "mse": {
      "mean": 0.0006769819301553071,
      "std": 0.003966832533478737,
      "variance": 1.5735760825918987e-05,
      "count": 519000
    },
    "nmse": {
      "mean": 0.28363946080207825,
      "std": 3.769062042236328,
      "variance": 14.205827713012695,
      "count": 519000
    },
    "mae": {
      "mean": 0.0121835395693779,
      "std": 0.022990068420767784,
      "variance": 0.0005285432562232018,
      "count": 519000
    },
    "nmae": {
      "mean": 0.25882846117019653,
      "std": 0.4654538631439209,
      "variance": 0.21664728224277496,
      "count": 519000
    },
    "relative_mse": {
      "mean": 0.20405909419059753,
      "std": 1.9399418830871582,
      "variance": 3.7633743286132812,
      "count": 519000
    }
  }
}