{
  "test1": {
    "mse": {
      "mean": 0.0008454557391814888,
      "std": 0.004964159801602364,
      "variance": 2.4642882635816932e-05,
      "count": 1967784
    },
    "nmse": {
      "mean": 41549148.0,
      "std": 4459529728.0,
      "variance": 1.9887403373258867e+19,
      "count": 1967784
    },
    "mae": {
      "mean": 0.01336850505322218,
      "std": 0.02582128718495369,
      "variance": 0.0006667388952337205,
      "count": 1967784
    },
    "nmae": {
      "mean": 82.87503051757812,
      "std": 6445.330078125,
      "variance": 41542280.0,
      "count": 1967784
    },
    "relative_mse": {
      "mean": 41549148.0,
      "std": 4459529728.0,
      "variance": 1.9887403373258867e+19,
      "count": 1967784
    }
  },
  "test2": {
    "mse": {
      "mean": 0.0007332473178394139,
      "std": 0.0041617462411522865,
      "variance": 1.732013151922729e-05,
      "count": 494088
    },
    "nmse": {
      "mean": 0.316123366355896,
      "std": 3.659027338027954,
      "variance": 13.388481140136719,
      "count": 494088
    },
    "mae": {
      "mean": 0.012530341744422913,
      "std": 0.024004952982068062,
      "variance": 0.0005762377404607832,
      "count": 494088
    },
    "nmae": {
      "mean": 0.2755833864212036,
      "std": 0.49007874727249146,
      "variance": 0.240177184343338,
      "count": 494088
    },
    "relative_mse": {
      "mean": 0.20662115514278412,
      "std": 1.7940189838409424,
      "variance": 3.218503952026367,
      "count": 494088
    }
  }
}