{
  "test1": {
    "mse": {
      "mean": 0.0008155080140568316,
      "std": 0.004862175323069096,
      "variance": 2.3640748622710817e-05,
      "count": 1964928
    },
    "nmse": {
      "mean": 0.3056171238422394,
      "std": 2.837230682373047,
      "variance": 8.049878120422363,
      "count": 1964928
    },
    "mae": {
      "mean": 0.012987743131816387,
      "std": 0.025432784110307693,
      "variance": 0.0006468265200965106,
      "count": 1964928
    },
    "nmae": {
      "mean": 0.2717845141887665,
      "std": 0.48140451312065125,
      "variance": 0.23175029456615448,
      "count": 1964928
    },
    "relative_mse": {
      "mean": 0.2180176079273224,
      "std": 1.9332720041275024,
      "variance": 3.7375407218933105,
      "count": 1964928
    }
  },
  "test2": {
    "mse": {
      "mean": 0.0008377887425012887,
      "std": 0.004718209616839886,
      "variance": 2.2261503545450978e-05,
      "count": 491232
    },
    "nmse": {
      "mean": 0.30307555198669434,
      "std": 3.012988567352295,
      "variance": 9.078100204467773,
      "count": 491232
    },
    "mae": {
      "mean": 0.013483405113220215,
      "std": 0.025612233206629753,
      "variance": 0.0006559865432791412,
      "count": 491232
    },
    "nmae": {
      "mean": 0.2743121385574341,
      "std": 0.47731372714042664,
      "variance": 0.22782838344573975,
      "count": 491232
    },
    "relative_mse": {
      "mean": 0.21801133453845978,
      "std": 5.130082607269287,
      "variance": 26.3177490234375,
      "count": 491232
    }
  }
}