{
  "test1": {
    "mse": {
      "mean": 0.0008125404128804803,
      "std": 0.004800109192728996,
      "variance": 2.3041047825245187e-05,
      "count": 1852032
    },
    "nmse": {
      "mean": 45082964.0,
      "std": 5281621504.0,
      "variance": 2.789552479035143e+19,
      "count": 1852032
    },
    "mae": {
      "mean": 0.013176190666854382,
      "std": 0.0252770334482193,
      "variance": 0.0006389284390024841,
      "count": 1852032
    },
    "nmae": {
      "mean": 74.59623718261719,
      "std": 6713.97021484375,
      "variance": 45077400.0,
      "count": 1852032
    },
    "relative_mse": {
      "mean": 45082964.0,
      "std": 5281621504.0,
      "variance": 2.789552479035143e+19,
      "count": 1852032
    }
  },
  "test2": {
    "mse": {
      "mean": 0.000731372507289052,
      "std": 0.004262304864823818,
      "variance": 1.8167243979405612e-05,
      "count": 465024
    },
    "nmse": {
      "mean": 0.3179399073123932,
      "std": 3.7616522312164307,
      "variance": 14.15002727508545,
      "count": 465024
    },
    "mae": {
      "mean": 0.012594390660524368,
      "std": 0.02393227629363537,
      "variance": 0.0005727538955397904,
      "count": 465024
    },
    "nmae": {
      "mean": 0.2731156647205353,
      "std": 0.4933029115200043,
      "variance": 0.24334774911403656,
      "count": 465024
    },
    "relative_mse": {
      "mean": 0.2244926542043686,
      "std": 2.2171876430511475,
      "variance": 4.915920734405518,
      "count": 465024
    }
  }
}