{
  "test1": {
    "mse": {
      "mean": 0.0013753901002928615,
      "std": 0.005378541070967913,
      "variance": 2.8928705432917923e-05,
      "count": 2067000
    },
    "nmse": {
      "mean": 0.8128713369369507,
      "std": 4.7594428062438965,
      "variance": 22.652294158935547,
      "count": 2067000
    },
    "mae": {
      "mean": 0.02256733365356922,
      "std": 0.02942967228591442,
      "variance": 0.0008661056053824723,
      "count": 2067000
    },
    "nmae": {
      "mean": 0.5327171087265015,
      "std": 0.7273814082145691,
      "variance": 0.5290837287902832,
      "count": 2067000
    },
    "relative_mse": {
      "mean": 0.4773632884025574,
      "std": 3.524012804031372,
      "variance": 12.41866683959961,
      "count": 2067000
    }
  },
  "test2": {
    "mse": {
      "mean": 0.0014697256265208125,
      "std": 0.0060140350833535194,
      "variance": 3.616861431510188e-05,
      "count": 519000
    },
    "nmse": {
      "mean": 38945509376.0,
      "std": 1582923251712.0,
      "variance": 2.5056460353443174e+24,
      "count": 519000
    },
    "mae": {
      "mean": 0.023117639124393463,
      "std": 0.03058267943561077,
      "variance": 0.0009353003115393221,
      "count": 519000
    },
    "nmae": {
      "mean": 6270.650390625,
      "std": 197246.515625,
      "variance": 38906187776.0,
      "count": 519000
    },
    "relative_mse": {
      "mean": 38945509376.0,
      "std": 1582923251712.0,
      "variance": 2.5056460353443174e+24,
      "count": 519000
    }
  }
}