{
  "test1": {
    "mse": {
      "mean": 0.000886893249116838,
      "std": 0.005133022088557482,
      "variance": 2.6347915991209447e-05,
      "count": 2199288
    },
    "nmse": {
      "mean": 0.3792225122451782,
      "std": 8.203008651733398,
      "variance": 67.28936004638672,
      "count": 2199288
    },
    "mae": {
      "mean": 0.01350967027246952,
      "std": 0.026540197432041168,
      "variance": 0.0007043820223771036,
      "count": 2199288
    },
    "nmae": {
      "mean": 0.28544431924819946,
      "std": 0.5456593036651611,
      "variance": 0.2977440357208252,
      "count": 2199288
    },
    "relative_mse": {
      "mean": 0.24757370352745056,
      "std": 4.011770725250244,
      "variance": 16.094303131103516,
      "count": 2199288
    }
  },
  "test2": {
    "mse": {
      "mean": 0.0009308496955782175,
      "std": 0.005736959166824818,
      "variance": 3.291269968030974e-05,
      "count": 552216
    },
    "nmse": {
      "mean": 0.336795836687088,
      "std": 2.8383421897888184,
      "variance": 8.05618667602539,
      "count": 552216
    },
    "mae": {
      "mean": 0.013695326633751392,
      "std": 0.027263304218649864,
      "variance": 0.0007432877318933606,
      "count": 552216
    },
    "nmae": {
      "mean": 0.2817441523075104,
      "std": 0.507361888885498,
      "variance": 0.2574160695075989,
      "count": 552216
    },
    "relative_mse": {
      "mean": 0.2455655038356781,
      "std": 2.131971836090088,
      "variance": 4.545304298400879,
      "count": 552216
    }
  }
}