{
  "test1": {
    "mse": {
      "mean": 0.0009972996776923537,
      "std": 0.004665507469326258,
      "variance": 2.1766960344393738e-05,
      "count": 2067000
    },
    "nmse": {
      "mean": 0.3524538576602936,
      "std": 2.791259288787842,
      "variance": 7.791128635406494,
      "count": 2067000
    },
    "mae": {
      "mean": 0.017124734818935394,
      "std": 0.026533812284469604,
      "variance": 0.0007040431373752654,
      "count": 2067000
    },
    "nmae": {
      "mean": 0.34570613503456116,
      "std": 0.48263978958129883,
      "variance": 0.2329411655664444,
      "count": 2067000
    },
    "relative_mse": {
      "mean": 0.27391454577445984,
      "std": 2.984428644180298,
      "variance": 8.906814575195312,
      "count": 2067000
    }
  },
  "test2": {
    "mse": {
      "mean": 0.0010246171150356531,
      "std": 0.0052772099152207375,
      "variance": 2.7848944228026085e-05,
      "count": 519000
    },
    "nmse": {
      "mean": 0.3225477933883667,
      "std": 1.9961154460906982,
      "variance": 3.9844765663146973,
      "count": 519000
    },
    "mae": {
      "mean": 0.017023317515850067,
      "std": 0.027107631787657738,
      "variance": 0.0007348237559199333,
      "count": 519000
    },
    "nmae": {
      "mean": 0.33473896980285645,
      "std": 0.45880022644996643,
      "variance": 0.2104976326227188,
      "count": 519000
    },
    "relative_mse": {
      "mean": 0.26231706142425537,
      "std": 1.356217622756958,
      "variance": 1.83932626247406,
      "count": 519000
    }
  }
}