{
  "test1": {
    "mse": {
      "mean": 0.0007331370143219829,
      "std": 0.004377987235784531,
      "variance": 1.916677319968585e-05,
      "count": 2064000
    },
    "nmse": {
      "mean": 0.2645789086818695,
      "std": 2.8359410762786865,
      "variance": 8.042562484741211,
      "count": 2064000
    },
    "mae": {
      "mean": 0.012496914714574814,
      "std": 0.024020077660679817,
      "variance": 0.0005769641138613224,
      "count": 2064000
    },
    "nmae": {
      "mean": 0.25328266620635986,
      "std": 0.44769054651260376,
      "variance": 0.20042681694030762,
      "count": 2064000
    },
    "relative_mse": {
      "mean": 0.1942220777273178,
      "std": 2.9248616695404053,
      "variance": 8.554816246032715,
      "count": 2064000
    }
  },
  "test2": {
    "mse": {
      "mean": 0.0007428483804687858,
      "std": 0.004494188353419304,
      "variance": 2.0197727280901745e-05,
      "count": 516000
    },
    "nmse": {
      "mean": 0.2563575506210327,
      "std": 2.36013126373291,
      "variance": 5.57021951675415,
      "count": 516000
    },
    "mae": {
      "mean": 0.012630177661776543,
      "std": 0.024152163416147232,
      "variance": 0.0005833269678987563,
      "count": 516000
    },
    "nmae": {
      "mean": 0.2525531053543091,
      "std": 0.4388331472873688,
      "variance": 0.19257451593875885,
      "count": 516000
    },
    "relative_mse": {
      "mean": 0.18866166472434998,
      "std": 1.3665589094161987,
      "variance": 1.867483139038086,
      "count": 516000
    }
  }
}