{
  "test1": {
    "mse": {
      "mean": 338872544.0,
      "std": 7154171392.0,
      "variance": 5.1182165117903045e+19,
      "count": 1171296
    },
    "nmse": {
      "mean": 65.76006317138672,
      "std": 1154.5936279296875,
      "variance": 1333086.5,
      "count": 1171296
    },
    "mae": {
      "mean": 2883.24609375,
      "std": 18181.29296875,
      "variance": 330559424.0,
      "count": 1171296
    },
    "nmae": {
      "mean": 4.5075788497924805,
      "std": 6.741053104400635,
      "variance": 45.441795349121094,
      "count": 1171296
    },
    "relative_mse": {
      "mean": 1.7654591798782349,
      "std": 4.066226959228516,
      "variance": 16.534202575683594,
      "count": 1171296
    }
  },
  "test2": {
    "mse": {
      "mean": 17909652.0,
      "std": 89148744.0,
      "variance": 7947499289444352.0,
      "count": 296352
    },
    "nmse": {
      "mean": 124.43475341796875,
      "std": 578.2672119140625,
      "variance": 334392.96875,
      "count": 296352
    },
    "mae": {
      "mean": 1764.482177734375,
      "std": 3846.59033203125,
      "variance": 14796257.0,
      "count": 296352
    },
    "nmae": {
      "mean": 5.796879768371582,
      "std": 9.530527114868164,
      "variance": 90.83094787597656,
      "count": 296352
    },
    "relative_mse": {
      "mean": 2.781296730041504,
      "std": 10.447009086608887,
      "variance": 109.13999938964844,
      "count": 296352
    }
  },
  "valid1": {
    "mse": {
      "mean": 136534544.0
    },
    "nmse": {
      "mean": 102.16795349121094
    },
    "mae": {
      "mean": 2377.432861328125
    },
    "nmae": {
      "mean": 4.516757488250732
    },
    "relative_mse": {
      "mean": 1.7640503644943237
    }
  },
  "valid2": {
    "mse": {
      "mean": 13431674.0
    },
    "nmse": {
      "mean": 95.52276611328125
    },
    "mae": {
      "mean": 1597.230224609375
    },
    "nmae": {
      "mean": 5.283196926116943
    },
    "relative_mse": {
      "mean": 2.7515830993652344
    }
  }
}