{
  "test1": {
    "mse": {
      "mean": 0.0008068527095019817,
      "std": 0.004838929977267981,
      "variance": 2.3415243049385026e-05,
      "count": 1733760
    },
    "nmse": {
      "mean": 0.32333895564079285,
      "std": 3.241659164428711,
      "variance": 10.508354187011719,
      "count": 1733760
    },
    "mae": {
      "mean": 0.013011744245886803,
      "std": 0.025249697268009186,
      "variance": 0.0006375471712090075,
      "count": 1733760
    },
    "nmae": {
      "mean": 0.2732000946998596,
      "std": 0.49869897961616516,
      "variance": 0.24870067834854126,
      "count": 1733760
    },
    "relative_mse": {
      "mean": 0.22441022098064423,
      "std": 2.207364320755005,
      "variance": 4.872457504272461,
      "count": 1733760
    }
  },
  "test2": {
    "mse": {
      "mean": 0.0008235808927565813,
      "std": 0.004571711644530296,
      "variance": 2.0900548406643793e-05,
      "count": 433440
    },
    "nmse": {
      "mean": 0.3050966262817383,
      "std": 2.975048065185547,
      "variance": 8.850911140441895,
      "count": 433440
    },
    "mae": {
      "mean": 0.013528003357350826,
      "std": 0.025309564545750618,
      "variance": 0.0006405740277841687,
      "count": 433440
    },
    "nmae": {
      "mean": 0.2726600468158722,
      "std": 0.4803676903247833,
      "variance": 0.23075313866138458,
      "count": 433440
    },
    "relative_mse": {
      "mean": 0.22039592266082764,
      "std": 6.078510761260986,
      "variance": 36.94829177856445,
      "count": 433440
    }
  }
}