{
  "test1": {
    "mse": {
      "mean": 1.1627711057662964,
      "std": 2.1863155364990234,
      "variance": 4.779974937438965,
      "count": 1736280
    },
    "nmse": {
      "mean": 362.4811096191406,
      "std": 557.9894409179688,
      "variance": 311352.1875,
      "count": 1736280
    },
    "mae": {
      "mean": 0.7751910090446472,
      "std": 0.7495666146278381,
      "variance": 0.5618500709533691,
      "count": 1736280
    },
    "nmae": {
      "mean": 15.078765869140625,
      "std": 11.623764038085938,
      "variance": 135.1118927001953,
      "count": 1736280
    },
    "relative_mse": {
      "mean": 312.3849182128906,
      "std": 1419.07958984375,
      "variance": 2013786.875,
      "count": 1736280
    }
  },
  "test2": {
    "mse": {
      "mean": 0.9997943043708801,
      "std": 1.9983261823654175,
      "variance": 3.993307590484619,
      "count": 435960
    },
    "nmse": {
      "mean": 335.4186706542969,
      "std": 460.4567565917969,
      "variance": 212020.421875,
      "count": 435960
    },
    "mae": {
      "mean": 0.701312780380249,
      "std": 0.7127092480659485,
      "variance": 0.507954478263855,
      "count": 435960
    },
    "nmae": {
      "mean": 14.354212760925293,
      "std": 11.374322891235352,
      "variance": 129.37522888183594,
      "count": 435960
    },
    "relative_mse": {
      "mean": 252.53182983398438,
      "std": 523.3035888671875,
      "variance": 273846.65625,
      "count": 435960
    }
  }
}