{
  "test1": {
    "mse": {
      "mean": 9478183.0,
      "std": 412698208.0,
      "variance": 1.703198143409029e+17,
      "count": 1254960
    },
    "nmse": {
      "mean": 0.31900754570961,
      "std": 8.995028495788574,
      "variance": 80.9105453491211,
      "count": 1254960
    },
    "mae": {
      "mean": 280.1188659667969,
      "std": 3065.895751953125,
      "variance": 9399717.0,
      "count": 1254960
    },
    "nmae": {
      "mean": 0.3238680064678192,
      "std": 0.4627278447151184,
      "variance": 0.21411705017089844,
      "count": 1254960
    },
    "relative_mse": {
      "mean": 0.04701099917292595,
      "std": 0.8980032205581665,
      "variance": 0.8064097166061401,
      "count": 1254960
    }
  },
  "test2": {
    "mse": {
      "mean": 88729.4140625,
      "std": 816283.1875,
      "variance": 666318274560.0,
      "count": 317520
    },
    "nmse": {
      "mean": 1.0358048677444458,
      "std": 41.361446380615234,
      "variance": 1710.7694091796875,
      "count": 317520
    },
    "mae": {
      "mean": 113.88164520263672,
      "std": 275.2460632324219,
      "variance": 75760.390625,
      "count": 317520
    },
    "nmae": {
      "mean": 0.3418302536010742,
      "std": 0.958622395992279,
      "variance": 0.9189568758010864,
      "count": 317520
    },
    "relative_mse": {
      "mean": 0.06899271160364151,
      "std": 1.1306034326553345,
      "variance": 1.2782641649246216,
      "count": 317520
    }
  }
}