{
  "test1": {
    "mse": {
      "mean": 167652.15625,
      "std": 8294794.5,
      "variance": 68803618668544.0,
      "count": 1266912
    },
    "nmse": {
      "mean": 0.25218918919563293,
      "std": 9.0682373046875,
      "variance": 82.2329330444336,
      "count": 1266912
    },
    "mae": {
      "mean": 112.2366714477539,
      "std": 393.7703857421875,
      "variance": 155055.109375,
      "count": 1266912
    },
    "nmae": {
      "mean": 0.2934512794017792,
      "std": 0.40752366185188293,
      "variance": 0.16607554256916046,
      "count": 1266912
    },
    "relative_mse": {
      "mean": 0.04541632533073425,
      "std": 0.8299718499183655,
      "variance": 0.6888532638549805,
      "count": 1266912
    }
  },
  "test2": {
    "mse": {
      "mean": 14410331.0,
      "std": 291193952.0,
      "variance": 8.479390723735552e+16,
      "count": 320544
    },
    "nmse": {
      "mean": 0.2777229845523834,
      "std": 18.455045700073242,
      "variance": 340.5887145996094,
      "count": 320544
    },
    "mae": {
      "mean": 538.526611328125,
      "std": 3757.701171875,
      "variance": 14120318.0,
      "count": 320544
    },
    "nmae": {
      "mean": 0.27745741605758667,
      "std": 0.44804054498672485,
      "variance": 0.20074033737182617,
      "count": 320544
    },
    "relative_mse": {
      "mean": 0.03624511510133743,
      "std": 1.1964986324310303,
      "variance": 1.431609034538269,
      "count": 320544
    }
  },
  "valid1": {
    "mse": {
      "mean": 129200.421875
    },
    "nmse": {
      "mean": 0.28955453634262085
    },
    "mae": {
      "mean": 102.7534408569336
    },
    "nmae": {
      "mean": 0.2809259593486786
    },
    "relative_mse": {
      "mean": 0.04900890961289406
    }
  },
  "valid2": {
    "mse": {
      "mean": 4375099.0
    },
    "nmse": {
      "mean": 0.2655409574508667
    },
    "mae": {
      "mean": 342.9871520996094
    },
    "nmae": {
      "mean": 0.2632773816585541
    },
    "relative_mse": {
      "mean": 0.034845199435949326
    }
  }
}