{
  "test1": {
    "mse": {
      "mean": 12.038171768188477,
      "std": 44.825889587402344,
      "variance": 2009.3604736328125,
      "count": 1127496
    },
    "nmse": {
      "mean": 0.9045920968055725,
      "std": 8.20069408416748,
      "variance": 67.25138854980469,
      "count": 1127496
    },
    "mae": {
      "mean": 2.00774884223938,
      "std": 2.8296847343444824,
      "variance": 8.007116317749023,
      "count": 1127496
    },
    "nmae": {
      "mean": 0.4069083034992218,
      "std": 0.8596614003181458,
      "variance": 0.7390176653862,
      "count": 1127496
    },
    "relative_mse": {
      "mean": 3.719966173171997,
      "std": 40.34593963623047,
      "variance": 1627.7947998046875,
      "count": 1127496
    }
  },
  "test2": {
    "mse": {
      "mean": 18.35988426208496,
      "std": 82.39091491699219,
      "variance": 6788.26318359375,
      "count": 289632
    },
    "nmse": {
      "mean": 0.9223262071609497,
      "std": 8.806079864501953,
      "variance": 77.54704284667969,
      "count": 289632
    },
    "mae": {
      "mean": 2.3333640098571777,
      "std": 3.5937860012054443,
      "variance": 12.915297508239746,
      "count": 289632
    },
    "nmae": {
      "mean": 0.40074026584625244,
      "std": 0.8727734088897705,
      "variance": 0.7617334723472595,
      "count": 289632
    },
    "relative_mse": {
      "mean": 3.903855562210083,
      "std": 45.2418327331543,
      "variance": 2046.8233642578125,
      "count": 289632
    }
  }
}